pattern,metric_name,input_type,size,run_id,elapsed_sec,status
dense-fragmented,adc,binary,256,0,0.0005436744540929,ok
dense-fragmented,adc,binary,256,1,0.0005625151097774,ok
dense-fragmented,adc,binary,256,2,0.0004609869793057,ok
dense-fragmented,adc,binary,256,3,0.0004683546721935,ok
dense-fragmented,adc,binary,256,4,0.0004669968038797,ok
dense-fragmented,adc,binary,512,0,0.0005147568881511,ok
dense-fragmented,adc,binary,512,1,0.0004787752404808,ok
dense-fragmented,adc,binary,512,2,0.0004806723445653,ok
dense-fragmented,adc,binary,512,3,0.0005572773516178,ok
dense-fragmented,adc,binary,512,4,0.0006593791767954,ok
dense-fragmented,adc,binary,1024,0,0.0006331363692879,ok
dense-fragmented,adc,binary,1024,1,0.0006534457206726,ok
dense-fragmented,adc,binary,1024,2,0.0006484482437372,ok
dense-fragmented,adc,binary,1024,3,0.000658999197185,ok
dense-fragmented,adc,binary,1024,4,0.0006554005667567,ok
dense-fragmented,adc,binary,2048,0,0.0006699915975332,ok
dense-fragmented,adc,binary,2048,1,0.0006915358826518,ok
dense-fragmented,adc,binary,2048,2,0.0007088501006364,ok
dense-fragmented,adc,binary,2048,3,0.0007093399763107,ok
dense-fragmented,adc,binary,2048,4,0.0006943717598915,ok
dense-fragmented,adc,binary,4096,0,0.0007563726976513,ok
dense-fragmented,adc,binary,4096,1,0.0007770080119371,ok
dense-fragmented,adc,binary,4096,2,0.000777899287641,ok
dense-fragmented,adc,binary,4096,3,0.0007783528417348,ok
dense-fragmented,adc,binary,4096,4,0.0007962463423609,ok
dense-fragmented,adc,binary,8192,0,0.0009206840768456,ok
dense-fragmented,adc,binary,8192,1,0.0009776875376701,ok
dense-fragmented,adc,binary,8192,2,0.0009327568113803,ok
dense-fragmented,adc,binary,8192,3,0.0009335950016975,ok
dense-fragmented,adc,binary,8192,4,0.0009532738476991,ok
dense-fragmented,adc,binary,16384,0,0.0012276787310838,ok
dense-fragmented,adc,binary,16384,1,0.0012681521475315,ok
dense-fragmented,adc,binary,16384,2,0.0012464197352528,ok
dense-fragmented,adc,binary,16384,3,0.001266473904252,ok
dense-fragmented,adc,binary,16384,4,0.001246896572411,ok
dense-fragmented,adc,binary,32768,0,0.0019241124391555,ok
dense-fragmented,adc,binary,32768,1,0.0018772017210721,ok
dense-fragmented,adc,binary,32768,2,0.0018486073240637,ok
dense-fragmented,adc,binary,32768,3,0.0018708957359194,ok
dense-fragmented,adc,binary,32768,4,0.0018348833546042,ok
dense-fragmented,adc,binary,65536,0,0.0029430966824293,ok
dense-fragmented,adc,binary,65536,1,0.0029435940086841,ok
dense-fragmented,adc,binary,65536,2,0.0029527014121413,ok
dense-fragmented,adc,binary,65536,3,0.00295574311167,ok
dense-fragmented,adc,binary,65536,4,0.0029357429593801,ok
dense-fragmented,adc,binary,131072,0,0.0063273813575506,ok
dense-fragmented,adc,binary,131072,1,0.0063333436846733,ok
dense-fragmented,adc,binary,131072,2,0.0063273021951317,ok
dense-fragmented,adc,binary,131072,3,0.0063491268083453,ok
dense-fragmented,adc,binary,131072,4,0.0063970945775508,ok
dense-fragmented,adc,binary,262144,0,0.0114342030137777,ok
dense-fragmented,adc,binary,262144,1,0.0113150905817747,ok
dense-fragmented,adc,binary,262144,2,0.0112579744309186,ok
dense-fragmented,adc,binary,262144,3,0.0113125387579202,ok
dense-fragmented,adc,binary,262144,4,0.011374264024198,ok
dense-fragmented,adc,binary,524288,0,0.0226019984111189,ok
dense-fragmented,adc,binary,524288,1,0.0224956516176462,ok
dense-fragmented,adc,binary,524288,2,0.0225093215703964,ok
dense-fragmented,adc,binary,524288,3,0.0225345138460397,ok
dense-fragmented,adc,binary,524288,4,0.0226702485233545,ok
dense-fragmented,adc,binary,1048576,0,0.0441563846543431,ok
dense-fragmented,adc,binary,1048576,1,0.0441372906789183,ok
dense-fragmented,adc,binary,1048576,2,0.0441988930106163,ok
dense-fragmented,adc,binary,1048576,3,0.0442680194973945,ok
dense-fragmented,adc,binary,1048576,4,0.0442064050585031,ok
dense-fragmented,add,binary,256,0,0.0008492795750498,ok
dense-fragmented,add,binary,256,1,0.0006223255768418,ok
dense-fragmented,add,binary,256,2,0.0006151646375656,ok
dense-fragmented,add,binary,256,3,0.0006126016378402,ok
dense-fragmented,add,binary,256,4,0.0006143851205706,ok
dense-fragmented,add,binary,512,0,0.0008530719205737,ok
dense-fragmented,add,binary,512,1,0.0008029146119952,ok
dense-fragmented,add,binary,512,2,0.0008544484153389,ok
dense-fragmented,add,binary,512,3,0.0008005211129784,ok
dense-fragmented,add,binary,512,4,0.0008003935217857,ok
dense-fragmented,add,binary,1024,0,0.0011766413226723,ok
dense-fragmented,add,binary,1024,1,0.0011640889570116,ok
dense-fragmented,add,binary,1024,2,0.0011445675045251,ok
dense-fragmented,add,binary,1024,3,0.0011281035840511,ok
dense-fragmented,add,binary,1024,4,0.0011227764189243,ok
dense-fragmented,add,binary,2048,0,0.001993678510189,ok
dense-fragmented,add,binary,2048,1,0.0020188726484775,ok
dense-fragmented,add,binary,2048,2,0.0019420711323618,ok
dense-fragmented,add,binary,2048,3,0.0020012306049466,ok
dense-fragmented,add,binary,2048,4,0.0020128544420003,ok
dense-fragmented,add,binary,4096,0,0.0035272752866148,ok
dense-fragmented,add,binary,4096,1,0.0034365598112344,ok
dense-fragmented,add,binary,4096,2,0.0034516770392656,ok
dense-fragmented,add,binary,4096,3,0.003445747308433,ok
dense-fragmented,add,binary,4096,4,0.003468045964837,ok
dense-fragmented,add,binary,8192,0,0.0064043449237942,ok
dense-fragmented,add,binary,8192,1,0.0063672633841633,ok
dense-fragmented,add,binary,8192,2,0.0063271112740039,ok
dense-fragmented,add,binary,8192,3,0.0062839547172188,ok
dense-fragmented,add,binary,8192,4,0.006346795707941,ok
dense-fragmented,add,binary,16384,0,0.0125287463888525,ok
dense-fragmented,add,binary,16384,1,0.0123557727783918,ok
dense-fragmented,add,binary,16384,2,0.0123938871547579,ok
dense-fragmented,add,binary,16384,3,0.0125279128551483,ok
dense-fragmented,add,binary,16384,4,0.0124002397060394,ok
dense-fragmented,add,binary,32768,0,0.0239769937470555,ok
dense-fragmented,add,binary,32768,1,0.0239656083285808,ok
dense-fragmented,add,binary,32768,2,0.0238830503076314,ok
dense-fragmented,add,binary,32768,3,0.0237015299499034,ok
dense-fragmented,add,binary,32768,4,0.0240069963037967,ok
dense-fragmented,add,binary,65536,0,0.0474140662699937,ok
dense-fragmented,add,binary,65536,1,0.0473018754273653,ok
dense-fragmented,add,binary,65536,2,0.0473770890384912,ok
dense-fragmented,add,binary,65536,3,0.0470702704042196,ok
dense-fragmented,add,binary,65536,4,0.0471223043277859,ok
dense-fragmented,add,binary,131072,0,0.0956160658970475,ok
dense-fragmented,add,binary,131072,1,0.0944342836737632,ok
dense-fragmented,add,binary,131072,2,0.0949913496151566,ok
dense-fragmented,add,binary,131072,3,0.0952585414052009,ok
dense-fragmented,add,binary,131072,4,0.094848807901144,ok
dense-fragmented,add,binary,262144,0,0.190475832670927,ok
dense-fragmented,add,binary,262144,1,0.1898103356361389,ok
dense-fragmented,add,binary,262144,2,0.1876344969496131,ok
dense-fragmented,add,binary,262144,3,0.1880596987903118,ok
dense-fragmented,add,binary,262144,4,0.1890599885955453,ok
dense-fragmented,add,binary,524288,0,0.3783723842352628,ok
dense-fragmented,add,binary,524288,1,0.3753027450293302,ok
dense-fragmented,add,binary,524288,2,0.37978086899966,ok
dense-fragmented,add,binary,524288,3,0.3780411500483751,ok
dense-fragmented,add,binary,524288,4,0.3757251286879182,ok
dense-fragmented,add,binary,1048576,0,0.7585511859506369,ok
dense-fragmented,add,binary,1048576,1,0.7547256015241146,ok
dense-fragmented,add,binary,1048576,2,0.7548534963279963,ok
dense-fragmented,add,binary,1048576,3,0.754609914496541,ok
dense-fragmented,add,binary,1048576,4,0.7509234417229891,ok
dense-fragmented,aff_f,binary,256,0,0.0010951329022645,ok
dense-fragmented,aff_f,binary,256,1,0.0009601889178156,ok
dense-fragmented,aff_f,binary,256,2,0.0009706672281026,ok
dense-fragmented,aff_f,binary,256,3,0.0010004481300711,ok
dense-fragmented,aff_f,binary,256,4,0.0009540366008877,ok
dense-fragmented,aff_f,binary,512,0,0.0018012439832091,ok
dense-fragmented,aff_f,binary,512,1,0.0017187045887112,ok
dense-fragmented,aff_f,binary,512,2,0.0017498172819614,ok
dense-fragmented,aff_f,binary,512,3,0.001792780123651,ok
dense-fragmented,aff_f,binary,512,4,0.0017825551331043,ok
dense-fragmented,aff_f,binary,1024,0,0.003390485420823,ok
dense-fragmented,aff_f,binary,1024,1,0.0033802678808569,ok
dense-fragmented,aff_f,binary,1024,2,0.0033284714445471,ok
dense-fragmented,aff_f,binary,1024,3,0.0033536152914166,ok
dense-fragmented,aff_f,binary,1024,4,0.0037212399765849,ok
dense-fragmented,aff_f,binary,2048,0,0.0124577209353446,ok
dense-fragmented,aff_f,binary,2048,1,0.0125058470293879,ok
dense-fragmented,aff_f,binary,2048,2,0.0122619811445474,ok
dense-fragmented,aff_f,binary,2048,3,0.0125657208263874,ok
dense-fragmented,aff_f,binary,2048,4,0.0123017793521285,ok
dense-fragmented,aff_f,binary,4096,0,0.0448048133403062,ok
dense-fragmented,aff_f,binary,4096,1,0.0448958287015557,ok
dense-fragmented,aff_f,binary,4096,2,0.0445394832640886,ok
dense-fragmented,aff_f,binary,4096,3,0.0444669472053647,ok
dense-fragmented,aff_f,binary,4096,4,0.0450170757248997,ok
dense-fragmented,aff_f,binary,8192,0,0.1520687779411673,ok
dense-fragmented,aff_f,binary,8192,1,0.1536603858694434,ok
dense-fragmented,aff_f,binary,8192,2,0.152903651818633,ok
dense-fragmented,aff_f,binary,8192,3,0.1527728838846087,ok
dense-fragmented,aff_f,binary,8192,4,0.1532103205099702,ok
dense-fragmented,aff_f,binary,16384,0,0.6188038755208254,ok
dense-fragmented,aff_f,binary,16384,1,0.6209688596427441,ok
dense-fragmented,aff_f,binary,16384,2,0.6183992028236389,ok
dense-fragmented,aff_f,binary,16384,3,0.6193174906075001,ok
dense-fragmented,aff_f,binary,16384,4,0.6163941379636526,ok
dense-fragmented,aff_f,binary,32768,0,2.422794334590435,ok
dense-fragmented,aff_f,binary,32768,1,2.420192855410278,ok
dense-fragmented,aff_f,binary,32768,2,2.4297789931297302,ok
dense-fragmented,aff_f,binary,32768,3,2.419336677528918,ok
dense-fragmented,aff_f,binary,32768,4,2.4156066747382283,ok
dense-fragmented,aff_f,binary,65536,0,9.541822989471257,ok
dense-fragmented,aff_f,binary,65536,1,9.572480882517992,ok
dense-fragmented,aff_f,binary,65536,2,9.530853349715471,ok
dense-fragmented,aff_f,binary,65536,3,9.515029532834888,ok
dense-fragmented,aff_f,binary,65536,4,9.542472277767956,ok
dense-fragmented,aff_f,binary,131072,0,39.1999748563394,ok
dense-fragmented,aff_f,binary,131072,1,39.04367888625711,ok
dense-fragmented,aff_f,binary,131072,2,39.077199002727866,ok
dense-fragmented,aff_f,binary,131072,3,39.322940707206726,ok
dense-fragmented,aff_f,binary,131072,4,38.99419808201492,ok
dense-fragmented,aff_f,binary,262144,0,154.5748412394896,ok
dense-fragmented,aff_f,binary,262144,1,154.29847245756537,ok
dense-fragmented,aff_f,binary,262144,2,154.1388250347227,ok
dense-fragmented,aff_f,binary,262144,3,154.84943813085556,ok
dense-fragmented,aff_f,binary,262144,4,154.358356279321,ok
dense-fragmented,aff_f,binary,524288,0,611.1258687702939,ok
dense-fragmented,aff_f,binary,524288,1,612.020433225669,ok
dense-fragmented,aff_f,binary,524288,2,611.5321286916733,ok
dense-fragmented,aff_f,binary,524288,3,610.9812223315239,ok
dense-fragmented,aff_f,binary,524288,4,611.1806088294834,ok
dense-fragmented,aff_f,binary,1048576,0,2479.5154291260988,ok
dense-fragmented,aff_f,binary,1048576,1,2473.16468575038,ok
dense-fragmented,aff_f,binary,1048576,2,2468.980421850458,ok
dense-fragmented,aff_f,binary,1048576,3,2469.154966111295,ok
dense-fragmented,aff_f,binary,1048576,4,2478.8199308915064,ok
dense-fragmented,bpaf,binary,256,0,0.0006891004741191,ok
dense-fragmented,bpaf,binary,256,1,0.0006690025329589,ok
dense-fragmented,bpaf,binary,256,2,0.0006168065592646,ok
dense-fragmented,bpaf,binary,256,3,0.0006404500454664,ok
dense-fragmented,bpaf,binary,256,4,0.0006438139826059,ok
dense-fragmented,bpaf,binary,512,0,0.0008574211969971,ok
dense-fragmented,bpaf,binary,512,1,0.0007810983806848,ok
dense-fragmented,bpaf,binary,512,2,0.0007832394912838,ok
dense-fragmented,bpaf,binary,512,3,0.0007592225447297,ok
dense-fragmented,bpaf,binary,512,4,0.0007573002949357,ok
dense-fragmented,bpaf,binary,1024,0,0.0011125300079584,ok
dense-fragmented,bpaf,binary,1024,1,0.0010513653978705,ok
dense-fragmented,bpaf,binary,1024,2,0.0010483441874384,ok
dense-fragmented,bpaf,binary,1024,3,0.0013597207143902,ok
dense-fragmented,bpaf,binary,1024,4,0.0013535786420106,ok
dense-fragmented,bpaf,binary,2048,0,0.0021816566586494,ok
dense-fragmented,bpaf,binary,2048,1,0.0021675564348697,ok
dense-fragmented,bpaf,binary,2048,2,0.0022075297310948,ok
dense-fragmented,bpaf,binary,2048,3,0.0021605473011732,ok
dense-fragmented,bpaf,binary,2048,4,0.0021964181214571,ok
dense-fragmented,bpaf,binary,4096,0,0.0036939699202775,ok
dense-fragmented,bpaf,binary,4096,1,0.0037520872429013,ok
dense-fragmented,bpaf,binary,4096,2,0.003712928853929,ok
dense-fragmented,bpaf,binary,4096,3,0.0037468904629349,ok
dense-fragmented,bpaf,binary,4096,4,0.0037327082827687,ok
dense-fragmented,bpaf,binary,8192,0,0.0066069504246115,ok
dense-fragmented,bpaf,binary,8192,1,0.006609421223402,ok
dense-fragmented,bpaf,binary,8192,2,0.0066950004547834,ok
dense-fragmented,bpaf,binary,8192,3,0.0064193354919552,ok
dense-fragmented,bpaf,binary,8192,4,0.0064303679391741,ok
dense-fragmented,bpaf,binary,16384,0,0.0123434634879231,ok
dense-fragmented,bpaf,binary,16384,1,0.012351338751614,ok
dense-fragmented,bpaf,binary,16384,2,0.0121369706466794,ok
dense-fragmented,bpaf,binary,16384,3,0.0122010046616196,ok
dense-fragmented,bpaf,binary,16384,4,0.0123519068583846,ok
dense-fragmented,bpaf,binary,32768,0,0.0239126682281494,ok
dense-fragmented,bpaf,binary,32768,1,0.0239797057583928,ok
dense-fragmented,bpaf,binary,32768,2,0.0238543795421719,ok
dense-fragmented,bpaf,binary,32768,3,0.0239399159327149,ok
dense-fragmented,bpaf,binary,32768,4,0.0239351587370038,ok
dense-fragmented,bpaf,binary,65536,0,0.0463312258943915,ok
dense-fragmented,bpaf,binary,65536,1,0.046327905729413,ok
dense-fragmented,bpaf,binary,65536,2,0.0470854956656694,ok
dense-fragmented,bpaf,binary,65536,3,0.0461695790290832,ok
dense-fragmented,bpaf,binary,65536,4,0.0465186471119523,ok
dense-fragmented,bpaf,binary,131072,0,0.0930300569161772,ok
dense-fragmented,bpaf,binary,131072,1,0.0928989611566066,ok
dense-fragmented,bpaf,binary,131072,2,0.093897764571011,ok
dense-fragmented,bpaf,binary,131072,3,0.0760275209322571,ok
dense-fragmented,bpaf,binary,131072,4,0.0755778169259429,ok
dense-fragmented,bpaf,binary,262144,0,0.1484502032399177,ok
dense-fragmented,bpaf,binary,262144,1,0.1514949658885598,ok
dense-fragmented,bpaf,binary,262144,2,0.1502166101709008,ok
dense-fragmented,bpaf,binary,262144,3,0.1503586554899811,ok
dense-fragmented,bpaf,binary,262144,4,0.1495764274150133,ok
dense-fragmented,bpaf,binary,524288,0,0.3017499577254057,ok
dense-fragmented,bpaf,binary,524288,1,0.3024523323401809,ok
dense-fragmented,bpaf,binary,524288,2,0.3008599625900388,ok
dense-fragmented,bpaf,binary,524288,3,0.2990902550518513,ok
dense-fragmented,bpaf,binary,524288,4,0.3012343067675829,ok
dense-fragmented,bpaf,binary,1048576,0,0.6002434454858303,ok
dense-fragmented,bpaf,binary,1048576,1,0.6045220419764519,ok
dense-fragmented,bpaf,binary,1048576,2,0.5933966245502234,ok
dense-fragmented,bpaf,binary,1048576,3,0.605038826353848,ok
dense-fragmented,bpaf,binary,1048576,4,0.6006854474544525,ok
dense-fragmented,cf,binary,256,0,0.0006135115399956,ok
dense-fragmented,cf,binary,256,1,0.000546945258975,ok
dense-fragmented,cf,binary,256,2,0.0005538687109947,ok
dense-fragmented,cf,binary,256,3,0.0005262428894639,ok
dense-fragmented,cf,binary,256,4,0.0005312953144311,ok
dense-fragmented,cf,binary,512,0,0.0006382819265127,ok
dense-fragmented,cf,binary,512,1,0.0006575211882591,ok
dense-fragmented,cf,binary,512,2,0.0006580324843525,ok
dense-fragmented,cf,binary,512,3,0.0006566112861037,ok
dense-fragmented,cf,binary,512,4,0.0006571002304553,ok
dense-fragmented,cf,binary,1024,0,0.0008675018325448,ok
dense-fragmented,cf,binary,1024,1,0.0008840300142765,ok
dense-fragmented,cf,binary,1024,2,0.0008936608210206,ok
dense-fragmented,cf,binary,1024,3,0.0008814884349703,ok
dense-fragmented,cf,binary,1024,4,0.0008796826004981,ok
dense-fragmented,cf,binary,2048,0,0.001315058209002,ok
dense-fragmented,cf,binary,2048,1,0.00136683229357,ok
dense-fragmented,cf,binary,2048,2,0.0013365084305405,ok
dense-fragmented,cf,binary,2048,3,0.0013480940833687,ok
dense-fragmented,cf,binary,2048,4,0.0013333791866898,ok
dense-fragmented,cf,binary,4096,0,0.0022279191762208,ok
dense-fragmented,cf,binary,4096,1,0.0022299103438854,ok
dense-fragmented,cf,binary,4096,2,0.0022414484992623,ok
dense-fragmented,cf,binary,4096,3,0.0022355569526553,ok
dense-fragmented,cf,binary,4096,4,0.0022478615865111,ok
dense-fragmented,cf,binary,8192,0,0.0040085595101118,ok
dense-fragmented,cf,binary,8192,1,0.0040223775431513,ok
dense-fragmented,cf,binary,8192,2,0.0040091406553983,ok
dense-fragmented,cf,binary,8192,3,0.0040064072236418,ok
dense-fragmented,cf,binary,8192,4,0.0039947917684912,ok
dense-fragmented,cf,binary,16384,0,0.0077009601518511,ok
dense-fragmented,cf,binary,16384,1,0.0075788209214806,ok
dense-fragmented,cf,binary,16384,2,0.0076388213783502,ok
dense-fragmented,cf,binary,16384,3,0.0075719747692346,ok
dense-fragmented,cf,binary,16384,4,0.0076324911788105,ok
dense-fragmented,cf,binary,32768,0,0.0148831335827708,ok
dense-fragmented,cf,binary,32768,1,0.0147507078945636,ok
dense-fragmented,cf,binary,32768,2,0.0147304302081465,ok
dense-fragmented,cf,binary,32768,3,0.0147466026246547,ok
dense-fragmented,cf,binary,32768,4,0.01657953299582,ok
dense-fragmented,cf,binary,65536,0,0.0294717457145452,ok
dense-fragmented,cf,binary,65536,1,0.0288396999239921,ok
dense-fragmented,cf,binary,65536,2,0.0287958895787596,ok
dense-fragmented,cf,binary,65536,3,0.0287976255640387,ok
dense-fragmented,cf,binary,65536,4,0.0287805022671818,ok
dense-fragmented,cf,binary,131072,0,0.0587736712768673,ok
dense-fragmented,cf,binary,131072,1,0.0573259806260466,ok
dense-fragmented,cf,binary,131072,2,0.0710935974493622,ok
dense-fragmented,cf,binary,131072,3,0.0467026596888899,ok
dense-fragmented,cf,binary,131072,4,0.046722394414246,ok
dense-fragmented,cf,binary,262144,0,0.0949688525870442,ok
dense-fragmented,cf,binary,262144,1,0.0927257649600505,ok
dense-fragmented,cf,binary,262144,2,0.093097535893321,ok
dense-fragmented,cf,binary,262144,3,0.092652547173202,ok
dense-fragmented,cf,binary,262144,4,0.0925776911899447,ok
dense-fragmented,cf,binary,524288,0,0.1895112739875912,ok
dense-fragmented,cf,binary,524288,1,0.2026916379109025,ok
dense-fragmented,cf,binary,524288,2,0.1872210092842579,ok
dense-fragmented,cf,binary,524288,3,0.1867947932332754,ok
dense-fragmented,cf,binary,524288,4,0.1870406717061996,ok
dense-fragmented,cf,binary,1048576,0,0.3996639708057046,ok
dense-fragmented,cf,binary,1048576,1,0.3780414974316954,ok
dense-fragmented,cf,binary,1048576,2,0.3952889144420624,ok
dense-fragmented,cf,binary,1048576,3,0.3786887042224407,ok
dense-fragmented,cf,binary,1048576,4,0.3782034926116466,ok
dense-fragmented,dair,binary,256,0,0.0005732672289013,ok
dense-fragmented,dair,binary,256,1,0.0005039377138018,ok
dense-fragmented,dair,binary,256,2,0.0004955688491463,ok
dense-fragmented,dair,binary,256,3,0.0005024494603276,ok
dense-fragmented,dair,binary,256,4,0.0004985257983207,ok
dense-fragmented,dair,binary,512,0,0.0005332315340638,ok
dense-fragmented,dair,binary,512,1,0.0005377661436796,ok
dense-fragmented,dair,binary,512,2,0.0005410751327872,ok
dense-fragmented,dair,binary,512,3,0.0005475813522934,ok
dense-fragmented,dair,binary,512,4,0.000540561042726,ok
dense-fragmented,dair,binary,1024,0,0.0006107054650783,ok
dense-fragmented,dair,binary,1024,1,0.0006277672946453,ok
dense-fragmented,dair,binary,1024,2,0.0006223749369382,ok
dense-fragmented,dair,binary,1024,3,0.0006416914984583,ok
dense-fragmented,dair,binary,1024,4,0.0006193546578288,ok
dense-fragmented,dair,binary,2048,0,0.0007312474772334,ok
dense-fragmented,dair,binary,2048,1,0.0007373159751296,ok
dense-fragmented,dair,binary,2048,2,0.0007417285814881,ok
dense-fragmented,dair,binary,2048,3,0.000751637853682,ok
dense-fragmented,dair,binary,2048,4,0.0007374696433544,ok
dense-fragmented,dair,binary,4096,0,0.001037735491991,ok
dense-fragmented,dair,binary,4096,1,0.0010514166206121,ok
dense-fragmented,dair,binary,4096,2,0.0010581538081169,ok
dense-fragmented,dair,binary,4096,3,0.001067935489118,ok
dense-fragmented,dair,binary,4096,4,0.0010459031909704,ok
dense-fragmented,dair,binary,8192,0,0.0015673907473683,ok
dense-fragmented,dair,binary,8192,1,0.0015683351084589,ok
dense-fragmented,dair,binary,8192,2,0.0015722410753369,ok
dense-fragmented,dair,binary,8192,3,0.0015853848308324,ok
dense-fragmented,dair,binary,8192,4,0.0015731761232018,ok
dense-fragmented,dair,binary,16384,0,0.0026902267709374,ok
dense-fragmented,dair,binary,16384,1,0.0026782378554344,ok
dense-fragmented,dair,binary,16384,2,0.0026755295693874,ok
dense-fragmented,dair,binary,16384,3,0.0026772813871502,ok
dense-fragmented,dair,binary,16384,4,0.002687114290893,ok
dense-fragmented,dair,binary,32768,0,0.005129917524755,ok
dense-fragmented,dair,binary,32768,1,0.005139603279531,ok
dense-fragmented,dair,binary,32768,2,0.0056484472006559,ok
dense-fragmented,dair,binary,32768,3,0.0054250126704573,ok
dense-fragmented,dair,binary,32768,4,0.0053271735087037,ok
dense-fragmented,dair,binary,65536,0,0.0100044775754213,ok
dense-fragmented,dair,binary,65536,1,0.0093322405591607,ok
dense-fragmented,dair,binary,65536,2,0.0094636995345354,ok
dense-fragmented,dair,binary,65536,3,0.0093570984899997,ok
dense-fragmented,dair,binary,65536,4,0.0094628343358635,ok
dense-fragmented,dair,binary,131072,0,0.0189639870077371,ok
dense-fragmented,dair,binary,131072,1,0.0191159313544631,ok
dense-fragmented,dair,binary,131072,2,0.0188544765114784,ok
dense-fragmented,dair,binary,131072,3,0.0190897108986973,ok
dense-fragmented,dair,binary,131072,4,0.018881868571043,ok
dense-fragmented,dair,binary,262144,0,0.0376488836482167,ok
dense-fragmented,dair,binary,262144,1,0.0367947937920689,ok
dense-fragmented,dair,binary,262144,2,0.0374478762969374,ok
dense-fragmented,dair,binary,262144,3,0.0369749441742897,ok
dense-fragmented,dair,binary,262144,4,0.0377871412783861,ok
dense-fragmented,dair,binary,524288,0,0.0750514343380928,ok
dense-fragmented,dair,binary,524288,1,0.0758827896788716,ok
dense-fragmented,dair,binary,524288,2,0.0746599938720464,ok
dense-fragmented,dair,binary,524288,3,0.0687676994130015,ok
dense-fragmented,dair,binary,524288,4,0.0607056906446814,ok
dense-fragmented,dair,binary,1048576,0,0.1261668028309941,ok
dense-fragmented,dair,binary,1048576,1,0.1239377213642001,ok
dense-fragmented,dair,binary,1048576,2,0.1256446121260523,ok
dense-fragmented,dair,binary,1048576,3,0.1243138117715716,ok
dense-fragmented,dair,binary,1048576,4,0.1261980328708887,ok
dense-fragmented,dicec,binary,256,0,0.0004128748551011,ok
dense-fragmented,dicec,binary,256,1,0.0003568138927221,ok
dense-fragmented,dicec,binary,256,2,0.0003490215167403,ok
dense-fragmented,dicec,binary,256,3,0.0003523314371705,ok
dense-fragmented,dicec,binary,256,4,0.0003544250503182,ok
dense-fragmented,dicec,binary,512,0,0.0003475891426205,ok
dense-fragmented,dicec,binary,512,1,0.000338913872838,ok
dense-fragmented,dicec,binary,512,2,0.0003386177122592,ok
dense-fragmented,dicec,binary,512,3,0.0003395471721887,ok
dense-fragmented,dicec,binary,512,4,0.0003392146900296,ok
dense-fragmented,dicec,binary,1024,0,0.0004090378060936,ok
dense-fragmented,dicec,binary,1024,1,0.0003517000004649,ok
dense-fragmented,dicec,binary,1024,2,0.000350821763277,ok
dense-fragmented,dicec,binary,1024,3,0.0003657937049865,ok
dense-fragmented,dicec,binary,1024,4,0.0003494452685117,ok
dense-fragmented,dicec,binary,2048,0,0.0004427656531333,ok
dense-fragmented,dicec,binary,2048,1,0.0003762431442737,ok
dense-fragmented,dicec,binary,2048,2,0.0003757597878575,ok
dense-fragmented,dicec,binary,2048,3,0.0003765048459172,ok
dense-fragmented,dicec,binary,2048,4,0.0003745034337043,ok
dense-fragmented,dicec,binary,4096,0,0.0004970980808138,ok
dense-fragmented,dicec,binary,4096,1,0.0004175826907157,ok
dense-fragmented,dicec,binary,4096,2,0.0004173796623945,ok
dense-fragmented,dicec,binary,4096,3,0.0004170201718807,ok
dense-fragmented,dicec,binary,4096,4,0.000416743569076,ok
dense-fragmented,dicec,binary,8192,0,0.0005915602669119,ok
dense-fragmented,dicec,binary,8192,1,0.000500276684761,ok
dense-fragmented,dicec,binary,8192,2,0.000496950931847,ok
dense-fragmented,dicec,binary,8192,3,0.0004985695704817,ok
dense-fragmented,dicec,binary,8192,4,0.0004990687593817,ok
dense-fragmented,dicec,binary,16384,0,0.0008813664317131,ok
dense-fragmented,dicec,binary,16384,1,0.0007358593866229,ok
dense-fragmented,dicec,binary,16384,2,0.0006791874766349,ok
dense-fragmented,dicec,binary,16384,3,0.0006736014038324,ok
dense-fragmented,dicec,binary,16384,4,0.0006743725389242,ok
dense-fragmented,dicec,binary,32768,0,0.0012325281277298,ok
dense-fragmented,dicec,binary,32768,1,0.0013403808698058,ok
dense-fragmented,dicec,binary,32768,2,0.0012906361371278,ok
dense-fragmented,dicec,binary,32768,3,0.0013021379709243,ok
dense-fragmented,dicec,binary,32768,4,0.0012885732576251,ok
dense-fragmented,dicec,binary,65536,0,0.0024931626394391,ok
dense-fragmented,dicec,binary,65536,1,0.0020292457193136,ok
dense-fragmented,dicec,binary,65536,2,0.0020070681348443,ok
dense-fragmented,dicec,binary,65536,3,0.0020327931270003,ok
dense-fragmented,dicec,binary,65536,4,0.0020252941176295,ok
dense-fragmented,dicec,binary,131072,0,0.0048194704577326,ok
dense-fragmented,dicec,binary,131072,1,0.0039156302809715,ok
dense-fragmented,dicec,binary,131072,2,0.0039262669160962,ok
dense-fragmented,dicec,binary,131072,3,0.003939613699913,ok
dense-fragmented,dicec,binary,131072,4,0.0039361175149679,ok
dense-fragmented,dicec,binary,262144,0,0.0092196082696318,ok
dense-fragmented,dicec,binary,262144,1,0.0073279030621051,ok
dense-fragmented,dicec,binary,262144,2,0.0073253139853477,ok
dense-fragmented,dicec,binary,262144,3,0.0073331473395228,ok
dense-fragmented,dicec,binary,262144,4,0.0073021361604332,ok
dense-fragmented,dicec,binary,524288,0,0.0180402966216206,ok
dense-fragmented,dicec,binary,524288,1,0.013937204144895,ok
dense-fragmented,dicec,binary,524288,2,0.0139067964628338,ok
dense-fragmented,dicec,binary,524288,3,0.0139556229114532,ok
dense-fragmented,dicec,binary,524288,4,0.0139014665037393,ok
dense-fragmented,dicec,binary,1048576,0,0.030185985378921,ok
dense-fragmented,dicec,binary,1048576,1,0.0293849566951394,ok
dense-fragmented,dicec,binary,1048576,2,0.0293748984113335,ok
dense-fragmented,dicec,binary,1048576,3,0.0294501641765236,ok
dense-fragmented,dicec,binary,1048576,4,0.0294659100472927,ok
dense-fragmented,dtpaf,binary,256,0,0.0008074790239334,ok
dense-fragmented,dtpaf,binary,256,1,0.0004633562639355,ok
dense-fragmented,dtpaf,binary,256,2,0.000472804531455,ok
dense-fragmented,dtpaf,binary,256,3,0.0004536556079983,ok
dense-fragmented,dtpaf,binary,256,4,0.0004607290029525,ok
dense-fragmented,dtpaf,binary,512,0,0.0005533657968044,ok
dense-fragmented,dtpaf,binary,512,1,0.0004807747900485,ok
dense-fragmented,dtpaf,binary,512,2,0.0004786867648363,ok
dense-fragmented,dtpaf,binary,512,3,0.0004870267584919,ok
dense-fragmented,dtpaf,binary,512,4,0.0004830108955502,ok
dense-fragmented,dtpaf,binary,1024,0,0.0005667367950081,ok
dense-fragmented,dtpaf,binary,1024,1,0.0005143880844116,ok
dense-fragmented,dtpaf,binary,1024,2,0.0005812356248497,ok
dense-fragmented,dtpaf,binary,1024,3,0.0005021272227168,ok
dense-fragmented,dtpaf,binary,1024,4,0.0005462961271405,ok
dense-fragmented,dtpaf,binary,2048,0,0.0006496114656329,ok
dense-fragmented,dtpaf,binary,2048,1,0.0007019927725195,ok
dense-fragmented,dtpaf,binary,2048,2,0.0006300089880824,ok
dense-fragmented,dtpaf,binary,2048,3,0.0006293589249253,ok
dense-fragmented,dtpaf,binary,2048,4,0.0006285030394792,ok
dense-fragmented,dtpaf,binary,4096,0,0.0008513908833265,ok
dense-fragmented,dtpaf,binary,4096,1,0.0007392140105366,ok
dense-fragmented,dtpaf,binary,4096,2,0.0007384894415736,ok
dense-fragmented,dtpaf,binary,4096,3,0.0007395315915346,ok
dense-fragmented,dtpaf,binary,4096,4,0.0007560849189758,ok
dense-fragmented,dtpaf,binary,8192,0,0.0011887084692716,ok
dense-fragmented,dtpaf,binary,8192,1,0.0009616343304514,ok
dense-fragmented,dtpaf,binary,8192,2,0.001052881591022,ok
dense-fragmented,dtpaf,binary,8192,3,0.0009273393079638,ok
dense-fragmented,dtpaf,binary,8192,4,0.0009141964837908,ok
dense-fragmented,dtpaf,binary,16384,0,0.0017087096348404,ok
dense-fragmented,dtpaf,binary,16384,1,0.001356529071927,ok
dense-fragmented,dtpaf,binary,16384,2,0.001373647712171,ok
dense-fragmented,dtpaf,binary,16384,3,0.0013404348865151,ok
dense-fragmented,dtpaf,binary,16384,4,0.0013393172994256,ok
dense-fragmented,dtpaf,binary,32768,0,0.0028852140530943,ok
dense-fragmented,dtpaf,binary,32768,1,0.0021611992269754,ok
dense-fragmented,dtpaf,binary,32768,2,0.0020542964339256,ok
dense-fragmented,dtpaf,binary,32768,3,0.002577643841505,ok
dense-fragmented,dtpaf,binary,32768,4,0.0020497869700193,ok
dense-fragmented,dtpaf,binary,65536,0,0.0047285389155149,ok
dense-fragmented,dtpaf,binary,65536,1,0.0035221697762608,ok
dense-fragmented,dtpaf,binary,65536,2,0.0035194111987948,ok
dense-fragmented,dtpaf,binary,65536,3,0.003519712947309,ok
dense-fragmented,dtpaf,binary,65536,4,0.0035359980538487,ok
dense-fragmented,dtpaf,binary,131072,0,0.0100390017032623,ok
dense-fragmented,dtpaf,binary,131072,1,0.0070248208940029,ok
dense-fragmented,dtpaf,binary,131072,2,0.0070949746295809,ok
dense-fragmented,dtpaf,binary,131072,3,0.0071200486272573,ok
dense-fragmented,dtpaf,binary,131072,4,0.0071252388879656,ok
dense-fragmented,dtpaf,binary,262144,0,0.0187230911105871,ok
dense-fragmented,dtpaf,binary,262144,1,0.0136923780664801,ok
dense-fragmented,dtpaf,binary,262144,2,0.0136106647551059,ok
dense-fragmented,dtpaf,binary,262144,3,0.0134640326723456,ok
dense-fragmented,dtpaf,binary,262144,4,0.0136200441047549,ok
dense-fragmented,dtpaf,binary,524288,0,0.0299386037513613,ok
dense-fragmented,dtpaf,binary,524288,1,0.0275455890223383,ok
dense-fragmented,dtpaf,binary,524288,2,0.0275875283405184,ok
dense-fragmented,dtpaf,binary,524288,3,0.0276750139892101,ok
dense-fragmented,dtpaf,binary,524288,4,0.0277631180360913,ok
dense-fragmented,dtpaf,binary,1048576,0,0.0623920243233442,ok
dense-fragmented,dtpaf,binary,1048576,1,0.0545301781967282,ok
dense-fragmented,dtpaf,binary,1048576,2,0.0545867467299103,ok
dense-fragmented,dtpaf,binary,1048576,3,0.054579353891313,ok
dense-fragmented,dtpaf,binary,1048576,4,0.0548238130286335,ok
dense-fragmented,eds,binary,256,0,0.0007972605526447,ok
dense-fragmented,eds,binary,256,1,0.0005426444113254,ok
dense-fragmented,eds,binary,256,2,0.0005336813628673,ok
dense-fragmented,eds,binary,256,3,0.0005447342991828,ok
dense-fragmented,eds,binary,256,4,0.000544655136764,ok
dense-fragmented,eds,binary,512,0,0.0006774608045816,ok
dense-fragmented,eds,binary,512,1,0.0006661787629127,ok
dense-fragmented,eds,binary,512,2,0.0006707040593028,ok
dense-fragmented,eds,binary,512,3,0.000657764263451,ok
dense-fragmented,eds,binary,512,4,0.0006533963605761,ok
dense-fragmented,eds,binary,1024,0,0.0008935453370213,ok
dense-fragmented,eds,binary,1024,1,0.0008484106510877,ok
dense-fragmented,eds,binary,1024,2,0.0008356254547834,ok
dense-fragmented,eds,binary,1024,3,0.0009003635495901,ok
dense-fragmented,eds,binary,1024,4,0.0008311280980706,ok
dense-fragmented,eds,binary,2048,0,0.0011612540110945,ok
dense-fragmented,eds,binary,2048,1,0.0011983336880803,ok
dense-fragmented,eds,binary,2048,2,0.0011930149048566,ok
dense-fragmented,eds,binary,2048,3,0.0011883256956934,ok
dense-fragmented,eds,binary,2048,4,0.0011071804910898,ok
dense-fragmented,eds,binary,4096,0,0.0016981167718768,ok
dense-fragmented,eds,binary,4096,1,0.0016759298741817,ok
dense-fragmented,eds,binary,4096,2,0.0016610044986009,ok
dense-fragmented,eds,binary,4096,3,0.0016561355441808,ok
dense-fragmented,eds,binary,4096,4,0.0017160745337605,ok
dense-fragmented,eds,binary,8192,0,0.0039317151531577,ok
dense-fragmented,eds,binary,8192,1,0.0039695417508482,ok
dense-fragmented,eds,binary,8192,2,0.0039681196212768,ok
dense-fragmented,eds,binary,8192,3,0.0039176577702164,ok
dense-fragmented,eds,binary,8192,4,0.0038300845772027,ok
dense-fragmented,eds,binary,16384,0,0.0077515849843621,ok
dense-fragmented,eds,binary,16384,1,0.0076354499906301,ok
dense-fragmented,eds,binary,16384,2,0.0076055638492107,ok
dense-fragmented,eds,binary,16384,3,0.007839597761631,ok
dense-fragmented,eds,binary,16384,4,0.0077488059177994,ok
dense-fragmented,eds,binary,32768,0,0.0142513997852802,ok
dense-fragmented,eds,binary,32768,1,0.0142416739836335,ok
dense-fragmented,eds,binary,32768,2,0.0142015926539897,ok
dense-fragmented,eds,binary,32768,3,0.0142997000366449,ok
dense-fragmented,eds,binary,32768,4,0.0142053486779332,ok
dense-fragmented,eds,binary,65536,0,0.0286077633500099,ok
dense-fragmented,eds,binary,65536,1,0.0283258622512221,ok
dense-fragmented,eds,binary,65536,2,0.0286785056814551,ok
dense-fragmented,eds,binary,65536,3,0.0283203441649675,ok
dense-fragmented,eds,binary,65536,4,0.0286221168935298,ok
dense-fragmented,eds,binary,131072,0,0.0573447318747639,ok
dense-fragmented,eds,binary,131072,1,0.05735151655972,ok
dense-fragmented,eds,binary,131072,2,0.0570302382111549,ok
dense-fragmented,eds,binary,131072,3,0.0577760050073266,ok
dense-fragmented,eds,binary,131072,4,0.0570131512358784,ok
dense-fragmented,eds,binary,262144,0,0.1144299916923046,ok
dense-fragmented,eds,binary,262144,1,0.1147215031087398,ok
dense-fragmented,eds,binary,262144,2,0.1139184469357132,ok
dense-fragmented,eds,binary,262144,3,0.1140725063160061,ok
dense-fragmented,eds,binary,262144,4,0.114361067302525,ok
dense-fragmented,eds,binary,524288,0,0.2272963132709264,ok
dense-fragmented,eds,binary,524288,1,0.2246740469709038,ok
dense-fragmented,eds,binary,524288,2,0.2271858640015125,ok
dense-fragmented,eds,binary,524288,3,0.2256567385047674,ok
dense-fragmented,eds,binary,524288,4,0.2275757510215044,ok
dense-fragmented,eds,binary,1048576,0,0.4520988762378692,ok
dense-fragmented,eds,binary,1048576,1,0.4501416878774762,ok
dense-fragmented,eds,binary,1048576,2,0.4502364471554756,ok
dense-fragmented,eds,binary,1048576,3,0.449647250585258,ok
dense-fragmented,eds,binary,1048576,4,0.4465586077421903,ok
dense-fragmented,etaf,binary,256,0,0.0012620454654097,ok
dense-fragmented,etaf,binary,256,1,0.0011802203953266,ok
dense-fragmented,etaf,binary,256,2,0.0011137193068861,ok
dense-fragmented,etaf,binary,256,3,0.0011119302362203,ok
dense-fragmented,etaf,binary,256,4,0.0011333171278238,ok
dense-fragmented,etaf,binary,512,0,0.0020753312855958,ok
dense-fragmented,etaf,binary,512,1,0.0020890953019261,ok
dense-fragmented,etaf,binary,512,2,0.0020353076979517,ok
dense-fragmented,etaf,binary,512,3,0.0021145995706319,ok
dense-fragmented,etaf,binary,512,4,0.002114737406373,ok
dense-fragmented,etaf,binary,1024,0,0.0047948425635695,ok
dense-fragmented,etaf,binary,1024,1,0.0047500319778919,ok
dense-fragmented,etaf,binary,1024,2,0.0047794012352824,ok
dense-fragmented,etaf,binary,1024,3,0.0048159416764974,ok
dense-fragmented,etaf,binary,1024,4,0.0046767964959144,ok
dense-fragmented,etaf,binary,2048,0,0.0191670907661318,ok
dense-fragmented,etaf,binary,2048,1,0.0189088387414813,ok
dense-fragmented,etaf,binary,2048,2,0.0187324918806552,ok
dense-fragmented,etaf,binary,2048,3,0.0187376299872994,ok
dense-fragmented,etaf,binary,2048,4,0.0192829966545104,ok
dense-fragmented,etaf,binary,4096,0,0.0700445808470249,ok
dense-fragmented,etaf,binary,4096,1,0.069921800866723,ok
dense-fragmented,etaf,binary,4096,2,0.0697801979258656,ok
dense-fragmented,etaf,binary,4096,3,0.0693290634080767,ok
dense-fragmented,etaf,binary,4096,4,0.0700154630467295,ok
dense-fragmented,etaf,binary,8192,0,0.2512055113911629,ok
dense-fragmented,etaf,binary,8192,1,0.2497510928660631,ok
dense-fragmented,etaf,binary,8192,2,0.2502411296591162,ok
dense-fragmented,etaf,binary,8192,3,0.2472504395991563,ok
dense-fragmented,etaf,binary,8192,4,0.2482614908367395,ok
dense-fragmented,etaf,binary,16384,0,1.0448267320171,ok
dense-fragmented,etaf,binary,16384,1,1.0448727561160922,ok
dense-fragmented,etaf,binary,16384,2,1.0418519834056497,ok
dense-fragmented,etaf,binary,16384,3,1.0395983289927244,ok
dense-fragmented,etaf,binary,16384,4,1.0590496519580483,ok
dense-fragmented,etaf,binary,32768,0,4.203735703602433,ok
dense-fragmented,etaf,binary,32768,1,4.160727646201849,ok
dense-fragmented,etaf,binary,32768,2,4.17063632234931,ok
dense-fragmented,etaf,binary,32768,3,4.1163113517686725,ok
dense-fragmented,etaf,binary,32768,4,4.175383371300995,ok
dense-fragmented,etaf,binary,65536,0,16.663486326113343,ok
dense-fragmented,etaf,binary,65536,1,16.696760390885174,ok
dense-fragmented,etaf,binary,65536,2,16.552351881749928,ok
dense-fragmented,etaf,binary,65536,3,16.60419555194676,ok
dense-fragmented,etaf,binary,65536,4,16.602550824172795,ok
dense-fragmented,etaf,binary,131072,0,68.12356550525874,ok
dense-fragmented,etaf,binary,131072,1,67.8589760614559,ok
dense-fragmented,etaf,binary,131072,2,68.07479043677449,ok
dense-fragmented,etaf,binary,131072,3,68.6036447007209,ok
dense-fragmented,etaf,binary,131072,4,67.70767955388874,ok
dense-fragmented,etaf,binary,262144,0,271.16697543580085,ok
dense-fragmented,etaf,binary,262144,1,271.0744869308546,ok
dense-fragmented,etaf,binary,262144,2,271.20371312927455,ok
dense-fragmented,etaf,binary,262144,3,270.6347062950954,ok
dense-fragmented,etaf,binary,262144,4,268.534674551338,ok
dense-fragmented,etaf,binary,524288,0,1078.3407837832349,ok
dense-fragmented,etaf,binary,524288,1,1084.233465887606,ok
dense-fragmented,etaf,binary,524288,2,1078.50432786718,ok
dense-fragmented,etaf,binary,524288,3,1088.960428422317,ok
dense-fragmented,etaf,binary,524288,4,1090.5180164370686,ok
dense-fragmented,etaf,binary,1048576,0,4467.685504031368,ok
dense-fragmented,etaf,binary,1048576,1,4462.431474282406,ok
dense-fragmented,etaf,binary,1048576,2,4462.5196124929935,ok
dense-fragmented,etaf,binary,1048576,3,4457.0834594341,ok
dense-fragmented,etaf,binary,1048576,4,4484.7046583052725,ok
dense-fragmented,lsaf,binary,256,0,0.0007856804877519,ok
dense-fragmented,lsaf,binary,256,1,0.000661133788526,ok
dense-fragmented,lsaf,binary,256,2,0.0006421245634555,ok
dense-fragmented,lsaf,binary,256,3,0.0006497306749224,ok
dense-fragmented,lsaf,binary,256,4,0.000649994239211,ok
dense-fragmented,lsaf,binary,512,0,0.0008622137829661,ok
dense-fragmented,lsaf,binary,512,1,0.0009030038490891,ok
dense-fragmented,lsaf,binary,512,2,0.0008746273815631,ok
dense-fragmented,lsaf,binary,512,3,0.0008509503677487,ok
dense-fragmented,lsaf,binary,512,4,0.0008524740114808,ok
dense-fragmented,lsaf,binary,1024,0,0.0012312335893511,ok
dense-fragmented,lsaf,binary,1024,1,0.001279448159039,ok
dense-fragmented,lsaf,binary,1024,2,0.0011877873912453,ok
dense-fragmented,lsaf,binary,1024,3,0.0011863093823194,ok
dense-fragmented,lsaf,binary,1024,4,0.0011922633275389,ok
dense-fragmented,lsaf,binary,2048,0,0.0022330535575747,ok
dense-fragmented,lsaf,binary,2048,1,0.0020331582054495,ok
dense-fragmented,lsaf,binary,2048,2,0.0021005235612392,ok
dense-fragmented,lsaf,binary,2048,3,0.002017630264163,ok
dense-fragmented,lsaf,binary,2048,4,0.0021097278222441,ok
dense-fragmented,lsaf,binary,4096,0,0.0036519477143883,ok
dense-fragmented,lsaf,binary,4096,1,0.0036762403324246,ok
dense-fragmented,lsaf,binary,4096,2,0.0036618942394852,ok
dense-fragmented,lsaf,binary,4096,3,0.0036795120686292,ok
dense-fragmented,lsaf,binary,4096,4,0.0036566657945513,ok
dense-fragmented,lsaf,binary,8192,0,0.0066293934360146,ok
dense-fragmented,lsaf,binary,8192,1,0.0066472273319959,ok
dense-fragmented,lsaf,binary,8192,2,0.0066860094666481,ok
dense-fragmented,lsaf,binary,8192,3,0.0066237682476639,ok
dense-fragmented,lsaf,binary,8192,4,0.0067172115668654,ok
dense-fragmented,lsaf,binary,16384,0,0.0130431242287158,ok
dense-fragmented,lsaf,binary,16384,1,0.0133928023278713,ok
dense-fragmented,lsaf,binary,16384,2,0.0130686564370989,ok
dense-fragmented,lsaf,binary,16384,3,0.0131742032244801,ok
dense-fragmented,lsaf,binary,16384,4,0.013136294670403,ok
dense-fragmented,lsaf,binary,32768,0,0.0251347096636891,ok
dense-fragmented,lsaf,binary,32768,1,0.025159228593111,ok
dense-fragmented,lsaf,binary,32768,2,0.0250178566202521,ok
dense-fragmented,lsaf,binary,32768,3,0.0252349087968468,ok
dense-fragmented,lsaf,binary,32768,4,0.0248647416010499,ok
dense-fragmented,lsaf,binary,65536,0,0.0501104369759559,ok
dense-fragmented,lsaf,binary,65536,1,0.0496408259496092,ok
dense-fragmented,lsaf,binary,65536,2,0.0495891235768795,ok
dense-fragmented,lsaf,binary,65536,3,0.0502013815566897,ok
dense-fragmented,lsaf,binary,65536,4,0.0493807606399059,ok
dense-fragmented,lsaf,binary,131072,0,0.1003368608653545,ok
dense-fragmented,lsaf,binary,131072,1,0.1000636424869299,ok
dense-fragmented,lsaf,binary,131072,2,0.0995588414371013,ok
dense-fragmented,lsaf,binary,131072,3,0.1004468025639653,ok
dense-fragmented,lsaf,binary,131072,4,0.1004180628806352,ok
dense-fragmented,lsaf,binary,262144,0,0.2011523963883519,ok
dense-fragmented,lsaf,binary,262144,1,0.1985221691429615,ok
dense-fragmented,lsaf,binary,262144,2,0.199030571617186,ok
dense-fragmented,lsaf,binary,262144,3,0.1999008897691965,ok
dense-fragmented,lsaf,binary,262144,4,0.19937165081501,ok
dense-fragmented,lsaf,binary,524288,0,0.397072535008192,ok
dense-fragmented,lsaf,binary,524288,1,0.3948116889223456,ok
dense-fragmented,lsaf,binary,524288,2,0.3962985025718808,ok
dense-fragmented,lsaf,binary,524288,3,0.39994578063488,ok
dense-fragmented,lsaf,binary,524288,4,0.3969047972932458,ok
dense-fragmented,lsaf,binary,1048576,0,0.8020001938566566,ok
dense-fragmented,lsaf,binary,1048576,1,0.7910090098157525,ok
dense-fragmented,lsaf,binary,1048576,2,0.7935300031676888,ok
dense-fragmented,lsaf,binary,1048576,3,0.7901413068175316,ok
dense-fragmented,lsaf,binary,1048576,4,0.7894651917740703,ok
dense-fragmented,mttd,binary,256,0,0.0005307681858539,ok
dense-fragmented,mttd,binary,256,1,0.0004793917760252,ok
dense-fragmented,mttd,binary,256,2,0.0004749782383441,ok
dense-fragmented,mttd,binary,256,3,0.0004706149920821,ok
dense-fragmented,mttd,binary,256,4,0.0004752278327941,ok
dense-fragmented,mttd,binary,512,0,0.0005678460001945,ok
dense-fragmented,mttd,binary,512,1,0.0005471557378768,ok
dense-fragmented,mttd,binary,512,2,0.0005432069301605,ok
dense-fragmented,mttd,binary,512,3,0.00054931640625,ok
dense-fragmented,mttd,binary,512,4,0.0005724569782614,ok
dense-fragmented,mttd,binary,1024,0,0.0006964867934584,ok
dense-fragmented,mttd,binary,1024,1,0.000791790895164,ok
dense-fragmented,mttd,binary,1024,2,0.0007283305749297,ok
dense-fragmented,mttd,binary,1024,3,0.0007520448416471,ok
dense-fragmented,mttd,binary,1024,4,0.0007245261222124,ok
dense-fragmented,mttd,binary,2048,0,0.0010228678584098,ok
dense-fragmented,mttd,binary,2048,1,0.0010115914046764,ok
dense-fragmented,mttd,binary,2048,2,0.0009851520881056,ok
dense-fragmented,mttd,binary,2048,3,0.0010128132998943,ok
dense-fragmented,mttd,binary,2048,4,0.0010176301002502,ok
dense-fragmented,mttd,binary,4096,0,0.0015782341361045,ok
dense-fragmented,mttd,binary,4096,1,0.0016082106158137,ok
dense-fragmented,mttd,binary,4096,2,0.0015485761687159,ok
dense-fragmented,mttd,binary,4096,3,0.0015849154442548,ok
dense-fragmented,mttd,binary,4096,4,0.001627542078495,ok
dense-fragmented,mttd,binary,8192,0,0.002723273821175,ok
dense-fragmented,mttd,binary,8192,1,0.0026163607835769,ok
dense-fragmented,mttd,binary,8192,2,0.0026349639520049,ok
dense-fragmented,mttd,binary,8192,3,0.0025273561477661,ok
dense-fragmented,mttd,binary,8192,4,0.002646243199706,ok
dense-fragmented,mttd,binary,16384,0,0.0050820847973227,ok
dense-fragmented,mttd,binary,16384,1,0.0050047812983393,ok
dense-fragmented,mttd,binary,16384,2,0.0049730110913515,ok
dense-fragmented,mttd,binary,16384,3,0.0048697851598262,ok
dense-fragmented,mttd,binary,16384,4,0.0049963127821683,ok
dense-fragmented,mttd,binary,32768,0,0.0094226775690913,ok
dense-fragmented,mttd,binary,32768,1,0.0094491736963391,ok
dense-fragmented,mttd,binary,32768,2,0.0092468000948429,ok
dense-fragmented,mttd,binary,32768,3,0.0096435435116291,ok
dense-fragmented,mttd,binary,32768,4,0.0092330817133188,ok
dense-fragmented,mttd,binary,65536,0,0.0183996669948101,ok
dense-fragmented,mttd,binary,65536,1,0.0181151153519749,ok
dense-fragmented,mttd,binary,65536,2,0.0178865147754549,ok
dense-fragmented,mttd,binary,65536,3,0.0179317770525813,ok
dense-fragmented,mttd,binary,65536,4,0.0177631871774792,ok
dense-fragmented,mttd,binary,131072,0,0.036620607599616,ok
dense-fragmented,mttd,binary,131072,1,0.0358138540759682,ok
dense-fragmented,mttd,binary,131072,2,0.0362642481923103,ok
dense-fragmented,mttd,binary,131072,3,0.0363628370687365,ok
dense-fragmented,mttd,binary,131072,4,0.0362600432708859,ok
dense-fragmented,mttd,binary,262144,0,0.0725921895354986,ok
dense-fragmented,mttd,binary,262144,1,0.0713018765673041,ok
dense-fragmented,mttd,binary,262144,2,0.0723240319639444,ok
dense-fragmented,mttd,binary,262144,3,0.0721369963139295,ok
dense-fragmented,mttd,binary,262144,4,0.0721539566293358,ok
dense-fragmented,mttd,binary,524288,0,0.1450718287378549,ok
dense-fragmented,mttd,binary,524288,1,0.1432082764804363,ok
dense-fragmented,mttd,binary,524288,2,0.141893669962883,ok
dense-fragmented,mttd,binary,524288,3,0.1433574445545673,ok
dense-fragmented,mttd,binary,524288,4,0.1430947380140423,ok
dense-fragmented,mttd,binary,1048576,0,0.2872696202248335,ok
dense-fragmented,mttd,binary,1048576,1,0.2814664421603083,ok
dense-fragmented,mttd,binary,1048576,2,0.2856028964743018,ok
dense-fragmented,mttd,binary,1048576,3,0.2872570026665926,ok
dense-fragmented,mttd,binary,1048576,4,0.2839984148740768,ok
dense-fragmented,nab_score,binary,256,0,0.0039731254801154,ok
dense-fragmented,nab_score,binary,256,1,0.0037347367033362,ok
dense-fragmented,nab_score,binary,256,2,0.0036189928650856,ok
dense-fragmented,nab_score,binary,256,3,0.003710308112204,ok
dense-fragmented,nab_score,binary,256,4,0.0038105398416519,ok
dense-fragmented,nab_score,binary,512,0,0.007044743746519,ok
dense-fragmented,nab_score,binary,512,1,0.0067965639755129,ok
dense-fragmented,nab_score,binary,512,2,0.0070800008252263,ok
dense-fragmented,nab_score,binary,512,3,0.0070527028292417,ok
dense-fragmented,nab_score,binary,512,4,0.0068785771727561,ok
dense-fragmented,nab_score,binary,1024,0,0.0149994436651468,ok
dense-fragmented,nab_score,binary,1024,1,0.0148508371785283,ok
dense-fragmented,nab_score,binary,1024,2,0.0148284900933504,ok
dense-fragmented,nab_score,binary,1024,3,0.0149560868740081,ok
dense-fragmented,nab_score,binary,1024,4,0.0391067424789071,ok
dense-fragmented,nab_score,binary,2048,0,0.0356807503849267,ok
dense-fragmented,nab_score,binary,2048,1,0.0357216373085975,ok
dense-fragmented,nab_score,binary,2048,2,0.0356403337791562,ok
dense-fragmented,nab_score,binary,2048,3,0.035405115224421,ok
dense-fragmented,nab_score,binary,2048,4,0.0355119314044714,ok
dense-fragmented,nab_score,binary,4096,0,0.0912646064534783,ok
dense-fragmented,nab_score,binary,4096,1,0.0907522272318601,ok
dense-fragmented,nab_score,binary,4096,2,0.0902204010635614,ok
dense-fragmented,nab_score,binary,4096,3,0.0905785504728555,ok
dense-fragmented,nab_score,binary,4096,4,0.0905063617974519,ok
dense-fragmented,nab_score,binary,8192,0,0.2573269652202725,ok
dense-fragmented,nab_score,binary,8192,1,0.2585344519466162,ok
dense-fragmented,nab_score,binary,8192,2,0.2819154374301433,ok
dense-fragmented,nab_score,binary,8192,3,0.2573141269385814,ok
dense-fragmented,nab_score,binary,8192,4,0.2561240307986736,ok
dense-fragmented,nab_score,binary,16384,0,0.8327841050922871,ok
dense-fragmented,nab_score,binary,16384,1,0.8468410903587937,ok
dense-fragmented,nab_score,binary,16384,2,0.8335975911468267,ok
dense-fragmented,nab_score,binary,16384,3,0.8326766360551119,ok
dense-fragmented,nab_score,binary,16384,4,0.8482737066224217,ok
dense-fragmented,nab_score,binary,32768,0,2.93190433178097,ok
dense-fragmented,nab_score,binary,32768,1,2.951885854825377,ok
dense-fragmented,nab_score,binary,32768,2,2.939156032167375,ok
dense-fragmented,nab_score,binary,32768,3,2.9594104448333383,ok
dense-fragmented,nab_score,binary,32768,4,2.923881840892136,ok
dense-fragmented,nab_score,binary,65536,0,10.857902443036435,ok
dense-fragmented,nab_score,binary,65536,1,10.80778982117772,ok
dense-fragmented,nab_score,binary,65536,2,10.854245684109628,ok
dense-fragmented,nab_score,binary,65536,3,10.813654996454716,ok
dense-fragmented,nab_score,binary,65536,4,10.841850008815529,ok
dense-fragmented,nab_score,binary,131072,0,41.855867413803935,ok
dense-fragmented,nab_score,binary,131072,1,41.814160264097154,ok
dense-fragmented,nab_score,binary,131072,2,41.83239917084575,ok
dense-fragmented,nab_score,binary,131072,3,41.83244415931404,ok
dense-fragmented,nab_score,binary,131072,4,41.81821407284588,ok
dense-fragmented,nab_score,binary,262144,0,164.36805403325707,ok
dense-fragmented,nab_score,binary,262144,1,164.35052336845547,ok
dense-fragmented,nab_score,binary,262144,2,164.3994287578389,ok
dense-fragmented,nab_score,binary,262144,3,164.4002215312794,ok
dense-fragmented,nab_score,binary,262144,4,164.36333355586976,ok
dense-fragmented,nab_score,binary,524288,0,658.355408760719,ok
dense-fragmented,nab_score,binary,524288,1,658.1973627656698,ok
dense-fragmented,nab_score,binary,524288,2,658.4959789644927,ok
dense-fragmented,nab_score,binary,524288,3,658.3757067574188,ok
dense-fragmented,nab_score,binary,524288,4,658.6769418781623,ok
dense-fragmented,nab_score,binary,1048576,0,2641.3159426236525,ok
dense-fragmented,nab_score,binary,1048576,1,2637.420783936046,ok
dense-fragmented,nab_score,binary,1048576,2,2637.7154045263305,ok
dense-fragmented,nab_score,binary,1048576,3,2637.297159855254,ok
dense-fragmented,nab_score,binary,1048576,4,2641.6058715004474,ok
dense-fragmented,naff_f,binary,256,0,0.0012272670865058,ok
dense-fragmented,naff_f,binary,256,1,0.0009593050926923,ok
dense-fragmented,naff_f,binary,256,2,0.0009623561054468,ok
dense-fragmented,naff_f,binary,256,3,0.0009608538821339,ok
dense-fragmented,naff_f,binary,256,4,0.0009585870429873,ok
dense-fragmented,naff_f,binary,512,0,0.0017829528078436,ok
dense-fragmented,naff_f,binary,512,1,0.0016960380598902,ok
dense-fragmented,naff_f,binary,512,2,0.0016881804913282,ok
dense-fragmented,naff_f,binary,512,3,0.0017577446997165,ok
dense-fragmented,naff_f,binary,512,4,0.0016884347423911,ok
dense-fragmented,naff_f,binary,1024,0,0.0033799950033426,ok
dense-fragmented,naff_f,binary,1024,1,0.0034007541835308,ok
dense-fragmented,naff_f,binary,1024,2,0.0033670803532004,ok
dense-fragmented,naff_f,binary,1024,3,0.0033935755491256,ok
dense-fragmented,naff_f,binary,1024,4,0.0033996244892477,ok
dense-fragmented,naff_f,binary,2048,0,0.0128055745735764,ok
dense-fragmented,naff_f,binary,2048,1,0.0127380229532718,ok
dense-fragmented,naff_f,binary,2048,2,0.012422552332282,ok
dense-fragmented,naff_f,binary,2048,3,0.0124167883768677,ok
dense-fragmented,naff_f,binary,2048,4,0.0123622752726078,ok
dense-fragmented,naff_f,binary,4096,0,0.0448907408863306,ok
dense-fragmented,naff_f,binary,4096,1,0.0451045231893658,ok
dense-fragmented,naff_f,binary,4096,2,0.0452327318489551,ok
dense-fragmented,naff_f,binary,4096,3,0.0452891252934932,ok
dense-fragmented,naff_f,binary,4096,4,0.0451304512098431,ok
dense-fragmented,naff_f,binary,8192,0,0.1539374692365527,ok
dense-fragmented,naff_f,binary,8192,1,0.1521529993042349,ok
dense-fragmented,naff_f,binary,8192,2,0.1533992057666182,ok
dense-fragmented,naff_f,binary,8192,3,0.1534252716228366,ok
dense-fragmented,naff_f,binary,8192,4,0.1531134881079197,ok
dense-fragmented,naff_f,binary,16384,0,0.6275724628940225,ok
dense-fragmented,naff_f,binary,16384,1,0.6261452212929726,ok
dense-fragmented,naff_f,binary,16384,2,0.6200899016112089,ok
dense-fragmented,naff_f,binary,16384,3,0.6269019152969122,ok
dense-fragmented,naff_f,binary,16384,4,0.6241938024759293,ok
dense-fragmented,naff_f,binary,32768,0,2.428433630615473,ok
dense-fragmented,naff_f,binary,32768,1,2.4384871078655124,ok
dense-fragmented,naff_f,binary,32768,2,2.434703071601689,ok
dense-fragmented,naff_f,binary,32768,3,2.4307052306830883,ok
dense-fragmented,naff_f,binary,32768,4,2.434213748201728,ok
dense-fragmented,naff_f,binary,65536,0,9.555195337161422,ok
dense-fragmented,naff_f,binary,65536,1,9.601313079707325,ok
dense-fragmented,naff_f,binary,65536,2,9.60747773014009,ok
dense-fragmented,naff_f,binary,65536,3,9.5742431525141,ok
dense-fragmented,naff_f,binary,65536,4,9.596717215143144,ok
dense-fragmented,naff_f,binary,131072,0,39.385373482480645,ok
dense-fragmented,naff_f,binary,131072,1,39.38469154480845,ok
dense-fragmented,naff_f,binary,131072,2,39.254436150193214,ok
dense-fragmented,naff_f,binary,131072,3,39.359149287454784,ok
dense-fragmented,naff_f,binary,131072,4,39.528155732899904,ok
dense-fragmented,naff_f,binary,262144,0,155.59721432253718,ok
dense-fragmented,naff_f,binary,262144,1,156.08155586849898,ok
dense-fragmented,naff_f,binary,262144,2,155.73103302158415,ok
dense-fragmented,naff_f,binary,262144,3,155.76613757573068,ok
dense-fragmented,naff_f,binary,262144,4,155.94367158971727,ok
dense-fragmented,naff_f,binary,524288,0,620.6576474988833,ok
dense-fragmented,naff_f,binary,524288,1,620.0044578611851,ok
dense-fragmented,naff_f,binary,524288,2,619.7661387277767,ok
dense-fragmented,naff_f,binary,524288,3,617.5701009426266,ok
dense-fragmented,naff_f,binary,524288,4,619.5998172592372,ok
dense-fragmented,naff_f,binary,1048576,0,2503.423318074085,ok
dense-fragmented,naff_f,binary,1048576,1,2494.7100558104,ok
dense-fragmented,naff_f,binary,1048576,2,2492.992442575284,ok
dense-fragmented,naff_f,binary,1048576,3,2503.6482695499435,ok
dense-fragmented,naff_f,binary,1048576,4,2503.413949849084,ok
dense-fragmented,pa_auc_pr,continuous,256,0,0.0065314341336488,ok
dense-fragmented,pa_auc_pr,continuous,256,1,0.0063136992976069,ok
dense-fragmented,pa_auc_pr,continuous,256,2,0.0062648747116327,ok
dense-fragmented,pa_auc_pr,continuous,256,3,0.0062324814498424,ok
dense-fragmented,pa_auc_pr,continuous,256,4,0.0063024964183568,ok
dense-fragmented,pa_auc_pr,continuous,512,0,0.0122506851330399,ok
dense-fragmented,pa_auc_pr,continuous,512,1,0.0122486604377627,ok
dense-fragmented,pa_auc_pr,continuous,512,2,0.012085223570466,ok
dense-fragmented,pa_auc_pr,continuous,512,3,0.012157061137259,ok
dense-fragmented,pa_auc_pr,continuous,512,4,0.0121630104258656,ok
dense-fragmented,pa_auc_pr,continuous,1024,0,0.0239604106172919,ok
dense-fragmented,pa_auc_pr,continuous,1024,1,0.0240215975791215,ok
dense-fragmented,pa_auc_pr,continuous,1024,2,0.0238420190289616,ok
dense-fragmented,pa_auc_pr,continuous,1024,3,0.023973373696208,ok
dense-fragmented,pa_auc_pr,continuous,1024,4,0.0240152888000011,ok
dense-fragmented,pa_auc_pr,continuous,2048,0,0.0469020940363407,ok
dense-fragmented,pa_auc_pr,continuous,2048,1,0.0470642196014523,ok
dense-fragmented,pa_auc_pr,continuous,2048,2,0.0466107903048396,ok
dense-fragmented,pa_auc_pr,continuous,2048,3,0.0471736146137118,ok
dense-fragmented,pa_auc_pr,continuous,2048,4,0.0467351423576474,ok
dense-fragmented,pa_auc_pr,continuous,4096,0,0.0939635997638106,ok
dense-fragmented,pa_auc_pr,continuous,4096,1,0.0937566366046667,ok
dense-fragmented,pa_auc_pr,continuous,4096,2,0.0940941032022237,ok
dense-fragmented,pa_auc_pr,continuous,4096,3,0.0940073672682046,ok
dense-fragmented,pa_auc_pr,continuous,4096,4,0.0938501115888357,ok
dense-fragmented,pa_auc_pr,continuous,8192,0,0.1851226994767785,ok
dense-fragmented,pa_auc_pr,continuous,8192,1,0.1867313981056213,ok
dense-fragmented,pa_auc_pr,continuous,8192,2,0.1849123276770115,ok
dense-fragmented,pa_auc_pr,continuous,8192,3,0.185725312680006,ok
dense-fragmented,pa_auc_pr,continuous,8192,4,0.1847090134397149,ok
dense-fragmented,pa_auc_pr,continuous,16384,0,0.3699952978640795,ok
dense-fragmented,pa_auc_pr,continuous,16384,1,0.3720039241015911,ok
dense-fragmented,pa_auc_pr,continuous,16384,2,0.3731862884014845,ok
dense-fragmented,pa_auc_pr,continuous,16384,3,0.372406923212111,ok
dense-fragmented,pa_auc_pr,continuous,16384,4,0.3726034741848707,ok
dense-fragmented,pa_auc_pr,continuous,32768,0,0.7374712508171797,ok
dense-fragmented,pa_auc_pr,continuous,32768,1,0.738028159365058,ok
dense-fragmented,pa_auc_pr,continuous,32768,2,0.7382239801809192,ok
dense-fragmented,pa_auc_pr,continuous,32768,3,0.740375941619277,ok
dense-fragmented,pa_auc_pr,continuous,32768,4,0.7422934556379914,ok
dense-fragmented,pa_auc_pr,continuous,65536,0,1.4769491087645292,ok
dense-fragmented,pa_auc_pr,continuous,65536,1,1.483328209258616,ok
dense-fragmented,pa_auc_pr,continuous,65536,2,1.4787720432505012,ok
dense-fragmented,pa_auc_pr,continuous,65536,3,1.4801942184567451,ok
dense-fragmented,pa_auc_pr,continuous,65536,4,1.4733699532225728,ok
dense-fragmented,pa_auc_pr,continuous,131072,0,2.9496351340785623,ok
dense-fragmented,pa_auc_pr,continuous,131072,1,2.9622639920562506,ok
dense-fragmented,pa_auc_pr,continuous,131072,2,2.9529488049447536,ok
dense-fragmented,pa_auc_pr,continuous,131072,3,2.963466485962272,ok
dense-fragmented,pa_auc_pr,continuous,131072,4,2.956052419729531,ok
dense-fragmented,pa_auc_pr,continuous,262144,0,5.930315373465419,ok
dense-fragmented,pa_auc_pr,continuous,262144,1,5.895555024966598,ok
dense-fragmented,pa_auc_pr,continuous,262144,2,5.88018548861146,ok
dense-fragmented,pa_auc_pr,continuous,262144,3,5.887509679421783,ok
dense-fragmented,pa_auc_pr,continuous,262144,4,5.9104765094816685,ok
dense-fragmented,pa_auc_pr,continuous,524288,0,11.92412676475942,ok
dense-fragmented,pa_auc_pr,continuous,524288,1,11.91373314987868,ok
dense-fragmented,pa_auc_pr,continuous,524288,2,11.90167841501534,ok
dense-fragmented,pa_auc_pr,continuous,524288,3,11.934338800609112,ok
dense-fragmented,pa_auc_pr,continuous,524288,4,11.93572259042412,ok
dense-fragmented,pa_auc_pr,continuous,1048576,0,23.818986289203167,ok
dense-fragmented,pa_auc_pr,continuous,1048576,1,23.712388079613447,ok
dense-fragmented,pa_auc_pr,continuous,1048576,2,23.66279230453074,ok
dense-fragmented,pa_auc_pr,continuous,1048576,3,23.813326843082905,ok
dense-fragmented,pa_auc_pr,continuous,1048576,4,23.639294682070613,ok
dense-fragmented,pa_auc_roc,continuous,256,0,0.0065809972584247,ok
dense-fragmented,pa_auc_roc,continuous,256,1,0.0062877926975488,ok
dense-fragmented,pa_auc_roc,continuous,256,2,0.006298379972577,ok
dense-fragmented,pa_auc_roc,continuous,256,3,0.0062774363905191,ok
dense-fragmented,pa_auc_roc,continuous,256,4,0.0063130538910627,ok
dense-fragmented,pa_auc_roc,continuous,512,0,0.012187092565,ok
dense-fragmented,pa_auc_roc,continuous,512,1,0.0121654933318495,ok
dense-fragmented,pa_auc_roc,continuous,512,2,0.012188309803605,ok
dense-fragmented,pa_auc_roc,continuous,512,3,0.0121929002925753,ok
dense-fragmented,pa_auc_roc,continuous,512,4,0.0121834967285394,ok
dense-fragmented,pa_auc_roc,continuous,1024,0,0.0237381625920534,ok
dense-fragmented,pa_auc_roc,continuous,1024,1,0.0236971881240606,ok
dense-fragmented,pa_auc_roc,continuous,1024,2,0.0236832816153764,ok
dense-fragmented,pa_auc_roc,continuous,1024,3,0.0237019257619977,ok
dense-fragmented,pa_auc_roc,continuous,1024,4,0.0236505633220076,ok
dense-fragmented,pa_auc_roc,continuous,2048,0,0.0469968654215335,ok
dense-fragmented,pa_auc_roc,continuous,2048,1,0.0469283331185579,ok
dense-fragmented,pa_auc_roc,continuous,2048,2,0.0469073066487908,ok
dense-fragmented,pa_auc_roc,continuous,2048,3,0.0463962843641638,ok
dense-fragmented,pa_auc_roc,continuous,2048,4,0.0478182584047317,ok
dense-fragmented,pa_auc_roc,continuous,4096,0,0.0945200817659497,ok
dense-fragmented,pa_auc_roc,continuous,4096,1,0.0934020904824137,ok
dense-fragmented,pa_auc_roc,continuous,4096,2,0.0930229611694812,ok
dense-fragmented,pa_auc_roc,continuous,4096,3,0.0928538553416729,ok
dense-fragmented,pa_auc_roc,continuous,4096,4,0.0930774230509996,ok
dense-fragmented,pa_auc_roc,continuous,8192,0,0.1838714508339762,ok
dense-fragmented,pa_auc_roc,continuous,8192,1,0.1853053905069828,ok
dense-fragmented,pa_auc_roc,continuous,8192,2,0.1841726899147033,ok
dense-fragmented,pa_auc_roc,continuous,8192,3,0.1851887730881571,ok
dense-fragmented,pa_auc_roc,continuous,8192,4,0.1845438536256551,ok
dense-fragmented,pa_auc_roc,continuous,16384,0,0.3734711892902851,ok
dense-fragmented,pa_auc_roc,continuous,16384,1,0.3688068445771932,ok
dense-fragmented,pa_auc_roc,continuous,16384,2,0.3702740529552102,ok
dense-fragmented,pa_auc_roc,continuous,16384,3,0.3722627703100443,ok
dense-fragmented,pa_auc_roc,continuous,16384,4,0.3679158054292202,ok
dense-fragmented,pa_auc_roc,continuous,32768,0,0.7358043864369392,ok
dense-fragmented,pa_auc_roc,continuous,32768,1,0.7404506281018257,ok
dense-fragmented,pa_auc_roc,continuous,32768,2,0.7349465666338801,ok
dense-fragmented,pa_auc_roc,continuous,32768,3,0.7367427824065089,ok
dense-fragmented,pa_auc_roc,continuous,32768,4,0.7377635464072227,ok
dense-fragmented,pa_auc_roc,continuous,65536,0,1.4741597957909107,ok
dense-fragmented,pa_auc_roc,continuous,65536,1,1.4805187722668052,ok
dense-fragmented,pa_auc_roc,continuous,65536,2,1.4662729911506176,ok
dense-fragmented,pa_auc_roc,continuous,65536,3,1.467123149894178,ok
dense-fragmented,pa_auc_roc,continuous,65536,4,1.4690921436995268,ok
dense-fragmented,pa_auc_roc,continuous,131072,0,2.952573503367603,ok
dense-fragmented,pa_auc_roc,continuous,131072,1,2.939401041716337,ok
dense-fragmented,pa_auc_roc,continuous,131072,2,2.9523533433675766,ok
dense-fragmented,pa_auc_roc,continuous,131072,3,2.9492113860324025,ok
dense-fragmented,pa_auc_roc,continuous,131072,4,2.952164790593088,ok
dense-fragmented,pa_auc_roc,continuous,262144,0,5.937526970170438,ok
dense-fragmented,pa_auc_roc,continuous,262144,1,5.918044472113252,ok
dense-fragmented,pa_auc_roc,continuous,262144,2,5.914988441392779,ok
dense-fragmented,pa_auc_roc,continuous,262144,3,5.883746335282922,ok
dense-fragmented,pa_auc_roc,continuous,262144,4,5.898151645436883,ok
dense-fragmented,pa_auc_roc,continuous,524288,0,11.92053698655218,ok
dense-fragmented,pa_auc_roc,continuous,524288,1,11.929681254550816,ok
dense-fragmented,pa_auc_roc,continuous,524288,2,11.831212773919106,ok
dense-fragmented,pa_auc_roc,continuous,524288,3,11.89965645596385,ok
dense-fragmented,pa_auc_roc,continuous,524288,4,11.870645961724222,ok
dense-fragmented,pa_auc_roc,continuous,1048576,0,23.709704010747373,ok
dense-fragmented,pa_auc_roc,continuous,1048576,1,23.76969296205789,ok
dense-fragmented,pa_auc_roc,continuous,1048576,2,23.774472313001752,ok
dense-fragmented,pa_auc_roc,continuous,1048576,3,23.65972356684506,ok
dense-fragmented,pa_auc_roc,continuous,1048576,4,23.77261867187917,ok
dense-fragmented,paf,binary,256,0,0.0009140092879533,ok
dense-fragmented,paf,binary,256,1,0.0006067296490073,ok
dense-fragmented,paf,binary,256,2,0.000677733682096,ok
dense-fragmented,paf,binary,256,3,0.0006687184795737,ok
dense-fragmented,paf,binary,256,4,0.00068577285856,ok
dense-fragmented,paf,binary,512,0,0.0008290382102131,ok
dense-fragmented,paf,binary,512,1,0.0008029658347368,ok
dense-fragmented,paf,binary,512,2,0.0008081821724772,ok
dense-fragmented,paf,binary,512,3,0.0008538253605365,ok
dense-fragmented,paf,binary,512,4,0.0008088834583759,ok
dense-fragmented,paf,binary,1024,0,0.001107508316636,ok
dense-fragmented,paf,binary,1024,1,0.0010819695889949,ok
dense-fragmented,paf,binary,1024,2,0.0010794084519147,ok
dense-fragmented,paf,binary,1024,3,0.0010771062225103,ok
dense-fragmented,paf,binary,1024,4,0.0010804831981658,ok
dense-fragmented,paf,binary,2048,0,0.0017105406150221,ok
dense-fragmented,paf,binary,2048,1,0.0016874764114618,ok
dense-fragmented,paf,binary,2048,2,0.0016926135867834,ok
dense-fragmented,paf,binary,2048,3,0.0016920296475291,ok
dense-fragmented,paf,binary,2048,4,0.0017115036025643,ok
dense-fragmented,paf,binary,4096,0,0.0028658676892518,ok
dense-fragmented,paf,binary,4096,1,0.002866038121283,ok
dense-fragmented,paf,binary,4096,2,0.0028293142095208,ok
dense-fragmented,paf,binary,4096,3,0.0028161192312836,ok
dense-fragmented,paf,binary,4096,4,0.0028636343777179,ok
dense-fragmented,paf,binary,8192,0,0.0050948001444339,ok
dense-fragmented,paf,binary,8192,1,0.0050268648192286,ok
dense-fragmented,paf,binary,8192,2,0.0050446055829524,ok
dense-fragmented,paf,binary,8192,3,0.0049783838912844,ok
dense-fragmented,paf,binary,8192,4,0.0050315083935856,ok
dense-fragmented,paf,binary,16384,0,0.0096419798210263,ok
dense-fragmented,paf,binary,16384,1,0.009821887128055,ok
dense-fragmented,paf,binary,16384,2,0.0095819924026727,ok
dense-fragmented,paf,binary,16384,3,0.009668044745922,ok
dense-fragmented,paf,binary,16384,4,0.0092131039127707,ok
dense-fragmented,paf,binary,32768,0,0.0181144597008824,ok
dense-fragmented,paf,binary,32768,1,0.0162492282688617,ok
dense-fragmented,paf,binary,32768,2,0.0163445966318249,ok
dense-fragmented,paf,binary,32768,3,0.0164258917793631,ok
dense-fragmented,paf,binary,32768,4,0.0163953388109803,ok
dense-fragmented,paf,binary,65536,0,0.0313048316165804,ok
dense-fragmented,paf,binary,65536,1,0.0309193842113018,ok
dense-fragmented,paf,binary,65536,2,0.0309827169403433,ok
dense-fragmented,paf,binary,65536,3,0.0313754435628652,ok
dense-fragmented,paf,binary,65536,4,0.0310288872569799,ok
dense-fragmented,paf,binary,131072,0,0.0632047094404697,ok
dense-fragmented,paf,binary,131072,1,0.0620374977588653,ok
dense-fragmented,paf,binary,131072,2,0.0617263605818152,ok
dense-fragmented,paf,binary,131072,3,0.0613793227821588,ok
dense-fragmented,paf,binary,131072,4,0.0621096612885594,ok
dense-fragmented,paf,binary,262144,0,0.1243135584518313,ok
dense-fragmented,paf,binary,262144,1,0.12295972276479,ok
dense-fragmented,paf,binary,262144,2,0.1237053889781236,ok
dense-fragmented,paf,binary,262144,3,0.1226845206692814,ok
dense-fragmented,paf,binary,262144,4,0.124152417294681,ok
dense-fragmented,paf,binary,524288,0,0.2484317068010568,ok
dense-fragmented,paf,binary,524288,1,0.2482616258785128,ok
dense-fragmented,paf,binary,524288,2,0.246474927291274,ok
dense-fragmented,paf,binary,524288,3,0.2438661735504865,ok
dense-fragmented,paf,binary,524288,4,0.2485671443864703,ok
dense-fragmented,paf,binary,1048576,0,0.4990428322926163,ok
dense-fragmented,paf,binary,1048576,1,0.4977304451167583,ok
dense-fragmented,paf,binary,1048576,2,0.4862760351970792,ok
dense-fragmented,paf,binary,1048576,3,0.4987404216080904,ok
dense-fragmented,paf,binary,1048576,4,0.4941678997129202,ok
dense-fragmented,pak,continuous,256,0,0.0003322083503007,ok
dense-fragmented,pak,continuous,256,1,0.0002811467275023,ok
dense-fragmented,pak,continuous,256,2,0.0002779616042971,ok
dense-fragmented,pak,continuous,256,3,0.0002802824601531,ok
dense-fragmented,pak,continuous,256,4,0.0002792123705148,ok
dense-fragmented,pak,continuous,512,0,0.0002770330756902,ok
dense-fragmented,pak,continuous,512,1,0.0002885181456804,ok
dense-fragmented,pak,continuous,512,2,0.0002898322418332,ok
dense-fragmented,pak,continuous,512,3,0.0002899086102843,ok
dense-fragmented,pak,continuous,512,4,0.000290198251605,ok
dense-fragmented,pak,continuous,1024,0,0.0002974914386868,ok
dense-fragmented,pak,continuous,1024,1,0.0003105355426669,ok
dense-fragmented,pak,continuous,1024,2,0.0003054467961192,ok
dense-fragmented,pak,continuous,1024,3,0.0003068847581744,ok
dense-fragmented,pak,continuous,1024,4,0.0003054114058613,ok
dense-fragmented,pak,continuous,2048,0,0.0003297580406069,ok
dense-fragmented,pak,continuous,2048,1,0.0003370996564626,ok
dense-fragmented,pak,continuous,2048,2,0.0003362344577908,ok
dense-fragmented,pak,continuous,2048,3,0.0003369832411408,ok
dense-fragmented,pak,continuous,2048,4,0.0003366107121109,ok
dense-fragmented,pak,continuous,4096,0,0.0003996789455413,ok
dense-fragmented,pak,continuous,4096,1,0.0004421323537826,ok
dense-fragmented,pak,continuous,4096,2,0.0003969045355916,ok
dense-fragmented,pak,continuous,4096,3,0.0005979677662253,ok
dense-fragmented,pak,continuous,4096,4,0.0005612671375274,ok
dense-fragmented,pak,continuous,8192,0,0.0006972076371312,ok
dense-fragmented,pak,continuous,8192,1,0.0007186103612184,ok
dense-fragmented,pak,continuous,8192,2,0.0006621116772294,ok
dense-fragmented,pak,continuous,8192,3,0.0006611151620745,ok
dense-fragmented,pak,continuous,8192,4,0.0006630327552556,ok
dense-fragmented,pak,continuous,16384,0,0.0010768873617053,ok
dense-fragmented,pak,continuous,16384,1,0.0009588887915015,ok
dense-fragmented,pak,continuous,16384,2,0.0009774044156074,ok
dense-fragmented,pak,continuous,16384,3,0.0009553525596857,ok
dense-fragmented,pak,continuous,16384,4,0.0009780982509255,ok
dense-fragmented,pak,continuous,32768,0,0.0019586747512221,ok
dense-fragmented,pak,continuous,32768,1,0.0017541879788041,ok
dense-fragmented,pak,continuous,32768,2,0.0017405012622475,ok
dense-fragmented,pak,continuous,32768,3,0.0017444929108023,ok
dense-fragmented,pak,continuous,32768,4,0.0017332714051008,ok
dense-fragmented,pak,continuous,65536,0,0.0030056787654757,ok
dense-fragmented,pak,continuous,65536,1,0.0026102997362613,ok
dense-fragmented,pak,continuous,65536,2,0.0026539731770753,ok
dense-fragmented,pak,continuous,65536,3,0.0026447987183928,ok
dense-fragmented,pak,continuous,65536,4,0.0026130648329854,ok
dense-fragmented,pak,continuous,131072,0,0.00568622443825,ok
dense-fragmented,pak,continuous,131072,1,0.005106521770358,ok
dense-fragmented,pak,continuous,131072,2,0.005125518888235,ok
dense-fragmented,pak,continuous,131072,3,0.0051039233803749,ok
dense-fragmented,pak,continuous,131072,4,0.0051621841266751,ok
dense-fragmented,pak,continuous,262144,0,0.0126938922330737,ok
dense-fragmented,pak,continuous,262144,1,0.0103357527405023,ok
dense-fragmented,pak,continuous,262144,2,0.0101913195103406,ok
dense-fragmented,pak,continuous,262144,3,0.0097436960786581,ok
dense-fragmented,pak,continuous,262144,4,0.0097455186769366,ok
dense-fragmented,pak,continuous,524288,0,0.0186283662915229,ok
dense-fragmented,pak,continuous,524288,1,0.0160357896238565,ok
dense-fragmented,pak,continuous,524288,2,0.0159014528617262,ok
dense-fragmented,pak,continuous,524288,3,0.0159352421760559,ok
dense-fragmented,pak,continuous,524288,4,0.0158411171287298,ok
dense-fragmented,pak,continuous,1048576,0,0.0339820394292473,ok
dense-fragmented,pak,continuous,1048576,1,0.0338497376069426,ok
dense-fragmented,pak,continuous,1048576,2,0.0338596478104591,ok
dense-fragmented,pak,continuous,1048576,3,0.0340432245284318,ok
dense-fragmented,pak,continuous,1048576,4,0.0339649496600031,ok
dense-fragmented,pakf,binary,256,0,0.0005679065361618,ok
dense-fragmented,pakf,binary,256,1,0.0005142074078321,ok
dense-fragmented,pakf,binary,256,2,0.0004676403477787,ok
dense-fragmented,pakf,binary,256,3,0.0004886109381914,ok
dense-fragmented,pakf,binary,256,4,0.0004693325608968,ok
dense-fragmented,pakf,binary,512,0,0.0005332371219992,ok
dense-fragmented,pakf,binary,512,1,0.0005480274558067,ok
dense-fragmented,pakf,binary,512,2,0.0005088439211249,ok
dense-fragmented,pakf,binary,512,3,0.000549579039216,ok
dense-fragmented,pakf,binary,512,4,0.0005117934197187,ok
dense-fragmented,pakf,binary,1024,0,0.0005899555981159,ok
dense-fragmented,pakf,binary,1024,1,0.0007025524973869,ok
dense-fragmented,pakf,binary,1024,2,0.0007002158090472,ok
dense-fragmented,pakf,binary,1024,3,0.0006991242989897,ok
dense-fragmented,pakf,binary,1024,4,0.0007002493366599,ok
dense-fragmented,pakf,binary,2048,0,0.0008534453809261,ok
dense-fragmented,pakf,binary,2048,1,0.0008704699575901,ok
dense-fragmented,pakf,binary,2048,2,0.0008643064647912,ok
dense-fragmented,pakf,binary,2048,3,0.0008762516081333,ok
dense-fragmented,pakf,binary,2048,4,0.000860022380948,ok
dense-fragmented,pakf,binary,4096,0,0.0011544954031705,ok
dense-fragmented,pakf,binary,4096,1,0.0011627068743109,ok
dense-fragmented,pakf,binary,4096,2,0.0011689458042383,ok
dense-fragmented,pakf,binary,4096,3,0.0011986838653683,ok
dense-fragmented,pakf,binary,4096,4,0.001162770204246,ok
dense-fragmented,pakf,binary,8192,0,0.0017564408481121,ok
dense-fragmented,pakf,binary,8192,1,0.001710201613605,ok
dense-fragmented,pakf,binary,8192,2,0.0017054546624422,ok
dense-fragmented,pakf,binary,8192,3,0.0016975626349449,ok
dense-fragmented,pakf,binary,8192,4,0.0017172740772366,ok
dense-fragmented,pakf,binary,16384,0,0.0030099768191576,ok
dense-fragmented,pakf,binary,16384,1,0.0029305629432201,ok
dense-fragmented,pakf,binary,16384,2,0.0029138568788766,ok
dense-fragmented,pakf,binary,16384,3,0.0029909750446677,ok
dense-fragmented,pakf,binary,16384,4,0.0030058678239583,ok
dense-fragmented,pakf,binary,32768,0,0.0051547503098845,ok
dense-fragmented,pakf,binary,32768,1,0.0051034558564424,ok
dense-fragmented,pakf,binary,32768,2,0.0050579784438014,ok
dense-fragmented,pakf,binary,32768,3,0.0050806729122996,ok
dense-fragmented,pakf,binary,32768,4,0.0051525142043828,ok
dense-fragmented,pakf,binary,65536,0,0.0096515081822872,ok
dense-fragmented,pakf,binary,65536,1,0.0098012778908014,ok
dense-fragmented,pakf,binary,65536,2,0.0095069939270615,ok
dense-fragmented,pakf,binary,65536,3,0.0096881911158561,ok
dense-fragmented,pakf,binary,65536,4,0.0096023399382829,ok
dense-fragmented,pakf,binary,131072,0,0.0203138282522559,ok
dense-fragmented,pakf,binary,131072,1,0.0202452847734093,ok
dense-fragmented,pakf,binary,131072,2,0.0201437827199697,ok
dense-fragmented,pakf,binary,131072,3,0.0202092584222555,ok
dense-fragmented,pakf,binary,131072,4,0.0201972387731075,ok
dense-fragmented,pakf,binary,262144,0,0.0403626365587115,ok
dense-fragmented,pakf,binary,262144,1,0.0398088134825229,ok
dense-fragmented,pakf,binary,262144,2,0.0399440368637442,ok
dense-fragmented,pakf,binary,262144,3,0.0394997699186205,ok
dense-fragmented,pakf,binary,262144,4,0.0394513830542564,ok
dense-fragmented,pakf,binary,524288,0,0.0772994514554739,ok
dense-fragmented,pakf,binary,524288,1,0.077100059017539,ok
dense-fragmented,pakf,binary,524288,2,0.0769148636609315,ok
dense-fragmented,pakf,binary,524288,3,0.0766121065244078,ok
dense-fragmented,pakf,binary,524288,4,0.072006469592452,ok
dense-fragmented,pakf,binary,1048576,0,0.1378909824416041,ok
dense-fragmented,pakf,binary,1048576,1,0.1404926888644695,ok
dense-fragmented,pakf,binary,1048576,2,0.1404917668551206,ok
dense-fragmented,pakf,binary,1048576,3,0.1408423250541091,ok
dense-fragmented,pakf,binary,1048576,4,0.140918300487101,ok
dense-fragmented,paklf,binary,256,0,0.0007516955956816,ok
dense-fragmented,paklf,binary,256,1,0.0006504971534013,ok
dense-fragmented,paklf,binary,256,2,0.0006770435720682,ok
dense-fragmented,paklf,binary,256,3,0.0006859293207526,ok
dense-fragmented,paklf,binary,256,4,0.0006458051502704,ok
dense-fragmented,paklf,binary,512,0,0.000926517881453,ok
dense-fragmented,paklf,binary,512,1,0.0008832830935716,ok
dense-fragmented,paklf,binary,512,2,0.0009060818701982,ok
dense-fragmented,paklf,binary,512,3,0.000949865207076,ok
dense-fragmented,paklf,binary,512,4,0.000887026078999,ok
dense-fragmented,paklf,binary,1024,0,0.0012891590595245,ok
dense-fragmented,paklf,binary,1024,1,0.0012299073860049,ok
dense-fragmented,paklf,binary,1024,2,0.0012270044535398,ok
dense-fragmented,paklf,binary,1024,3,0.0012268926948308,ok
dense-fragmented,paklf,binary,1024,4,0.0012261485680937,ok
dense-fragmented,paklf,binary,2048,0,0.0022923778742551,ok
dense-fragmented,paklf,binary,2048,1,0.002309463918209,ok
dense-fragmented,paklf,binary,2048,2,0.002253396436572,ok
dense-fragmented,paklf,binary,2048,3,0.0022174222394824,ok
dense-fragmented,paklf,binary,2048,4,0.0022714026272296,ok
dense-fragmented,paklf,binary,4096,0,0.0041836202144622,ok
dense-fragmented,paklf,binary,4096,1,0.0041793119162321,ok
dense-fragmented,paklf,binary,4096,2,0.0041332300752401,ok
dense-fragmented,paklf,binary,4096,3,0.0041519990190863,ok
dense-fragmented,paklf,binary,4096,4,0.0041598379611968,ok
dense-fragmented,paklf,binary,8192,0,0.0073604648932814,ok
dense-fragmented,paklf,binary,8192,1,0.0072370739653706,ok
dense-fragmented,paklf,binary,8192,2,0.0073199495673179,ok
dense-fragmented,paklf,binary,8192,3,0.0072850752621889,ok
dense-fragmented,paklf,binary,8192,4,0.0072873970493674,ok
dense-fragmented,paklf,binary,16384,0,0.0151884565129876,ok
dense-fragmented,paklf,binary,16384,1,0.0150423320010304,ok
dense-fragmented,paklf,binary,16384,2,0.0150769855827093,ok
dense-fragmented,paklf,binary,16384,3,0.015034494921565,ok
dense-fragmented,paklf,binary,16384,4,0.0150844529271125,ok
dense-fragmented,paklf,binary,32768,0,0.0296947509050369,ok
dense-fragmented,paklf,binary,32768,1,0.0273948926478624,ok
dense-fragmented,paklf,binary,32768,2,0.0270841429010033,ok
dense-fragmented,paklf,binary,32768,3,0.0271226707845926,ok
dense-fragmented,paklf,binary,32768,4,0.0271823639050126,ok
dense-fragmented,paklf,binary,65536,0,0.055965675972402,ok
dense-fragmented,paklf,binary,65536,1,0.0554706724360585,ok
dense-fragmented,paklf,binary,65536,2,0.0556905381381511,ok
dense-fragmented,paklf,binary,65536,3,0.0559429470449686,ok
dense-fragmented,paklf,binary,65536,4,0.0555973052978515,ok
dense-fragmented,paklf,binary,131072,0,0.1143137048929929,ok
dense-fragmented,paklf,binary,131072,1,0.1138600623235106,ok
dense-fragmented,paklf,binary,131072,2,0.1138390349224209,ok
dense-fragmented,paklf,binary,131072,3,0.1139578009024262,ok
dense-fragmented,paklf,binary,131072,4,0.1138732284307479,ok
dense-fragmented,paklf,binary,262144,0,0.2299144677817821,ok
dense-fragmented,paklf,binary,262144,1,0.2296118894591927,ok
dense-fragmented,paklf,binary,262144,2,0.2301530800759792,ok
dense-fragmented,paklf,binary,262144,3,0.2297642938792705,ok
dense-fragmented,paklf,binary,262144,4,0.2292073154821992,ok
dense-fragmented,paklf,binary,524288,0,0.4498977418988943,ok
dense-fragmented,paklf,binary,524288,1,0.447222757153213,ok
dense-fragmented,paklf,binary,524288,2,0.4495539106428623,ok
dense-fragmented,paklf,binary,524288,3,0.4483964005485177,ok
dense-fragmented,paklf,binary,524288,4,0.4472790407016873,ok
dense-fragmented,paklf,binary,1048576,0,0.9160611955448984,ok
dense-fragmented,paklf,binary,1048576,1,0.9161431631073356,ok
dense-fragmented,paklf,binary,1048576,2,0.913424209691584,ok
dense-fragmented,paklf,binary,1048576,3,0.914699331857264,ok
dense-fragmented,paklf,binary,1048576,4,0.9232531422749162,ok
dense-fragmented,pate,continuous,256,0,0.5630127331241965,ok
dense-fragmented,pate,continuous,256,1,0.5608541024848819,ok
dense-fragmented,pate,continuous,256,2,0.5613507507368922,ok
dense-fragmented,pate,continuous,256,3,0.5611340701580048,ok
dense-fragmented,pate,continuous,256,4,0.5625520795583725,ok
dense-fragmented,pate,continuous,512,0,1.6584572223946452,ok
dense-fragmented,pate,continuous,512,1,1.655872673727572,ok
dense-fragmented,pate,continuous,512,2,1.6544905053451655,ok
dense-fragmented,pate,continuous,512,3,1.6555009614676237,ok
dense-fragmented,pate,continuous,512,4,1.657266715541482,ok
dense-fragmented,pate,continuous,1024,0,5.354372285306454,ok
dense-fragmented,pate,continuous,1024,1,5.349166565574706,ok
dense-fragmented,pate,continuous,1024,2,5.344890763051808,ok
dense-fragmented,pate,continuous,1024,3,5.357988853938878,ok
dense-fragmented,pate,continuous,1024,4,5.34837379027158,ok
dense-fragmented,pate,continuous,2048,0,23.36709402408451,ok
dense-fragmented,pate,continuous,2048,1,23.377914645709097,ok
dense-fragmented,pate,continuous,2048,2,23.41837648488581,ok
dense-fragmented,pate,continuous,2048,3,23.379597291350365,ok
dense-fragmented,pate,continuous,2048,4,23.375912400893867,ok
dense-fragmented,pate,continuous,4096,0,88.8438127124682,ok
dense-fragmented,pate,continuous,4096,1,88.66144290938973,ok
dense-fragmented,pate,continuous,4096,2,88.66669620480388,ok
dense-fragmented,pate,continuous,4096,3,88.77721827011555,ok
dense-fragmented,pate,continuous,4096,4,88.59696912020445,ok
dense-fragmented,pate,continuous,8192,0,356.6058577280492,ok
dense-fragmented,pate,continuous,8192,1,356.7538685472682,ok
dense-fragmented,pate,continuous,8192,2,356.2886633882299,ok
dense-fragmented,pate,continuous,8192,3,355.66404086817056,ok
dense-fragmented,pate,continuous,8192,4,355.4793029986322,ok
dense-fragmented,pate,continuous,16384,0,1477.864328305237,ok
dense-fragmented,pate,continuous,16384,1,1478.976315787062,ok
dense-fragmented,pate,continuous,16384,2,1477.109407593496,ok
dense-fragmented,pate,continuous,16384,3,1479.2483029551804,ok
dense-fragmented,pate,continuous,16384,4,1475.9020493049177,ok
dense-fragmented,pate,continuous,32768,0,5779.836124351248,ok
dense-fragmented,pate,continuous,32768,1,5798.3845362449065,ok
dense-fragmented,pate,continuous,32768,2,5766.799006930552,ok
dense-fragmented,pate,continuous,32768,3,5807.348792071454,ok
dense-fragmented,pate,continuous,32768,4,5795.1150727188215,ok
dense-fragmented,pate,continuous,65536,0,23756.865255350247,ok
dense-fragmented,pate,continuous,65536,1,23728.841606675647,ok
dense-fragmented,pate,continuous,65536,2,23794.88914913591,ok
dense-fragmented,pate,continuous,65536,3,23719.93056400772,ok
dense-fragmented,pate,continuous,65536,4,23716.35256544221,ok
dense-fragmented,pate,continuous,131072,0,86400.0,timeout
dense-fragmented,pate,continuous,131072,1,86400.0,timeout
dense-fragmented,pate,continuous,131072,2,86400.0,timeout
dense-fragmented,pate,continuous,131072,3,86400.0,timeout
dense-fragmented,pate,continuous,131072,4,86400.0,timeout
dense-fragmented,pate,continuous,262144,0,86400.0,timeout
dense-fragmented,pate,continuous,262144,1,86400.0,timeout
dense-fragmented,pate,continuous,262144,2,86400.0,timeout
dense-fragmented,pate,continuous,262144,3,86400.0,timeout
dense-fragmented,pate,continuous,262144,4,86400.0,timeout
dense-fragmented,pate,continuous,524288,0,86400.0,timeout
dense-fragmented,pate,continuous,524288,1,86400.0,timeout
dense-fragmented,pate,continuous,524288,2,86400.0,timeout
dense-fragmented,pate,continuous,524288,3,86400.0,timeout
dense-fragmented,pate,continuous,524288,4,86400.0,timeout
dense-fragmented,pate,continuous,1048576,0,86400.0,timeout
dense-fragmented,pate,continuous,1048576,1,86400.0,timeout
dense-fragmented,pate,continuous,1048576,2,86400.0,timeout
dense-fragmented,pate,continuous,1048576,3,86400.0,timeout
dense-fragmented,pate,continuous,1048576,4,86400.0,timeout
dense-fragmented,pate_f1,binary,256,0,0.0033051837235689,ok
dense-fragmented,pate_f1,binary,256,1,0.0024412628263235,ok
dense-fragmented,pate_f1,binary,256,2,0.0024498654529452,ok
dense-fragmented,pate_f1,binary,256,3,0.0024789627641439,ok
dense-fragmented,pate_f1,binary,256,4,0.0024118367582559,ok
dense-fragmented,pate_f1,binary,512,0,0.006857693195343,ok
dense-fragmented,pate_f1,binary,512,1,0.0067902728915214,ok
dense-fragmented,pate_f1,binary,512,2,0.0068188328295946,ok
dense-fragmented,pate_f1,binary,512,3,0.0069655701518058,ok
dense-fragmented,pate_f1,binary,512,4,0.0067964233458042,ok
dense-fragmented,pate_f1,binary,1024,0,0.0202983953058719,ok
dense-fragmented,pate_f1,binary,1024,1,0.0200317427515983,ok
dense-fragmented,pate_f1,binary,1024,2,0.0200799936428666,ok
dense-fragmented,pate_f1,binary,1024,3,0.0201368555426597,ok
dense-fragmented,pate_f1,binary,1024,4,0.0200723484158515,ok
dense-fragmented,pate_f1,binary,2048,0,0.0897257095202803,ok
dense-fragmented,pate_f1,binary,2048,1,0.0888196164742112,ok
dense-fragmented,pate_f1,binary,2048,2,0.087570403702557,ok
dense-fragmented,pate_f1,binary,2048,3,0.0884945914149284,ok
dense-fragmented,pate_f1,binary,2048,4,0.0884625017642974,ok
dense-fragmented,pate_f1,binary,4096,0,0.3603845490142703,ok
dense-fragmented,pate_f1,binary,4096,1,0.3620313247665763,ok
dense-fragmented,pate_f1,binary,4096,2,0.3612647084519267,ok
dense-fragmented,pate_f1,binary,4096,3,0.3631969112902879,ok
dense-fragmented,pate_f1,binary,4096,4,0.3648263774812221,ok
dense-fragmented,pate_f1,binary,8192,0,1.3472345732152462,ok
dense-fragmented,pate_f1,binary,8192,1,1.3484276961535215,ok
dense-fragmented,pate_f1,binary,8192,2,1.342398215085268,ok
dense-fragmented,pate_f1,binary,8192,3,1.3553058877587318,ok
dense-fragmented,pate_f1,binary,8192,4,1.347193855792284,ok
dense-fragmented,pate_f1,binary,16384,0,5.814150654710829,ok
dense-fragmented,pate_f1,binary,16384,1,5.856140769086778,ok
dense-fragmented,pate_f1,binary,16384,2,5.840459282509983,ok
dense-fragmented,pate_f1,binary,16384,3,5.825056873261929,ok
dense-fragmented,pate_f1,binary,16384,4,5.820885960012674,ok
dense-fragmented,pate_f1,binary,32768,0,23.20334120094776,ok
dense-fragmented,pate_f1,binary,32768,1,23.2250531706959,ok
dense-fragmented,pate_f1,binary,32768,2,23.193560839630663,ok
dense-fragmented,pate_f1,binary,32768,3,23.188406001776457,ok
dense-fragmented,pate_f1,binary,32768,4,23.13941568043083,ok
dense-fragmented,pate_f1,binary,65536,0,92.78987925406544,ok
dense-fragmented,pate_f1,binary,65536,1,93.13376748654991,ok
dense-fragmented,pate_f1,binary,65536,2,93.3167943675071,ok
dense-fragmented,pate_f1,binary,65536,3,92.90016054268926,ok
dense-fragmented,pate_f1,binary,65536,4,93.06991478521375,ok
dense-fragmented,pate_f1,binary,131072,0,384.2990319468081,ok
dense-fragmented,pate_f1,binary,131072,1,384.517462159507,ok
dense-fragmented,pate_f1,binary,131072,2,384.506420167163,ok
dense-fragmented,pate_f1,binary,131072,3,384.4855560902506,ok
dense-fragmented,pate_f1,binary,131072,4,384.137039734982,ok
dense-fragmented,pate_f1,binary,262144,0,1531.2238047635185,ok
dense-fragmented,pate_f1,binary,262144,1,1530.9986332105473,ok
dense-fragmented,pate_f1,binary,262144,2,1527.8473712727427,ok
dense-fragmented,pate_f1,binary,262144,3,1533.8702809158713,ok
dense-fragmented,pate_f1,binary,262144,4,1528.9233884252608,ok
dense-fragmented,pate_f1,binary,524288,0,6619.819670790806,ok
dense-fragmented,pate_f1,binary,524288,1,6637.532120594755,ok
dense-fragmented,pate_f1,binary,524288,2,6624.371127984487,ok
dense-fragmented,pate_f1,binary,524288,3,6619.999778332189,ok
dense-fragmented,pate_f1,binary,524288,4,6674.393726728857,ok
dense-fragmented,pate_f1,binary,1048576,0,27282.001765946858,ok
dense-fragmented,pate_f1,binary,1048576,1,27339.914836347103,ok
dense-fragmented,pate_f1,binary,1048576,2,27274.979400478303,ok
dense-fragmented,pate_f1,binary,1048576,3,27352.298245874237,ok
dense-fragmented,pate_f1,binary,1048576,4,27249.723540899344,ok
dense-fragmented,pw_auc_pr,continuous,256,0,0.0005360171198844,ok
dense-fragmented,pw_auc_pr,continuous,256,1,0.0003992635756731,ok
dense-fragmented,pw_auc_pr,continuous,256,2,0.000392303802073,ok
dense-fragmented,pw_auc_pr,continuous,256,3,0.000412262044847,ok
dense-fragmented,pw_auc_pr,continuous,256,4,0.0003938982263207,ok
dense-fragmented,pw_auc_pr,continuous,512,0,0.0004613660275936,ok
dense-fragmented,pw_auc_pr,continuous,512,1,0.000425511971116,ok
dense-fragmented,pw_auc_pr,continuous,512,2,0.0004227943718433,ok
dense-fragmented,pw_auc_pr,continuous,512,3,0.0004670592024922,ok
dense-fragmented,pw_auc_pr,continuous,512,4,0.0004226760938763,ok
dense-fragmented,pw_auc_pr,continuous,1024,0,0.0005187010392546,ok
dense-fragmented,pw_auc_pr,continuous,1024,1,0.0005387915298342,ok
dense-fragmented,pw_auc_pr,continuous,1024,2,0.0004862239584326,ok
dense-fragmented,pw_auc_pr,continuous,1024,3,0.0004837801679968,ok
dense-fragmented,pw_auc_pr,continuous,1024,4,0.0004819808527827,ok
dense-fragmented,pw_auc_pr,continuous,2048,0,0.000674202106893,ok
dense-fragmented,pw_auc_pr,continuous,2048,1,0.00059624761343,ok
dense-fragmented,pw_auc_pr,continuous,2048,2,0.0005966508761048,ok
dense-fragmented,pw_auc_pr,continuous,2048,3,0.0005990667268633,ok
dense-fragmented,pw_auc_pr,continuous,2048,4,0.0005993545055389,ok
dense-fragmented,pw_auc_pr,continuous,4096,0,0.0008801706135272,ok
dense-fragmented,pw_auc_pr,continuous,4096,1,0.0008771698921918,ok
dense-fragmented,pw_auc_pr,continuous,4096,2,0.0008412031456828,ok
dense-fragmented,pw_auc_pr,continuous,4096,3,0.0008613616228103,ok
dense-fragmented,pw_auc_pr,continuous,4096,4,0.000840718857944,ok
dense-fragmented,pw_auc_pr,continuous,8192,0,0.0013519981876015,ok
dense-fragmented,pw_auc_pr,continuous,8192,1,0.0013380972668528,ok
dense-fragmented,pw_auc_pr,continuous,8192,2,0.0013825241476297,ok
dense-fragmented,pw_auc_pr,continuous,8192,3,0.0013419445604085,ok
dense-fragmented,pw_auc_pr,continuous,8192,4,0.0013901079073548,ok
dense-fragmented,pw_auc_pr,continuous,16384,0,0.0026556067168712,ok
dense-fragmented,pw_auc_pr,continuous,16384,1,0.0026617581024765,ok
dense-fragmented,pw_auc_pr,continuous,16384,2,0.0026657935231924,ok
dense-fragmented,pw_auc_pr,continuous,16384,3,0.0026525110006332,ok
dense-fragmented,pw_auc_pr,continuous,16384,4,0.0026546409353613,ok
dense-fragmented,pw_auc_pr,continuous,32768,0,0.0050586024299263,ok
dense-fragmented,pw_auc_pr,continuous,32768,1,0.0050233723595738,ok
dense-fragmented,pw_auc_pr,continuous,32768,2,0.0050237495452165,ok
dense-fragmented,pw_auc_pr,continuous,32768,3,0.0050162421539425,ok
dense-fragmented,pw_auc_pr,continuous,32768,4,0.0050294669345021,ok
dense-fragmented,pw_auc_pr,continuous,65536,0,0.0103958565741777,ok
dense-fragmented,pw_auc_pr,continuous,65536,1,0.0102643137797713,ok
dense-fragmented,pw_auc_pr,continuous,65536,2,0.0102855078876018,ok
dense-fragmented,pw_auc_pr,continuous,65536,3,0.0102284643799066,ok
dense-fragmented,pw_auc_pr,continuous,65536,4,0.0102557372301816,ok
dense-fragmented,pw_auc_pr,continuous,131072,0,0.0215400271117687,ok
dense-fragmented,pw_auc_pr,continuous,131072,1,0.0214707674458622,ok
dense-fragmented,pw_auc_pr,continuous,131072,2,0.0214483896270394,ok
dense-fragmented,pw_auc_pr,continuous,131072,3,0.0214369520545005,ok
dense-fragmented,pw_auc_pr,continuous,131072,4,0.0213861251249909,ok
dense-fragmented,pw_auc_pr,continuous,262144,0,0.0465239314362406,ok
dense-fragmented,pw_auc_pr,continuous,262144,1,0.0457539688795805,ok
dense-fragmented,pw_auc_pr,continuous,262144,2,0.0456708576530218,ok
dense-fragmented,pw_auc_pr,continuous,262144,3,0.0456336783245205,ok
dense-fragmented,pw_auc_pr,continuous,262144,4,0.045595359057188,ok
dense-fragmented,pw_auc_pr,continuous,524288,0,0.1010434860363602,ok
dense-fragmented,pw_auc_pr,continuous,524288,1,0.1022871462628245,ok
dense-fragmented,pw_auc_pr,continuous,524288,2,0.1022206097841262,ok
dense-fragmented,pw_auc_pr,continuous,524288,3,0.1022310210391879,ok
dense-fragmented,pw_auc_pr,continuous,524288,4,0.1022325502708554,ok
dense-fragmented,pw_auc_pr,continuous,1048576,0,0.2129865922033786,ok
dense-fragmented,pw_auc_pr,continuous,1048576,1,0.2131558125838637,ok
dense-fragmented,pw_auc_pr,continuous,1048576,2,0.2156857186928391,ok
dense-fragmented,pw_auc_pr,continuous,1048576,3,0.2155716475099325,ok
dense-fragmented,pw_auc_pr,continuous,1048576,4,0.2132169073447585,ok
dense-fragmented,pw_auc_roc,continuous,256,0,0.0008627837523818,ok
dense-fragmented,pw_auc_roc,continuous,256,1,0.0006429031491279,ok
dense-fragmented,pw_auc_roc,continuous,256,2,0.0009223073720932,ok
dense-fragmented,pw_auc_roc,continuous,256,3,0.0006296392530202,ok
dense-fragmented,pw_auc_roc,continuous,256,4,0.000630684196949,ok
dense-fragmented,pw_auc_roc,continuous,512,0,0.0006865328177809,ok
dense-fragmented,pw_auc_roc,continuous,512,1,0.0009535979479551,ok
dense-fragmented,pw_auc_roc,continuous,512,2,0.0007660593837499,ok
dense-fragmented,pw_auc_roc,continuous,512,3,0.0007879128679633,ok
dense-fragmented,pw_auc_roc,continuous,512,4,0.0007668947800993,ok
dense-fragmented,pw_auc_roc,continuous,1024,0,0.0009094281122088,ok
dense-fragmented,pw_auc_roc,continuous,1024,1,0.000877670943737,ok
dense-fragmented,pw_auc_roc,continuous,1024,2,0.0008775107562541,ok
dense-fragmented,pw_auc_roc,continuous,1024,3,0.0008528474718332,ok
dense-fragmented,pw_auc_roc,continuous,1024,4,0.0008512549102306,ok
dense-fragmented,pw_auc_roc,continuous,2048,0,0.0010610623285174,ok
dense-fragmented,pw_auc_roc,continuous,2048,1,0.0010213889181613,ok
dense-fragmented,pw_auc_roc,continuous,2048,2,0.0010224925354123,ok
dense-fragmented,pw_auc_roc,continuous,2048,3,0.0010627638548612,ok
dense-fragmented,pw_auc_roc,continuous,2048,4,0.0010180044919252,ok
dense-fragmented,pw_auc_roc,continuous,4096,0,0.0014697117730975,ok
dense-fragmented,pw_auc_roc,continuous,4096,1,0.0013509541749954,ok
dense-fragmented,pw_auc_roc,continuous,4096,2,0.001365621574223,ok
dense-fragmented,pw_auc_roc,continuous,4096,3,0.0013764100149273,ok
dense-fragmented,pw_auc_roc,continuous,4096,4,0.0013679387047886,ok
dense-fragmented,pw_auc_roc,continuous,8192,0,0.0022491561248898,ok
dense-fragmented,pw_auc_roc,continuous,8192,1,0.0020534908398985,ok
dense-fragmented,pw_auc_roc,continuous,8192,2,0.0020494945347309,ok
dense-fragmented,pw_auc_roc,continuous,8192,3,0.0020468709990382,ok
dense-fragmented,pw_auc_roc,continuous,8192,4,0.0020425915718078,ok
dense-fragmented,pw_auc_roc,continuous,16384,0,0.0038486924022436,ok
dense-fragmented,pw_auc_roc,continuous,16384,1,0.0035178046673536,ok
dense-fragmented,pw_auc_roc,continuous,16384,2,0.0035229362547397,ok
dense-fragmented,pw_auc_roc,continuous,16384,3,0.0035219909623265,ok
dense-fragmented,pw_auc_roc,continuous,16384,4,0.0035448893904685,ok
dense-fragmented,pw_auc_roc,continuous,32768,0,0.0069749057292938,ok
dense-fragmented,pw_auc_roc,continuous,32768,1,0.0065706390887498,ok
dense-fragmented,pw_auc_roc,continuous,32768,2,0.0066012945026159,ok
dense-fragmented,pw_auc_roc,continuous,32768,3,0.0064859921112656,ok
dense-fragmented,pw_auc_roc,continuous,32768,4,0.0065820133313536,ok
dense-fragmented,pw_auc_roc,continuous,65536,0,0.0138834621757268,ok
dense-fragmented,pw_auc_roc,continuous,65536,1,0.0120017249137163,ok
dense-fragmented,pw_auc_roc,continuous,65536,2,0.0120301069691777,ok
dense-fragmented,pw_auc_roc,continuous,65536,3,0.0114574506878852,ok
dense-fragmented,pw_auc_roc,continuous,65536,4,0.0114586828276515,ok
dense-fragmented,pw_auc_roc,continuous,131072,0,0.0248003136366605,ok
dense-fragmented,pw_auc_roc,continuous,131072,1,0.023751669563353,ok
dense-fragmented,pw_auc_roc,continuous,131072,2,0.0237798308953642,ok
dense-fragmented,pw_auc_roc,continuous,131072,3,0.0237579839304089,ok
dense-fragmented,pw_auc_roc,continuous,131072,4,0.0237936899065971,ok
dense-fragmented,pw_auc_roc,continuous,262144,0,0.0527930799871683,ok
dense-fragmented,pw_auc_roc,continuous,262144,1,0.0506030721589922,ok
dense-fragmented,pw_auc_roc,continuous,262144,2,0.0505586611106991,ok
dense-fragmented,pw_auc_roc,continuous,262144,3,0.0505932038649916,ok
dense-fragmented,pw_auc_roc,continuous,262144,4,0.050600279122591,ok
dense-fragmented,pw_auc_roc,continuous,524288,0,0.1114248894155025,ok
dense-fragmented,pw_auc_roc,continuous,524288,1,0.1023122612386941,ok
dense-fragmented,pw_auc_roc,continuous,524288,2,0.1022316608577966,ok
dense-fragmented,pw_auc_roc,continuous,524288,3,0.1022848943248391,ok
dense-fragmented,pw_auc_roc,continuous,524288,4,0.0981379663571715,ok
dense-fragmented,pw_auc_roc,continuous,1048576,0,0.1987224454060197,ok
dense-fragmented,pw_auc_roc,continuous,1048576,1,0.2001953776925802,ok
dense-fragmented,pw_auc_roc,continuous,1048576,2,0.2002706136554479,ok
dense-fragmented,pw_auc_roc,continuous,1048576,3,0.2000263482332229,ok
dense-fragmented,pw_auc_roc,continuous,1048576,4,0.1986571131274104,ok
dense-fragmented,pwf,binary,256,0,0.0007275696843862,ok
dense-fragmented,pwf,binary,256,1,0.0003310544416308,ok
dense-fragmented,pwf,binary,256,2,0.0003156717866659,ok
dense-fragmented,pwf,binary,256,3,0.0003075096756219,ok
dense-fragmented,pwf,binary,256,4,0.0003318339586257,ok
dense-fragmented,pwf,binary,512,0,0.0003864215686917,ok
dense-fragmented,pwf,binary,512,1,0.0003246460109949,ok
dense-fragmented,pwf,binary,512,2,0.0003568045794963,ok
dense-fragmented,pwf,binary,512,3,0.000323349609971,ok
dense-fragmented,pwf,binary,512,4,0.0004040161147713,ok
dense-fragmented,pwf,binary,1024,0,0.0003907568752765,ok
dense-fragmented,pwf,binary,1024,1,0.0003393525257706,ok
dense-fragmented,pwf,binary,1024,2,0.0003336500376462,ok
dense-fragmented,pwf,binary,1024,3,0.0003412310034036,ok
dense-fragmented,pwf,binary,1024,4,0.0003405241295695,ok
dense-fragmented,pwf,binary,2048,0,0.0004271352663636,ok
dense-fragmented,pwf,binary,2048,1,0.0003896402195096,ok
dense-fragmented,pwf,binary,2048,2,0.0003604786470532,ok
dense-fragmented,pwf,binary,2048,3,0.0004071993753314,ok
dense-fragmented,pwf,binary,2048,4,0.0003612190485,ok
dense-fragmented,pwf,binary,4096,0,0.0004803352057933,ok
dense-fragmented,pwf,binary,4096,1,0.0004012305289506,ok
dense-fragmented,pwf,binary,4096,2,0.0004020500928163,ok
dense-fragmented,pwf,binary,4096,3,0.0004019308835268,ok
dense-fragmented,pwf,binary,4096,4,0.000400660559535,ok
dense-fragmented,pwf,binary,8192,0,0.000587036833167,ok
dense-fragmented,pwf,binary,8192,1,0.0004855841398239,ok
dense-fragmented,pwf,binary,8192,2,0.0004843063652515,ok
dense-fragmented,pwf,binary,8192,3,0.0004895292222499,ok
dense-fragmented,pwf,binary,8192,4,0.0004838360473513,ok
dense-fragmented,pwf,binary,16384,0,0.0010512741282582,ok
dense-fragmented,pwf,binary,16384,1,0.0009323693811893,ok
dense-fragmented,pwf,binary,16384,2,0.0009333407506346,ok
dense-fragmented,pwf,binary,16384,3,0.0009368024766445,ok
dense-fragmented,pwf,binary,16384,4,0.0009514633566141,ok
dense-fragmented,pwf,binary,32768,0,0.0017452705651521,ok
dense-fragmented,pwf,binary,32768,1,0.0014116885140538,ok
dense-fragmented,pwf,binary,32768,2,0.0014138342812657,ok
dense-fragmented,pwf,binary,32768,3,0.0014137625694274,ok
dense-fragmented,pwf,binary,32768,4,0.0014216359704732,ok
dense-fragmented,pwf,binary,65536,0,0.0027548242360353,ok
dense-fragmented,pwf,binary,65536,1,0.002294604666531,ok
dense-fragmented,pwf,binary,65536,2,0.0022596409544348,ok
dense-fragmented,pwf,binary,65536,3,0.0023004245012998,ok
dense-fragmented,pwf,binary,65536,4,0.0022685052827,ok
dense-fragmented,pwf,binary,131072,0,0.005411047488451,ok
dense-fragmented,pwf,binary,131072,1,0.0044857542961835,ok
dense-fragmented,pwf,binary,131072,2,0.0044502299278974,ok
dense-fragmented,pwf,binary,131072,3,0.0044621704146265,ok
dense-fragmented,pwf,binary,131072,4,0.0044704312458634,ok
dense-fragmented,pwf,binary,262144,0,0.0103554921224713,ok
dense-fragmented,pwf,binary,262144,1,0.0079272305592894,ok
dense-fragmented,pwf,binary,262144,2,0.0079482626169919,ok
dense-fragmented,pwf,binary,262144,3,0.007919430732727,ok
dense-fragmented,pwf,binary,262144,4,0.0079454779624938,ok
dense-fragmented,pwf,binary,524288,0,0.0191340809687972,ok
dense-fragmented,pwf,binary,524288,1,0.0143306320533156,ok
dense-fragmented,pwf,binary,524288,2,0.0143057210370898,ok
dense-fragmented,pwf,binary,524288,3,0.0143088353797793,ok
dense-fragmented,pwf,binary,524288,4,0.0143067575991153,ok
dense-fragmented,pwf,binary,1048576,0,0.0303250364959239,ok
dense-fragmented,pwf,binary,1048576,1,0.0301810968667268,ok
dense-fragmented,pwf,binary,1048576,2,0.0301571181043982,ok
dense-fragmented,pwf,binary,1048576,3,0.0301456451416015,ok
dense-fragmented,pwf,binary,1048576,4,0.0301733557134866,ok
dense-fragmented,rbf,binary,256,0,0.0011559203267097,ok
dense-fragmented,rbf,binary,256,1,0.0009454255923628,ok
dense-fragmented,rbf,binary,256,2,0.0009297346696257,ok
dense-fragmented,rbf,binary,256,3,0.0011579729616641,ok
dense-fragmented,rbf,binary,256,4,0.0009711915627121,ok
dense-fragmented,rbf,binary,512,0,0.0019146958366036,ok
dense-fragmented,rbf,binary,512,1,0.0017672451213002,ok
dense-fragmented,rbf,binary,512,2,0.0017994148656725,ok
dense-fragmented,rbf,binary,512,3,0.0018269354477524,ok
dense-fragmented,rbf,binary,512,4,0.0017720516771078,ok
dense-fragmented,rbf,binary,1024,0,0.0043383808806538,ok
dense-fragmented,rbf,binary,1024,1,0.0043065883219242,ok
dense-fragmented,rbf,binary,1024,2,0.0042819660156965,ok
dense-fragmented,rbf,binary,1024,3,0.0043357796967029,ok
dense-fragmented,rbf,binary,1024,4,0.0043295789510011,ok
dense-fragmented,rbf,binary,2048,0,0.0188161814585328,ok
dense-fragmented,rbf,binary,2048,1,0.0188149530440568,ok
dense-fragmented,rbf,binary,2048,2,0.0188337378203868,ok
dense-fragmented,rbf,binary,2048,3,0.0187137639150023,ok
dense-fragmented,rbf,binary,2048,4,0.0187316676601767,ok
dense-fragmented,rbf,binary,4096,0,0.0727096768096089,ok
dense-fragmented,rbf,binary,4096,1,0.0724923154339194,ok
dense-fragmented,rbf,binary,4096,2,0.072438552044332,ok
dense-fragmented,rbf,binary,4096,3,0.0728891929611563,ok
dense-fragmented,rbf,binary,4096,4,0.072539446875453,ok
dense-fragmented,rbf,binary,8192,0,0.2636681562289595,ok
dense-fragmented,rbf,binary,8192,1,0.2647211877629161,ok
dense-fragmented,rbf,binary,8192,2,0.2640030533075332,ok
dense-fragmented,rbf,binary,8192,3,0.2622074671089649,ok
dense-fragmented,rbf,binary,8192,4,0.2650409918278456,ok
dense-fragmented,rbf,binary,16384,0,1.0960707375779748,ok
dense-fragmented,rbf,binary,16384,1,1.1013799961656332,ok
dense-fragmented,rbf,binary,16384,2,1.0963168600574136,ok
dense-fragmented,rbf,binary,16384,3,1.1001953529193995,ok
dense-fragmented,rbf,binary,16384,4,1.1075349505990744,ok
dense-fragmented,rbf,binary,32768,0,4.369129117578268,ok
dense-fragmented,rbf,binary,32768,1,4.390325861983001,ok
dense-fragmented,rbf,binary,32768,2,4.379901513457298,ok
dense-fragmented,rbf,binary,32768,3,4.381192874163389,ok
dense-fragmented,rbf,binary,32768,4,4.386081220582128,ok
dense-fragmented,rbf,binary,65536,0,17.489296559244394,ok
dense-fragmented,rbf,binary,65536,1,17.432691785506904,ok
dense-fragmented,rbf,binary,65536,2,17.4293479193002,ok
dense-fragmented,rbf,binary,65536,3,17.47472925018519,ok
dense-fragmented,rbf,binary,65536,4,17.403882646933198,ok
dense-fragmented,rbf,binary,131072,0,71.14158230740577,ok
dense-fragmented,rbf,binary,131072,1,71.1418107720092,ok
dense-fragmented,rbf,binary,131072,2,71.42629285436124,ok
dense-fragmented,rbf,binary,131072,3,71.5037546325475,ok
dense-fragmented,rbf,binary,131072,4,71.38797251693904,ok
dense-fragmented,rbf,binary,262144,0,284.3071503220126,ok
dense-fragmented,rbf,binary,262144,1,284.0786345945671,ok
dense-fragmented,rbf,binary,262144,2,284.32829001545906,ok
dense-fragmented,rbf,binary,262144,3,284.1340843401849,ok
dense-fragmented,rbf,binary,262144,4,283.18103250395507,ok
dense-fragmented,rbf,binary,524288,0,1125.054655265063,ok
dense-fragmented,rbf,binary,524288,1,1126.9117096709087,ok
dense-fragmented,rbf,binary,524288,2,1125.8504142407328,ok
dense-fragmented,rbf,binary,524288,3,1128.1284339586273,ok
dense-fragmented,rbf,binary,524288,4,1133.211606095545,ok
dense-fragmented,rbf,binary,1048576,0,4719.063597438857,ok
dense-fragmented,rbf,binary,1048576,1,4836.884159595706,ok
dense-fragmented,rbf,binary,1048576,2,4763.994691702537,ok
dense-fragmented,rbf,binary,1048576,3,4769.398518353701,ok
dense-fragmented,rbf,binary,1048576,4,4721.769161570817,ok
dense-fragmented,swf,binary,256,0,0.0006909007206559,ok
dense-fragmented,swf,binary,256,1,0.000504033640027,ok
dense-fragmented,swf,binary,256,2,0.000500644557178,ok
dense-fragmented,swf,binary,256,3,0.0005148174241185,ok
dense-fragmented,swf,binary,256,4,0.0005065640434622,ok
dense-fragmented,swf,binary,512,0,0.0006056940183043,ok
dense-fragmented,swf,binary,512,1,0.0005637388676404,ok
dense-fragmented,swf,binary,512,2,0.0005405079573392,ok
dense-fragmented,swf,binary,512,3,0.0005422104150056,ok
dense-fragmented,swf,binary,512,4,0.0005456693470478,ok
dense-fragmented,swf,binary,1024,0,0.0006671473383903,ok
dense-fragmented,swf,binary,1024,1,0.000600985251367,ok
dense-fragmented,swf,binary,1024,2,0.000594263896346,ok
dense-fragmented,swf,binary,1024,3,0.0005987025797367,ok
dense-fragmented,swf,binary,1024,4,0.0005969507619738,ok
dense-fragmented,swf,binary,2048,0,0.0008201859891414,ok
dense-fragmented,swf,binary,2048,1,0.0007400717586278,ok
dense-fragmented,swf,binary,2048,2,0.0007642358541488,ok
dense-fragmented,swf,binary,2048,3,0.0007379921153187,ok
dense-fragmented,swf,binary,2048,4,0.0007405458018183,ok
dense-fragmented,swf,binary,4096,0,0.0010560629889369,ok
dense-fragmented,swf,binary,4096,1,0.001048102043569,ok
dense-fragmented,swf,binary,4096,2,0.0009878054261207,ok
dense-fragmented,swf,binary,4096,3,0.0010306257754564,ok
dense-fragmented,swf,binary,4096,4,0.0010473588481545,ok
dense-fragmented,swf,binary,8192,0,0.0020790016278624,ok
dense-fragmented,swf,binary,8192,1,0.0020773159340023,ok
dense-fragmented,swf,binary,8192,2,0.002098711207509,ok
dense-fragmented,swf,binary,8192,3,0.0020428160205483,ok
dense-fragmented,swf,binary,8192,4,0.0020787511020898,ok
dense-fragmented,swf,binary,16384,0,0.0035972110927104,ok
dense-fragmented,swf,binary,16384,1,0.0034736106172204,ok
dense-fragmented,swf,binary,16384,2,0.003496266901493,ok
dense-fragmented,swf,binary,16384,3,0.0034499131143093,ok
dense-fragmented,swf,binary,16384,4,0.003455588594079,ok
dense-fragmented,swf,binary,32768,0,0.0064357202500104,ok
dense-fragmented,swf,binary,32768,1,0.0061973761767148,ok
dense-fragmented,swf,binary,32768,2,0.0058877933770418,ok
dense-fragmented,swf,binary,32768,3,0.0058796536177396,ok
dense-fragmented,swf,binary,32768,4,0.0058829300105571,ok
dense-fragmented,swf,binary,65536,0,0.0115276016294956,ok
dense-fragmented,swf,binary,65536,1,0.0105235818773508,ok
dense-fragmented,swf,binary,65536,2,0.0105336615815758,ok
dense-fragmented,swf,binary,65536,3,0.0105095971375703,ok
dense-fragmented,swf,binary,65536,4,0.0104554146528244,ok
dense-fragmented,swf,binary,131072,0,0.0226176474243402,ok
dense-fragmented,swf,binary,131072,1,0.0218105902895331,ok
dense-fragmented,swf,binary,131072,2,0.0218057166785001,ok
dense-fragmented,swf,binary,131072,3,0.021793152205646,ok
dense-fragmented,swf,binary,131072,4,0.0217945855110883,ok
dense-fragmented,swf,binary,262144,0,0.0444511929526925,ok
dense-fragmented,swf,binary,262144,1,0.0428181067109108,ok
dense-fragmented,swf,binary,262144,2,0.0429557152092456,ok
dense-fragmented,swf,binary,262144,3,0.0429059537127614,ok
dense-fragmented,swf,binary,262144,4,0.0428555365651845,ok
dense-fragmented,swf,binary,524288,0,0.0883490331470966,ok
dense-fragmented,swf,binary,524288,1,0.085464178584516,ok
dense-fragmented,swf,binary,524288,2,0.0855307783931493,ok
dense-fragmented,swf,binary,524288,3,0.0855460204184055,ok
dense-fragmented,swf,binary,524288,4,0.0744412271305918,ok
dense-fragmented,swf,binary,1048576,0,0.1396331200376153,ok
dense-fragmented,swf,binary,1048576,1,0.1369488714262843,ok
dense-fragmented,swf,binary,1048576,2,0.1370197869837284,ok
dense-fragmented,swf,binary,1048576,3,0.1369347870349884,ok
dense-fragmented,swf,binary,1048576,4,0.1368993856012821,ok
dense-fragmented,taf,binary,256,0,0.0016603106632828,ok
dense-fragmented,taf,binary,256,1,0.0014570271596312,ok
dense-fragmented,taf,binary,256,2,0.0014360034838318,ok
dense-fragmented,taf,binary,256,3,0.0014607198536396,ok
dense-fragmented,taf,binary,256,4,0.0014687096700072,ok
dense-fragmented,taf,binary,512,0,0.0037731500342488,ok
dense-fragmented,taf,binary,512,1,0.0036913277581334,ok
dense-fragmented,taf,binary,512,2,0.0036550248041749,ok
dense-fragmented,taf,binary,512,3,0.003704760223627,ok
dense-fragmented,taf,binary,512,4,0.0037276204675436,ok
dense-fragmented,taf,binary,1024,0,0.0103419860824942,ok
dense-fragmented,taf,binary,1024,1,0.0103153549134731,ok
dense-fragmented,taf,binary,1024,2,0.0102564869448542,ok
dense-fragmented,taf,binary,1024,3,0.0103766592219471,ok
dense-fragmented,taf,binary,1024,4,0.0103180091828107,ok
dense-fragmented,taf,binary,2048,0,0.0445648357272148,ok
dense-fragmented,taf,binary,2048,1,0.0442777695134282,ok
dense-fragmented,taf,binary,2048,2,0.0442492011934518,ok
dense-fragmented,taf,binary,2048,3,0.0443130694329738,ok
dense-fragmented,taf,binary,2048,4,0.0445193443447351,ok
dense-fragmented,taf,binary,4096,0,0.1656488850712776,ok
dense-fragmented,taf,binary,4096,1,0.1659626746550202,ok
dense-fragmented,taf,binary,4096,2,0.1658119466155767,ok
dense-fragmented,taf,binary,4096,3,0.166102928109467,ok
dense-fragmented,taf,binary,4096,4,0.1668956456705927,ok
dense-fragmented,taf,binary,8192,0,0.6004914436489344,ok
dense-fragmented,taf,binary,8192,1,0.5953033315017819,ok
dense-fragmented,taf,binary,8192,2,0.5947290062904358,ok
dense-fragmented,taf,binary,8192,3,0.5954479025676847,ok
dense-fragmented,taf,binary,8192,4,0.5930166905745864,ok
dense-fragmented,taf,binary,16384,0,2.455815490335226,ok
dense-fragmented,taf,binary,16384,1,2.4384288853034377,ok
dense-fragmented,taf,binary,16384,2,2.447282711043954,ok
dense-fragmented,taf,binary,16384,3,2.444853431545198,ok
dense-fragmented,taf,binary,16384,4,2.4414083501324058,ok
dense-fragmented,taf,binary,32768,0,9.70880741160363,ok
dense-fragmented,taf,binary,32768,1,9.714158934541048,ok
dense-fragmented,taf,binary,32768,2,9.73191946838051,ok
dense-fragmented,taf,binary,32768,3,9.700265781022608,ok
dense-fragmented,taf,binary,32768,4,9.681490313261747,ok
dense-fragmented,taf,binary,65536,0,38.21730920020491,ok
dense-fragmented,taf,binary,65536,1,38.36774076987058,ok
dense-fragmented,taf,binary,65536,2,38.42259213887155,ok
dense-fragmented,taf,binary,65536,3,38.41793903429061,ok
dense-fragmented,taf,binary,65536,4,38.32454067561776,ok
dense-fragmented,taf,binary,131072,0,156.89458850678056,ok
dense-fragmented,taf,binary,131072,1,156.0923230620101,ok
dense-fragmented,taf,binary,131072,2,156.86527605634183,ok
dense-fragmented,taf,binary,131072,3,157.27503637317568,ok
dense-fragmented,taf,binary,131072,4,156.80289950501174,ok
dense-fragmented,taf,binary,262144,0,627.5409934651107,ok
dense-fragmented,taf,binary,262144,1,622.2887599458918,ok
dense-fragmented,taf,binary,262144,2,624.1263742875308,ok
dense-fragmented,taf,binary,262144,3,624.0832541780546,ok
dense-fragmented,taf,binary,262144,4,668.8813184415922,ok
dense-fragmented,taf,binary,524288,0,2473.728796571493,ok
dense-fragmented,taf,binary,524288,1,2477.148834178224,ok
dense-fragmented,taf,binary,524288,2,2480.7969468533997,ok
dense-fragmented,taf,binary,524288,3,2476.351757784374,ok
dense-fragmented,taf,binary,524288,4,2483.0152759961784,ok
dense-fragmented,taf,binary,1048576,0,10242.8624296356,ok
dense-fragmented,taf,binary,1048576,1,10186.266749733128,ok
dense-fragmented,taf,binary,1048576,2,10277.994544853456,ok
dense-fragmented,taf,binary,1048576,3,10183.858435556293,ok
dense-fragmented,taf,binary,1048576,4,10211.661934187636,ok
dense-fragmented,td,binary,256,0,0.0004572216421365,ok
dense-fragmented,td,binary,256,1,0.000398427248001,ok
dense-fragmented,td,binary,256,2,0.0003967806696891,ok
dense-fragmented,td,binary,256,3,0.0003951601684093,ok
dense-fragmented,td,binary,256,4,0.0003982773050665,ok
dense-fragmented,td,binary,512,0,0.000510960817337,ok
dense-fragmented,td,binary,512,1,0.0004870444536209,ok
dense-fragmented,td,binary,512,2,0.0005183145403862,ok
dense-fragmented,td,binary,512,3,0.0004900060594081,ok
dense-fragmented,td,binary,512,4,0.0004874086007475,ok
dense-fragmented,td,binary,1024,0,0.0007004979997873,ok
dense-fragmented,td,binary,1024,1,0.000721575692296,ok
dense-fragmented,td,binary,1024,2,0.0007257591933012,ok
dense-fragmented,td,binary,1024,3,0.0006804596632719,ok
dense-fragmented,td,binary,1024,4,0.0006763897836208,ok
dense-fragmented,td,binary,2048,0,0.0011202134191989,ok
dense-fragmented,td,binary,2048,1,0.0010803313925862,ok
dense-fragmented,td,binary,2048,2,0.0010796440765261,ok
dense-fragmented,td,binary,2048,3,0.0011114915832877,ok
dense-fragmented,td,binary,2048,4,0.0010780384764075,ok
dense-fragmented,td,binary,4096,0,0.0018865829333662,ok
dense-fragmented,td,binary,4096,1,0.001856505870819,ok
dense-fragmented,td,binary,4096,2,0.001904409378767,ok
dense-fragmented,td,binary,4096,3,0.0018520653247833,ok
dense-fragmented,td,binary,4096,4,0.001914469525218,ok
dense-fragmented,td,binary,8192,0,0.0034912312403321,ok
dense-fragmented,td,binary,8192,1,0.0034453570842742,ok
dense-fragmented,td,binary,8192,2,0.0034698601812124,ok
dense-fragmented,td,binary,8192,3,0.0035129357129335,ok
dense-fragmented,td,binary,8192,4,0.0038685090839862,ok
dense-fragmented,td,binary,16384,0,0.0077405106276273,ok
dense-fragmented,td,binary,16384,1,0.00753999594599,ok
dense-fragmented,td,binary,16384,2,0.0075423754751682,ok
dense-fragmented,td,binary,16384,3,0.0076703624799847,ok
dense-fragmented,td,binary,16384,4,0.0072337696328759,ok
dense-fragmented,td,binary,32768,0,0.0141452476382255,ok
dense-fragmented,td,binary,32768,1,0.0133873624727129,ok
dense-fragmented,td,binary,32768,2,0.0129762170836329,ok
dense-fragmented,td,binary,32768,3,0.013168609701097,ok
dense-fragmented,td,binary,32768,4,0.0128818163648247,ok
dense-fragmented,td,binary,65536,0,0.0262318272143602,ok
dense-fragmented,td,binary,65536,1,0.0256064077839255,ok
dense-fragmented,td,binary,65536,2,0.0255969399586319,ok
dense-fragmented,td,binary,65536,3,0.0260755717754364,ok
dense-fragmented,td,binary,65536,4,0.0256119612604379,ok
dense-fragmented,td,binary,131072,0,0.0531236780807375,ok
dense-fragmented,td,binary,131072,1,0.051551965996623,ok
dense-fragmented,td,binary,131072,2,0.051461243070662,ok
dense-fragmented,td,binary,131072,3,0.052345871925354,ok
dense-fragmented,td,binary,131072,4,0.0514482529833912,ok
dense-fragmented,td,binary,262144,0,0.1043321462348103,ok
dense-fragmented,td,binary,262144,1,0.1019158763810992,ok
dense-fragmented,td,binary,262144,2,0.1018818765878677,ok
dense-fragmented,td,binary,262144,3,0.1037054490298032,ok
dense-fragmented,td,binary,262144,4,0.1018589101731777,ok
dense-fragmented,td,binary,524288,0,0.2082756422460079,ok
dense-fragmented,td,binary,524288,1,0.2033057110384106,ok
dense-fragmented,td,binary,524288,2,0.203134236857295,ok
dense-fragmented,td,binary,524288,3,0.2067009471356868,ok
dense-fragmented,td,binary,524288,4,0.2030228767544031,ok
dense-fragmented,td,binary,1048576,0,0.4196534221991896,ok
dense-fragmented,td,binary,1048576,1,0.4086897848173976,ok
dense-fragmented,td,binary,1048576,2,0.4081990523263812,ok
dense-fragmented,td,binary,1048576,3,0.4154783189296722,ok
dense-fragmented,td,binary,1048576,4,0.4082816997542977,ok
dense-fragmented,tdir,binary,256,0,0.0006675841286778,ok
dense-fragmented,tdir,binary,256,1,0.0004005935043096,ok
dense-fragmented,tdir,binary,256,2,0.0004116902127861,ok
dense-fragmented,tdir,binary,256,3,0.000402639620006,ok
dense-fragmented,tdir,binary,256,4,0.0003995317965745,ok
dense-fragmented,tdir,binary,512,0,0.0004875352606177,ok
dense-fragmented,tdir,binary,512,1,0.0004364205524325,ok
dense-fragmented,tdir,binary,512,2,0.0004346966743469,ok
dense-fragmented,tdir,binary,512,3,0.0004345262423157,ok
dense-fragmented,tdir,binary,512,4,0.0004337551072239,ok
dense-fragmented,tdir,binary,1024,0,0.0005505727604031,ok
dense-fragmented,tdir,binary,1024,1,0.0005041640251874,ok
dense-fragmented,tdir,binary,1024,2,0.0005564214661717,ok
dense-fragmented,tdir,binary,1024,3,0.0005020499229431,ok
dense-fragmented,tdir,binary,1024,4,0.0005017975345253,ok
dense-fragmented,tdir,binary,2048,0,0.0006525125354528,ok
dense-fragmented,tdir,binary,2048,1,0.0005940366536378,ok
dense-fragmented,tdir,binary,2048,2,0.0005936939269304,ok
dense-fragmented,tdir,binary,2048,3,0.0005970522761344,ok
dense-fragmented,tdir,binary,2048,4,0.0006346879526972,ok
dense-fragmented,tdir,binary,4096,0,0.0009081922471523,ok
dense-fragmented,tdir,binary,4096,1,0.0008478946983814,ok
dense-fragmented,tdir,binary,4096,2,0.0009248275309801,ok
dense-fragmented,tdir,binary,4096,3,0.0009186528623104,ok
dense-fragmented,tdir,binary,4096,4,0.00084731541574,ok
dense-fragmented,tdir,binary,8192,0,0.0013374360278248,ok
dense-fragmented,tdir,binary,8192,1,0.0013360604643821,ok
dense-fragmented,tdir,binary,8192,2,0.0013058185577392,ok
dense-fragmented,tdir,binary,8192,3,0.0012605851516127,ok
dense-fragmented,tdir,binary,8192,4,0.0012656059116125,ok
dense-fragmented,tdir,binary,16384,0,0.0022777849808335,ok
dense-fragmented,tdir,binary,16384,1,0.0021689236164093,ok
dense-fragmented,tdir,binary,16384,2,0.0021407110616564,ok
dense-fragmented,tdir,binary,16384,3,0.002151264809072,ok
dense-fragmented,tdir,binary,16384,4,0.0021376889199018,ok
dense-fragmented,tdir,binary,32768,0,0.0044243605807423,ok
dense-fragmented,tdir,binary,32768,1,0.0041485726833343,ok
dense-fragmented,tdir,binary,32768,2,0.0041825110092759,ok
dense-fragmented,tdir,binary,32768,3,0.0041574779897928,ok
dense-fragmented,tdir,binary,32768,4,0.0041944133117794,ok
dense-fragmented,tdir,binary,65536,0,0.00804094504565,ok
dense-fragmented,tdir,binary,65536,1,0.0077520888298749,ok
dense-fragmented,tdir,binary,65536,2,0.0076558487489819,ok
dense-fragmented,tdir,binary,65536,3,0.0077276518568396,ok
dense-fragmented,tdir,binary,65536,4,0.0076495362445712,ok
dense-fragmented,tdir,binary,131072,0,0.0163771603256464,ok
dense-fragmented,tdir,binary,131072,1,0.015281543135643,ok
dense-fragmented,tdir,binary,131072,2,0.0156435668468475,ok
dense-fragmented,tdir,binary,131072,3,0.0153153808787465,ok
dense-fragmented,tdir,binary,131072,4,0.0153499292209744,ok
dense-fragmented,tdir,binary,262144,0,0.031687275506556,ok
dense-fragmented,tdir,binary,262144,1,0.0300480751320719,ok
dense-fragmented,tdir,binary,262144,2,0.0300204865634441,ok
dense-fragmented,tdir,binary,262144,3,0.0300552146509289,ok
dense-fragmented,tdir,binary,262144,4,0.0301146805286407,ok
dense-fragmented,tdir,binary,524288,0,0.0632440485060215,ok
dense-fragmented,tdir,binary,524288,1,0.0605496410280466,ok
dense-fragmented,tdir,binary,524288,2,0.0606511868536472,ok
dense-fragmented,tdir,binary,524288,3,0.060559382662177,ok
dense-fragmented,tdir,binary,524288,4,0.0605517029762268,ok
dense-fragmented,tdir,binary,1048576,0,0.1295499261468649,ok
dense-fragmented,tdir,binary,1048576,1,0.1240524901077151,ok
dense-fragmented,tdir,binary,1048576,2,0.1247476655989885,ok
dense-fragmented,tdir,binary,1048576,3,0.1239448022097349,ok
dense-fragmented,tdir,binary,1048576,4,0.1242964193224906,ok
dense-fragmented,ttf,binary,256,0,0.0008232025429606,ok
dense-fragmented,ttf,binary,256,1,0.0005718022584915,ok
dense-fragmented,ttf,binary,256,2,0.0006271479651331,ok
dense-fragmented,ttf,binary,256,3,0.0005773715674877,ok
dense-fragmented,ttf,binary,256,4,0.00056744646281,ok
dense-fragmented,ttf,binary,512,0,0.0006574327126145,ok
dense-fragmented,ttf,binary,512,1,0.0006298795342445,ok
dense-fragmented,ttf,binary,512,2,0.0006152605637907,ok
dense-fragmented,ttf,binary,512,3,0.0006074616685509,ok
dense-fragmented,ttf,binary,512,4,0.000612293370068,ok
dense-fragmented,ttf,binary,1024,0,0.0006895456463098,ok
dense-fragmented,ttf,binary,1024,1,0.0006677722558379,ok
dense-fragmented,ttf,binary,1024,2,0.0006707608699798,ok
dense-fragmented,ttf,binary,1024,3,0.0006630094721913,ok
dense-fragmented,ttf,binary,1024,4,0.000658843666315,ok
dense-fragmented,ttf,binary,2048,0,0.0009430171921849,ok
dense-fragmented,ttf,binary,2048,1,0.0008055446669459,ok
dense-fragmented,ttf,binary,2048,2,0.0008214255794882,ok
dense-fragmented,ttf,binary,2048,3,0.0008009038865566,ok
dense-fragmented,ttf,binary,2048,4,0.0007815565913915,ok
dense-fragmented,ttf,binary,4096,0,0.0009919451549649,ok
dense-fragmented,ttf,binary,4096,1,0.0010324148461222,ok
dense-fragmented,ttf,binary,4096,2,0.0009541688486933,ok
dense-fragmented,ttf,binary,4096,3,0.0009753694757819,ok
dense-fragmented,ttf,binary,4096,4,0.0009811008349061,ok
dense-fragmented,ttf,binary,8192,0,0.0013611428439617,ok
dense-fragmented,ttf,binary,8192,1,0.001336483284831,ok
dense-fragmented,ttf,binary,8192,2,0.0013104258105158,ok
dense-fragmented,ttf,binary,8192,3,0.001345763914287,ok
dense-fragmented,ttf,binary,8192,4,0.001299837604165,ok
dense-fragmented,ttf,binary,16384,0,0.0021416256204247,ok
dense-fragmented,ttf,binary,16384,1,0.0019553583115339,ok
dense-fragmented,ttf,binary,16384,2,0.0019611995667219,ok
dense-fragmented,ttf,binary,16384,3,0.0020926725119352,ok
dense-fragmented,ttf,binary,16384,4,0.0019912580028176,ok
dense-fragmented,ttf,binary,32768,0,0.0035651195794343,ok
dense-fragmented,ttf,binary,32768,1,0.0033147297799587,ok
dense-fragmented,ttf,binary,32768,2,0.003310814499855,ok
dense-fragmented,ttf,binary,32768,3,0.0033391052857041,ok
dense-fragmented,ttf,binary,32768,4,0.0033371206372976,ok
dense-fragmented,ttf,binary,65536,0,0.0063644805923104,ok
dense-fragmented,ttf,binary,65536,1,0.006002384237945,ok
dense-fragmented,ttf,binary,65536,2,0.0060021057724952,ok
dense-fragmented,ttf,binary,65536,3,0.0059362510219216,ok
dense-fragmented,ttf,binary,65536,4,0.0059093832969665,ok
dense-fragmented,ttf,binary,131072,0,0.0123540991917252,ok
dense-fragmented,ttf,binary,131072,1,0.0119521114975214,ok
dense-fragmented,ttf,binary,131072,2,0.0116756949573755,ok
dense-fragmented,ttf,binary,131072,3,0.0118979923427104,ok
dense-fragmented,ttf,binary,131072,4,0.0120933577418327,ok
dense-fragmented,ttf,binary,262144,0,0.0243095504119992,ok
dense-fragmented,ttf,binary,262144,1,0.0231773536652326,ok
dense-fragmented,ttf,binary,262144,2,0.0233915969729423,ok
dense-fragmented,ttf,binary,262144,3,0.023320447653532,ok
dense-fragmented,ttf,binary,262144,4,0.0230778409168124,ok
dense-fragmented,ttf,binary,524288,0,0.0504272328689694,ok
dense-fragmented,ttf,binary,524288,1,0.046565867960453,ok
dense-fragmented,ttf,binary,524288,2,0.0465124631300568,ok
dense-fragmented,ttf,binary,524288,3,0.0455995891243219,ok
dense-fragmented,ttf,binary,524288,4,0.0463861227035522,ok
dense-fragmented,ttf,binary,1048576,0,0.1013382282108068,ok
dense-fragmented,ttf,binary,1048576,1,0.0931980358436703,ok
dense-fragmented,ttf,binary,1048576,2,0.0940346540883183,ok
dense-fragmented,ttf,binary,1048576,3,0.0933324117213487,ok
dense-fragmented,ttf,binary,1048576,4,0.0933046219870448,ok
dense-fragmented,vus_pr,continuous,256,0,0.361081282608211,ok
dense-fragmented,vus_pr,continuous,256,1,0.3630204442888498,ok
dense-fragmented,vus_pr,continuous,256,2,0.3616794794797897,ok
dense-fragmented,vus_pr,continuous,256,3,0.3636644538491964,ok
dense-fragmented,vus_pr,continuous,256,4,0.3625043332576751,ok
dense-fragmented,vus_pr,continuous,512,0,0.6753896558657289,ok
dense-fragmented,vus_pr,continuous,512,1,0.675150141119957,ok
dense-fragmented,vus_pr,continuous,512,2,0.6720662778243423,ok
dense-fragmented,vus_pr,continuous,512,3,0.6720822537317872,ok
dense-fragmented,vus_pr,continuous,512,4,0.6743611479178071,ok
dense-fragmented,vus_pr,continuous,1024,0,1.36563222669065,ok
dense-fragmented,vus_pr,continuous,1024,1,1.3670311076566577,ok
dense-fragmented,vus_pr,continuous,1024,2,1.364953457377851,ok
dense-fragmented,vus_pr,continuous,1024,3,1.369866888038814,ok
dense-fragmented,vus_pr,continuous,1024,4,1.363357330672443,ok
dense-fragmented,vus_pr,continuous,2048,0,2.9578615222126245,ok
dense-fragmented,vus_pr,continuous,2048,1,2.9596566148102283,ok
dense-fragmented,vus_pr,continuous,2048,2,2.9602654110640287,ok
dense-fragmented,vus_pr,continuous,2048,3,2.957258208654821,ok
dense-fragmented,vus_pr,continuous,2048,4,2.95863351598382,ok
dense-fragmented,vus_pr,continuous,4096,0,5.794737161137164,ok
dense-fragmented,vus_pr,continuous,4096,1,5.77640775591135,ok
dense-fragmented,vus_pr,continuous,4096,2,5.774688768200576,ok
dense-fragmented,vus_pr,continuous,4096,3,5.780743660405278,ok
dense-fragmented,vus_pr,continuous,4096,4,5.781246995553374,ok
dense-fragmented,vus_pr,continuous,8192,0,11.34705177973956,ok
dense-fragmented,vus_pr,continuous,8192,1,11.349633862264454,ok
dense-fragmented,vus_pr,continuous,8192,2,11.347460345365109,ok
dense-fragmented,vus_pr,continuous,8192,3,11.316514431498945,ok
dense-fragmented,vus_pr,continuous,8192,4,11.350888472050428,ok
dense-fragmented,vus_pr,continuous,16384,0,22.818088796921074,ok
dense-fragmented,vus_pr,continuous,16384,1,22.842910224571824,ok
dense-fragmented,vus_pr,continuous,16384,2,22.80675593484193,ok
dense-fragmented,vus_pr,continuous,16384,3,22.823098386637863,ok
dense-fragmented,vus_pr,continuous,16384,4,22.845324522815645,ok
dense-fragmented,vus_pr,continuous,32768,0,45.51604424137622,ok
dense-fragmented,vus_pr,continuous,32768,1,45.47267201449722,ok
dense-fragmented,vus_pr,continuous,32768,2,45.45968976523727,ok
dense-fragmented,vus_pr,continuous,32768,3,45.53443478606641,ok
dense-fragmented,vus_pr,continuous,32768,4,45.42736398614943,ok
dense-fragmented,vus_pr,continuous,65536,0,89.91461719851941,ok
dense-fragmented,vus_pr,continuous,65536,1,89.64279020112008,ok
dense-fragmented,vus_pr,continuous,65536,2,89.91478047799319,ok
dense-fragmented,vus_pr,continuous,65536,3,89.83342134393752,ok
dense-fragmented,vus_pr,continuous,65536,4,89.98602122999728,ok
dense-fragmented,vus_pr,continuous,131072,0,181.04378321766853,ok
dense-fragmented,vus_pr,continuous,131072,1,181.6016372703016,ok
dense-fragmented,vus_pr,continuous,131072,2,181.5377744603902,ok
dense-fragmented,vus_pr,continuous,131072,3,181.6863862965256,ok
dense-fragmented,vus_pr,continuous,131072,4,181.8631880404428,ok
dense-fragmented,vus_pr,continuous,262144,0,363.26574569940567,ok
dense-fragmented,vus_pr,continuous,262144,1,363.3838897459209,ok
dense-fragmented,vus_pr,continuous,262144,2,364.6843866156414,ok
dense-fragmented,vus_pr,continuous,262144,3,364.3609910812229,ok
dense-fragmented,vus_pr,continuous,262144,4,363.78813671227545,ok
dense-fragmented,vus_pr,continuous,524288,0,731.3990346034989,ok
dense-fragmented,vus_pr,continuous,524288,1,732.4503014683723,ok
dense-fragmented,vus_pr,continuous,524288,2,732.4761737827212,ok
dense-fragmented,vus_pr,continuous,524288,3,734.6177078224719,ok
dense-fragmented,vus_pr,continuous,524288,4,732.4329008115456,ok
dense-fragmented,vus_pr,continuous,1048576,0,1469.5495396219194,ok
dense-fragmented,vus_pr,continuous,1048576,1,1469.6925948113203,ok
dense-fragmented,vus_pr,continuous,1048576,2,1467.7307721711695,ok
dense-fragmented,vus_pr,continuous,1048576,3,1466.233072859235,ok
dense-fragmented,vus_pr,continuous,1048576,4,1464.8173421118408,ok
dense-fragmented,vus_roc,continuous,256,0,0.3636941192671656,ok
dense-fragmented,vus_roc,continuous,256,1,0.3629314247518778,ok
dense-fragmented,vus_roc,continuous,256,2,0.3637210419401526,ok
dense-fragmented,vus_roc,continuous,256,3,0.3630266776308417,ok
dense-fragmented,vus_roc,continuous,256,4,0.3647759296000004,ok
dense-fragmented,vus_roc,continuous,512,0,0.6732448982074857,ok
dense-fragmented,vus_roc,continuous,512,1,0.6710269469767809,ok
dense-fragmented,vus_roc,continuous,512,2,0.6745100999251008,ok
dense-fragmented,vus_roc,continuous,512,3,0.6741000358015299,ok
dense-fragmented,vus_roc,continuous,512,4,0.6741261715069413,ok
dense-fragmented,vus_roc,continuous,1024,0,1.3645991096273065,ok
dense-fragmented,vus_roc,continuous,1024,1,1.363789272494614,ok
dense-fragmented,vus_roc,continuous,1024,2,1.3649648381397128,ok
dense-fragmented,vus_roc,continuous,1024,3,1.370660874992609,ok
dense-fragmented,vus_roc,continuous,1024,4,1.3670177748426795,ok
dense-fragmented,vus_roc,continuous,2048,0,2.9712379602715373,ok
dense-fragmented,vus_roc,continuous,2048,1,2.9513819022104144,ok
dense-fragmented,vus_roc,continuous,2048,2,2.967025986872613,ok
dense-fragmented,vus_roc,continuous,2048,3,2.963553551584482,ok
dense-fragmented,vus_roc,continuous,2048,4,2.9663307769224048,ok
dense-fragmented,vus_roc,continuous,4096,0,5.8109458247199655,ok
dense-fragmented,vus_roc,continuous,4096,1,5.803816401399672,ok
dense-fragmented,vus_roc,continuous,4096,2,5.811082481406629,ok
dense-fragmented,vus_roc,continuous,4096,3,5.781251969747245,ok
dense-fragmented,vus_roc,continuous,4096,4,5.804585890844464,ok
dense-fragmented,vus_roc,continuous,8192,0,11.346759667620065,ok
dense-fragmented,vus_roc,continuous,8192,1,11.386654620058836,ok
dense-fragmented,vus_roc,continuous,8192,2,11.367441543377936,ok
dense-fragmented,vus_roc,continuous,8192,3,11.314087665639818,ok
dense-fragmented,vus_roc,continuous,8192,4,11.361669966951013,ok
dense-fragmented,vus_roc,continuous,16384,0,22.804676389321685,ok
dense-fragmented,vus_roc,continuous,16384,1,22.87598561309278,ok
dense-fragmented,vus_roc,continuous,16384,2,22.849962504580617,ok
dense-fragmented,vus_roc,continuous,16384,3,22.83124492876232,ok
dense-fragmented,vus_roc,continuous,16384,4,22.87486580107361,ok
dense-fragmented,vus_roc,continuous,32768,0,45.45955629181117,ok
dense-fragmented,vus_roc,continuous,32768,1,45.52303673978895,ok
dense-fragmented,vus_roc,continuous,32768,2,45.625878093764186,ok
dense-fragmented,vus_roc,continuous,32768,3,45.463862801902,ok
dense-fragmented,vus_roc,continuous,32768,4,45.91469308082014,ok
dense-fragmented,vus_roc,continuous,65536,0,90.31253128685056,ok
dense-fragmented,vus_roc,continuous,65536,1,89.8665962703526,ok
dense-fragmented,vus_roc,continuous,65536,2,90.09475063998252,ok
dense-fragmented,vus_roc,continuous,65536,3,90.18784811440857,ok
dense-fragmented,vus_roc,continuous,65536,4,90.01472787652165,ok
dense-fragmented,vus_roc,continuous,131072,0,182.05860996525732,ok
dense-fragmented,vus_roc,continuous,131072,1,182.45929045043889,ok
dense-fragmented,vus_roc,continuous,131072,2,181.63700882904232,ok
dense-fragmented,vus_roc,continuous,131072,3,182.86965926084667,ok
dense-fragmented,vus_roc,continuous,131072,4,181.99268625490367,ok
dense-fragmented,vus_roc,continuous,262144,0,363.35913132410496,ok
dense-fragmented,vus_roc,continuous,262144,1,364.9105998603627,ok
dense-fragmented,vus_roc,continuous,262144,2,363.7975244224072,ok
dense-fragmented,vus_roc,continuous,262144,3,364.9604654274881,ok
dense-fragmented,vus_roc,continuous,262144,4,364.998062861152,ok
dense-fragmented,vus_roc,continuous,524288,0,733.3096058201045,ok
dense-fragmented,vus_roc,continuous,524288,1,734.1733639584854,ok
dense-fragmented,vus_roc,continuous,524288,2,733.8651790833101,ok
dense-fragmented,vus_roc,continuous,524288,3,734.6355244293809,ok
dense-fragmented,vus_roc,continuous,524288,4,735.2253994420171,ok
dense-fragmented,vus_roc,continuous,1048576,0,1474.280455247499,ok
dense-fragmented,vus_roc,continuous,1048576,1,1469.9760154299438,ok
dense-fragmented,vus_roc,continuous,1048576,2,1469.3463338082656,ok
dense-fragmented,vus_roc,continuous,1048576,3,1467.7500780029222,ok
dense-fragmented,vus_roc,continuous,1048576,4,1468.323516475968,ok
dense-fragmented,wdd,binary,256,0,0.0027472609654068,ok
dense-fragmented,wdd,binary,256,1,0.0026192059740424,ok
dense-fragmented,wdd,binary,256,2,0.0026263231411576,ok
dense-fragmented,wdd,binary,256,3,0.002633586525917,ok
dense-fragmented,wdd,binary,256,4,0.0026359679177403,ok
dense-fragmented,wdd,binary,512,0,0.0047997552901506,ok
dense-fragmented,wdd,binary,512,1,0.0047934120520949,ok
dense-fragmented,wdd,binary,512,2,0.0048480434343218,ok
dense-fragmented,wdd,binary,512,3,0.0048057409003376,ok
dense-fragmented,wdd,binary,512,4,0.0049027623608708,ok
dense-fragmented,wdd,binary,1024,0,0.0092376014217734,ok
dense-fragmented,wdd,binary,1024,1,0.009338048286736,ok
dense-fragmented,wdd,binary,1024,2,0.0092351613566279,ok
dense-fragmented,wdd,binary,1024,3,0.0092885922640562,ok
dense-fragmented,wdd,binary,1024,4,0.00922382902354,ok
dense-fragmented,wdd,binary,2048,0,0.018113232217729,ok
dense-fragmented,wdd,binary,2048,1,0.0180345335975289,ok
dense-fragmented,wdd,binary,2048,2,0.017919523641467,ok
dense-fragmented,wdd,binary,2048,3,0.0179692329838871,ok
dense-fragmented,wdd,binary,2048,4,0.0180112710222601,ok
dense-fragmented,wdd,binary,4096,0,0.0355201186612248,ok
dense-fragmented,wdd,binary,4096,1,0.0353412199765443,ok
dense-fragmented,wdd,binary,4096,2,0.0357220815494656,ok
dense-fragmented,wdd,binary,4096,3,0.0354345627129077,ok
dense-fragmented,wdd,binary,4096,4,0.0355019345879554,ok
dense-fragmented,wdd,binary,8192,0,0.0703718215227127,ok
dense-fragmented,wdd,binary,8192,1,0.0706749465316534,ok
dense-fragmented,wdd,binary,8192,2,0.0707437125965952,ok
dense-fragmented,wdd,binary,8192,3,0.0709033235907554,ok
dense-fragmented,wdd,binary,8192,4,0.070455509237945,ok
dense-fragmented,wdd,binary,16384,0,0.1396316280588507,ok
dense-fragmented,wdd,binary,16384,1,0.1389808040112257,ok
dense-fragmented,wdd,binary,16384,2,0.1399673810228705,ok
dense-fragmented,wdd,binary,16384,3,0.1390195088461041,ok
dense-fragmented,wdd,binary,16384,4,0.1402448732405901,ok
dense-fragmented,wdd,binary,32768,0,0.2770895827561617,ok
dense-fragmented,wdd,binary,32768,1,0.2771140802651644,ok
dense-fragmented,wdd,binary,32768,2,0.280773819424212,ok
dense-fragmented,wdd,binary,32768,3,0.2784606218338012,ok
dense-fragmented,wdd,binary,32768,4,0.2803567359223962,ok
dense-fragmented,wdd,binary,65536,0,0.5535783004015684,ok
dense-fragmented,wdd,binary,65536,1,0.5551038254052401,ok
dense-fragmented,wdd,binary,65536,2,0.5569495363160968,ok
dense-fragmented,wdd,binary,65536,3,0.5539552187547088,ok
dense-fragmented,wdd,binary,65536,4,0.5550589179620147,ok
dense-fragmented,wdd,binary,131072,0,1.1090350588783622,ok
dense-fragmented,wdd,binary,131072,1,1.1109562469646337,ok
dense-fragmented,wdd,binary,131072,2,1.1068331990391016,ok
dense-fragmented,wdd,binary,131072,3,1.1061547230929136,ok
dense-fragmented,wdd,binary,131072,4,1.1108915358781817,ok
dense-fragmented,wdd,binary,262144,0,2.219517352990806,ok
dense-fragmented,wdd,binary,262144,1,2.209710420109332,ok
dense-fragmented,wdd,binary,262144,2,2.213588778860867,ok
dense-fragmented,wdd,binary,262144,3,2.213225200772285,ok
dense-fragmented,wdd,binary,262144,4,2.2165850745514035,ok
dense-fragmented,wdd,binary,524288,0,4.4436347698792815,ok
dense-fragmented,wdd,binary,524288,1,4.42856851965189,ok
dense-fragmented,wdd,binary,524288,2,4.431654448620975,ok
dense-fragmented,wdd,binary,524288,3,4.423378499224782,ok
dense-fragmented,wdd,binary,524288,4,4.418719540350139,ok
dense-fragmented,wdd,binary,1048576,0,8.894485793076456,ok
dense-fragmented,wdd,binary,1048576,1,8.887060376815498,ok
dense-fragmented,wdd,binary,1048576,2,8.88205184135586,ok
dense-fragmented,wdd,binary,1048576,3,8.829485584050417,ok
dense-fragmented,wdd,binary,1048576,4,8.889855201356113,ok
long-sparse,adc,binary,256,0,0.0005575167015194,ok
long-sparse,adc,binary,256,1,0.0004681274294853,ok
long-sparse,adc,binary,256,2,0.000508626922965,ok
long-sparse,adc,binary,256,3,0.0004621129482984,ok
long-sparse,adc,binary,256,4,0.0004738811403512,ok
long-sparse,adc,binary,512,0,0.0005447892472147,ok
long-sparse,adc,binary,512,1,0.0004817647859454,ok
long-sparse,adc,binary,512,2,0.0004815943539142,ok
long-sparse,adc,binary,512,3,0.0005155196413397,ok
long-sparse,adc,binary,512,4,0.0004805214703083,ok
long-sparse,adc,binary,1024,0,0.0005232458934187,ok
long-sparse,adc,binary,1024,1,0.0005351305007934,ok
long-sparse,adc,binary,1024,2,0.0004973085597157,ok
long-sparse,adc,binary,1024,3,0.0004973569884896,ok
long-sparse,adc,binary,1024,4,0.000494522973895,ok
long-sparse,adc,binary,2048,0,0.0005571721121668,ok
long-sparse,adc,binary,2048,1,0.0005473615601658,ok
long-sparse,adc,binary,2048,2,0.000529695302248,ok
long-sparse,adc,binary,2048,3,0.0005295732989907,ok
long-sparse,adc,binary,2048,4,0.0005300752818584,ok
long-sparse,adc,binary,4096,0,0.0006179884076118,ok
long-sparse,adc,binary,4096,1,0.0005886489525437,ok
long-sparse,adc,binary,4096,2,0.0005821045488119,ok
long-sparse,adc,binary,4096,3,0.0007577911019325,ok
long-sparse,adc,binary,4096,4,0.0007496196776628,ok
long-sparse,adc,binary,8192,0,0.0008796667680144,ok
long-sparse,adc,binary,8192,1,0.0008995700627565,ok
long-sparse,adc,binary,8192,2,0.0008904058486223,ok
long-sparse,adc,binary,8192,3,0.0009125489741563,ok
long-sparse,adc,binary,8192,4,0.0008993465453386,ok
long-sparse,adc,binary,16384,0,0.001171232201159,ok
long-sparse,adc,binary,16384,1,0.0011739255860447,ok
long-sparse,adc,binary,16384,2,0.0011727400124073,ok
long-sparse,adc,binary,16384,3,0.0011707041412591,ok
long-sparse,adc,binary,16384,4,0.0011736955493688,ok
long-sparse,adc,binary,32768,0,0.0017700660973787,ok
long-sparse,adc,binary,32768,1,0.001764578744769,ok
long-sparse,adc,binary,32768,2,0.0017432374879717,ok
long-sparse,adc,binary,32768,3,0.0017629619687795,ok
long-sparse,adc,binary,32768,4,0.0017492910847067,ok
long-sparse,adc,binary,65536,0,0.0027720723301172,ok
long-sparse,adc,binary,65536,1,0.0027431547641754,ok
long-sparse,adc,binary,65536,2,0.0027670515701174,ok
long-sparse,adc,binary,65536,3,0.0027372455224394,ok
long-sparse,adc,binary,65536,4,0.0030513862147927,ok
long-sparse,adc,binary,131072,0,0.0058716982603073,ok
long-sparse,adc,binary,131072,1,0.0058742957189679,ok
long-sparse,adc,binary,131072,2,0.0056046918034553,ok
long-sparse,adc,binary,131072,3,0.0056395204737782,ok
long-sparse,adc,binary,131072,4,0.0055916523560881,ok
long-sparse,adc,binary,262144,0,0.0106745464727282,ok
long-sparse,adc,binary,262144,1,0.0114951934665441,ok
long-sparse,adc,binary,262144,2,0.0104695297777652,ok
long-sparse,adc,binary,262144,3,0.0104875452816486,ok
long-sparse,adc,binary,262144,4,0.0104926936328411,ok
long-sparse,adc,binary,524288,0,0.020972323603928,ok
long-sparse,adc,binary,524288,1,0.0208255238831043,ok
long-sparse,adc,binary,524288,2,0.0207743234932422,ok
long-sparse,adc,binary,524288,3,0.0208531962707638,ok
long-sparse,adc,binary,524288,4,0.0208214269950985,ok
long-sparse,adc,binary,1048576,0,0.0406422428786754,ok
long-sparse,adc,binary,1048576,1,0.0407286882400512,ok
long-sparse,adc,binary,1048576,2,0.040697943419218,ok
long-sparse,adc,binary,1048576,3,0.0407313564792275,ok
long-sparse,adc,binary,1048576,4,0.0408114129677414,ok
long-sparse,add,binary,256,0,0.000749179162085,ok
long-sparse,add,binary,256,1,0.0006233369931578,ok
long-sparse,add,binary,256,2,0.0006909994408488,ok
long-sparse,add,binary,256,3,0.0006156917661428,ok
long-sparse,add,binary,256,4,0.0006190696731209,ok
long-sparse,add,binary,512,0,0.0007009776309132,ok
long-sparse,add,binary,512,1,0.0006385259330272,ok
long-sparse,add,binary,512,2,0.0006346609443426,ok
long-sparse,add,binary,512,3,0.0006374754011631,ok
long-sparse,add,binary,512,4,0.0006341896951198,ok
long-sparse,add,binary,1024,0,0.000698797404766,ok
long-sparse,add,binary,1024,1,0.0006465576589107,ok
long-sparse,add,binary,1024,2,0.0006522368639707,ok
long-sparse,add,binary,1024,3,0.000643360428512,ok
long-sparse,add,binary,1024,4,0.0006443969905376,ok
long-sparse,add,binary,2048,0,0.0015052715316414,ok
long-sparse,add,binary,2048,1,0.0008494686335325,ok
long-sparse,add,binary,2048,2,0.0008517242968082,ok
long-sparse,add,binary,2048,3,0.0008517503738403,ok
long-sparse,add,binary,2048,4,0.0008680503815412,ok
long-sparse,add,binary,4096,0,0.0009559355676174,ok
long-sparse,add,binary,4096,1,0.0009333081543445,ok
long-sparse,add,binary,4096,2,0.0009361272677779,ok
long-sparse,add,binary,4096,3,0.0009404923766851,ok
long-sparse,add,binary,4096,4,0.0009521543979644,ok
long-sparse,add,binary,8192,0,0.0011169938370585,ok
long-sparse,add,binary,8192,1,0.0010837484151124,ok
long-sparse,add,binary,8192,2,0.0010720789432525,ok
long-sparse,add,binary,8192,3,0.0010689012706279,ok
long-sparse,add,binary,8192,4,0.0010770596563816,ok
long-sparse,add,binary,16384,0,0.0014500459656119,ok
long-sparse,add,binary,16384,1,0.0013435762375593,ok
long-sparse,add,binary,16384,2,0.0013477420434355,ok
long-sparse,add,binary,16384,3,0.0013472344726324,ok
long-sparse,add,binary,16384,4,0.0013493802398443,ok
long-sparse,add,binary,32768,0,0.0021394602954387,ok
long-sparse,add,binary,32768,1,0.0018991287797689,ok
long-sparse,add,binary,32768,2,0.0019142664968967,ok
long-sparse,add,binary,32768,3,0.0019158516079187,ok
long-sparse,add,binary,32768,4,0.001901626586914,ok
long-sparse,add,binary,65536,0,0.0033397329971194,ok
long-sparse,add,binary,65536,1,0.0029183952137827,ok
long-sparse,add,binary,65536,2,0.0029009850695729,ok
long-sparse,add,binary,65536,3,0.0029246434569358,ok
long-sparse,add,binary,65536,4,0.0029275845736265,ok
long-sparse,add,binary,131072,0,0.006590761244297,ok
long-sparse,add,binary,131072,1,0.0058086328208446,ok
long-sparse,add,binary,131072,2,0.0057853488251566,ok
long-sparse,add,binary,131072,3,0.0057954005897045,ok
long-sparse,add,binary,131072,4,0.0058140810579061,ok
long-sparse,add,binary,262144,0,0.0122509142383933,ok
long-sparse,add,binary,262144,1,0.0107230674475431,ok
long-sparse,add,binary,262144,2,0.010701865889132,ok
long-sparse,add,binary,262144,3,0.0107174003496766,ok
long-sparse,add,binary,262144,4,0.0106901107355952,ok
long-sparse,add,binary,524288,0,0.0237594656646251,ok
long-sparse,add,binary,524288,1,0.021188860759139,ok
long-sparse,add,binary,524288,2,0.0211847852915525,ok
long-sparse,add,binary,524288,3,0.0211497042328119,ok
long-sparse,add,binary,524288,4,0.0211217356845736,ok
long-sparse,add,binary,1048576,0,0.0412111328914761,ok
long-sparse,add,binary,1048576,1,0.0405733762308955,ok
long-sparse,add,binary,1048576,2,0.040074641816318,ok
long-sparse,add,binary,1048576,3,0.0400687977671623,ok
long-sparse,add,binary,1048576,4,0.0406754296272993,ok
long-sparse,aff_f,binary,256,0,0.0011420166119933,ok
long-sparse,aff_f,binary,256,1,0.0009241141378879,ok
long-sparse,aff_f,binary,256,2,0.0009188326075673,ok
long-sparse,aff_f,binary,256,3,0.0009280182421207,ok
long-sparse,aff_f,binary,256,4,0.0009362334385514,ok
long-sparse,aff_f,binary,512,0,0.001086332835257,ok
long-sparse,aff_f,binary,512,1,0.0011122990399599,ok
long-sparse,aff_f,binary,512,2,0.0010324539616703,ok
long-sparse,aff_f,binary,512,3,0.0010845027863979,ok
long-sparse,aff_f,binary,512,4,0.0010312926024198,ok
long-sparse,aff_f,binary,1024,0,0.001224098727107,ok
long-sparse,aff_f,binary,1024,1,0.0012213634327054,ok
long-sparse,aff_f,binary,1024,2,0.0011924523860216,ok
long-sparse,aff_f,binary,1024,3,0.0011790515854954,ok
long-sparse,aff_f,binary,1024,4,0.0011772299185395,ok
long-sparse,aff_f,binary,2048,0,0.0016756504774093,ok
long-sparse,aff_f,binary,2048,1,0.0016132574528455,ok
long-sparse,aff_f,binary,2048,2,0.0015767877921462,ok
long-sparse,aff_f,binary,2048,3,0.001581928692758,ok
long-sparse,aff_f,binary,2048,4,0.0015823654830455,ok
long-sparse,aff_f,binary,4096,0,0.0022460492327809,ok
long-sparse,aff_f,binary,4096,1,0.0021659256890416,ok
long-sparse,aff_f,binary,4096,2,0.0022170608863234,ok
long-sparse,aff_f,binary,4096,3,0.0022418946027755,ok
long-sparse,aff_f,binary,4096,4,0.0021671960130333,ok
long-sparse,aff_f,binary,8192,0,0.0034649791195988,ok
long-sparse,aff_f,binary,8192,1,0.0034091770648956,ok
long-sparse,aff_f,binary,8192,2,0.0033421218395233,ok
long-sparse,aff_f,binary,8192,3,0.003372591920197,ok
long-sparse,aff_f,binary,8192,4,0.0033829091116786,ok
long-sparse,aff_f,binary,16384,0,0.0058869374915957,ok
long-sparse,aff_f,binary,16384,1,0.0056777978315949,ok
long-sparse,aff_f,binary,16384,2,0.0057050082832574,ok
long-sparse,aff_f,binary,16384,3,0.0056890118867158,ok
long-sparse,aff_f,binary,16384,4,0.0057079093530774,ok
long-sparse,aff_f,binary,32768,0,0.0124574955552816,ok
long-sparse,aff_f,binary,32768,1,0.0122957667335867,ok
long-sparse,aff_f,binary,32768,2,0.0122740203514695,ok
long-sparse,aff_f,binary,32768,3,0.0122555010020732,ok
long-sparse,aff_f,binary,32768,4,0.0122779784724116,ok
long-sparse,aff_f,binary,65536,0,0.0217275880277156,ok
long-sparse,aff_f,binary,65536,1,0.0217270189896225,ok
long-sparse,aff_f,binary,65536,2,0.0216895556077361,ok
long-sparse,aff_f,binary,65536,3,0.0217437865212559,ok
long-sparse,aff_f,binary,65536,4,0.0218298230320215,ok
long-sparse,aff_f,binary,131072,0,0.0432532569393515,ok
long-sparse,aff_f,binary,131072,1,0.0426898915320634,ok
long-sparse,aff_f,binary,131072,2,0.0426357733085751,ok
long-sparse,aff_f,binary,131072,3,0.0426044622436165,ok
long-sparse,aff_f,binary,131072,4,0.0426286505535244,ok
long-sparse,aff_f,binary,262144,0,0.087228556163609,ok
long-sparse,aff_f,binary,262144,1,0.0865785926580429,ok
long-sparse,aff_f,binary,262144,2,0.0864246105775237,ok
long-sparse,aff_f,binary,262144,3,0.0864186137914657,ok
long-sparse,aff_f,binary,262144,4,0.086376498453319,ok
long-sparse,aff_f,binary,524288,0,0.1641358630731701,ok
long-sparse,aff_f,binary,524288,1,0.1639307932928204,ok
long-sparse,aff_f,binary,524288,2,0.1635567964985966,ok
long-sparse,aff_f,binary,524288,3,0.1634000409394502,ok
long-sparse,aff_f,binary,524288,4,0.1638230439275503,ok
long-sparse,aff_f,binary,1048576,0,0.3307226086035371,ok
long-sparse,aff_f,binary,1048576,1,0.3328981967642903,ok
long-sparse,aff_f,binary,1048576,2,0.3303748061880469,ok
long-sparse,aff_f,binary,1048576,3,0.3308043899014592,ok
long-sparse,aff_f,binary,1048576,4,0.3302100887522101,ok
long-sparse,bpaf,binary,256,0,0.0007013399153947,ok
long-sparse,bpaf,binary,256,1,0.000608935020864,ok
long-sparse,bpaf,binary,256,2,0.0006023291498422,ok
long-sparse,bpaf,binary,256,3,0.0005993675440549,ok
long-sparse,bpaf,binary,256,4,0.000602819956839,ok
long-sparse,bpaf,binary,512,0,0.0006728591397404,ok
long-sparse,bpaf,binary,512,1,0.0006412239745259,ok
long-sparse,bpaf,binary,512,2,0.0006698742508888,ok
long-sparse,bpaf,binary,512,3,0.0006401175633072,ok
long-sparse,bpaf,binary,512,4,0.0006401054561138,ok
long-sparse,bpaf,binary,1024,0,0.0007631685584783,ok
long-sparse,bpaf,binary,1024,1,0.0006719250231981,ok
long-sparse,bpaf,binary,1024,2,0.0006721913814544,ok
long-sparse,bpaf,binary,1024,3,0.0006673438474535,ok
long-sparse,bpaf,binary,1024,4,0.0006715217605233,ok
long-sparse,bpaf,binary,2048,0,0.0008203107863664,ok
long-sparse,bpaf,binary,2048,1,0.0007235510274767,ok
long-sparse,bpaf,binary,2048,2,0.0007258979603648,ok
long-sparse,bpaf,binary,2048,3,0.0007236143574118,ok
long-sparse,bpaf,binary,2048,4,0.0007258411496877,ok
long-sparse,bpaf,binary,4096,0,0.0008474690839648,ok
long-sparse,bpaf,binary,4096,1,0.0008152304217219,ok
long-sparse,bpaf,binary,4096,2,0.0008179433643817,ok
long-sparse,bpaf,binary,4096,3,0.000816379673779,ok
long-sparse,bpaf,binary,4096,4,0.000850373879075,ok
long-sparse,bpaf,binary,8192,0,0.0010423781350255,ok
long-sparse,bpaf,binary,8192,1,0.0010633589699864,ok
long-sparse,bpaf,binary,8192,2,0.0010022744536399,ok
long-sparse,bpaf,binary,8192,3,0.0010126968845725,ok
long-sparse,bpaf,binary,8192,4,0.0010066153481602,ok
long-sparse,bpaf,binary,16384,0,0.0013890014961361,ok
long-sparse,bpaf,binary,16384,1,0.0013752495869994,ok
long-sparse,bpaf,binary,16384,2,0.0013442924246191,ok
long-sparse,bpaf,binary,16384,3,0.0013620499521493,ok
long-sparse,bpaf,binary,16384,4,0.001347436569631,ok
long-sparse,bpaf,binary,32768,0,0.0021952325478196,ok
long-sparse,bpaf,binary,32768,1,0.0021804999560117,ok
long-sparse,bpaf,binary,32768,2,0.0021730940788984,ok
long-sparse,bpaf,binary,32768,3,0.0021895915269851,ok
long-sparse,bpaf,binary,32768,4,0.002124018035829,ok
long-sparse,bpaf,binary,65536,0,0.0036452254280447,ok
long-sparse,bpaf,binary,65536,1,0.003566350787878,ok
long-sparse,bpaf,binary,65536,2,0.0035325922071933,ok
long-sparse,bpaf,binary,65536,3,0.0035545267164707,ok
long-sparse,bpaf,binary,65536,4,0.0035530710592865,ok
long-sparse,bpaf,binary,131072,0,0.0071908067911863,ok
long-sparse,bpaf,binary,131072,1,0.0069823991507291,ok
long-sparse,bpaf,binary,131072,2,0.0070134224370121,ok
long-sparse,bpaf,binary,131072,3,0.0070638824254274,ok
long-sparse,bpaf,binary,131072,4,0.0069939801469445,ok
long-sparse,bpaf,binary,262144,0,0.0135756097733974,ok
long-sparse,bpaf,binary,262144,1,0.0134463040158152,ok
long-sparse,bpaf,binary,262144,2,0.0135843707248568,ok
long-sparse,bpaf,binary,262144,3,0.0133858807384967,ok
long-sparse,bpaf,binary,262144,4,0.0134442197158932,ok
long-sparse,bpaf,binary,524288,0,0.0263667292892932,ok
long-sparse,bpaf,binary,524288,1,0.0263707833364605,ok
long-sparse,bpaf,binary,524288,2,0.0262093506753444,ok
long-sparse,bpaf,binary,524288,3,0.0268481578677892,ok
long-sparse,bpaf,binary,524288,4,0.0265087569132447,ok
long-sparse,bpaf,binary,1048576,0,0.052934780716896,ok
long-sparse,bpaf,binary,1048576,1,0.053223393857479,ok
long-sparse,bpaf,binary,1048576,2,0.0534705407917499,ok
long-sparse,bpaf,binary,1048576,3,0.0541765876114368,ok
long-sparse,bpaf,binary,1048576,4,0.053107944317162,ok
long-sparse,cf,binary,256,0,0.0006322031840682,ok
long-sparse,cf,binary,256,1,0.0005755675956606,ok
long-sparse,cf,binary,256,2,0.00056819524616,ok
long-sparse,cf,binary,256,3,0.0005667889490723,ok
long-sparse,cf,binary,256,4,0.0005943970754742,ok
long-sparse,cf,binary,512,0,0.0006850138306617,ok
long-sparse,cf,binary,512,1,0.0006984518840909,ok
long-sparse,cf,binary,512,2,0.0006996393203735,ok
long-sparse,cf,binary,512,3,0.0007111392915248,ok
long-sparse,cf,binary,512,4,0.0006970139220356,ok
long-sparse,cf,binary,1024,0,0.0009157722815871,ok
long-sparse,cf,binary,1024,1,0.0009372001513838,ok
long-sparse,cf,binary,1024,2,0.0009300913661718,ok
long-sparse,cf,binary,1024,3,0.0009320909157395,ok
long-sparse,cf,binary,1024,4,0.0009302655234932,ok
long-sparse,cf,binary,2048,0,0.0013828771188855,ok
long-sparse,cf,binary,2048,1,0.0014056805521249,ok
long-sparse,cf,binary,2048,2,0.0013928664848208,ok
long-sparse,cf,binary,2048,3,0.0014360984787344,ok
long-sparse,cf,binary,2048,4,0.0013960031792521,ok
long-sparse,cf,binary,4096,0,0.0022829715162515,ok
long-sparse,cf,binary,4096,1,0.002305899746716,ok
long-sparse,cf,binary,4096,2,0.0023037632927298,ok
long-sparse,cf,binary,4096,3,0.0022980822250247,ok
long-sparse,cf,binary,4096,4,0.0023010838776826,ok
long-sparse,cf,binary,8192,0,0.0041428571566939,ok
long-sparse,cf,binary,8192,1,0.0041723931208252,ok
long-sparse,cf,binary,8192,2,0.0041644107550382,ok
long-sparse,cf,binary,8192,3,0.0041675865650177,ok
long-sparse,cf,binary,8192,4,0.0041377618908882,ok
long-sparse,cf,binary,16384,0,0.0076204501092433,ok
long-sparse,cf,binary,16384,1,0.0076067559421062,ok
long-sparse,cf,binary,16384,2,0.0076007302850484,ok
long-sparse,cf,binary,16384,3,0.0075826030224561,ok
long-sparse,cf,binary,16384,4,0.0076180649921298,ok
long-sparse,cf,binary,32768,0,0.0147876339033246,ok
long-sparse,cf,binary,32768,1,0.0146822379902005,ok
long-sparse,cf,binary,32768,2,0.0146986423060297,ok
long-sparse,cf,binary,32768,3,0.0146720763295888,ok
long-sparse,cf,binary,32768,4,0.014698076993227,ok
long-sparse,cf,binary,65536,0,0.0288514913991093,ok
long-sparse,cf,binary,65536,1,0.0287923561409115,ok
long-sparse,cf,binary,65536,2,0.0287969252094626,ok
long-sparse,cf,binary,65536,3,0.0288183558732271,ok
long-sparse,cf,binary,65536,4,0.0287987943738698,ok
long-sparse,cf,binary,131072,0,0.0572902299463748,ok
long-sparse,cf,binary,131072,1,0.055653752759099,ok
long-sparse,cf,binary,131072,2,0.0463808849453926,ok
long-sparse,cf,binary,131072,3,0.04656742233783,ok
long-sparse,cf,binary,131072,4,0.0464856196194887,ok
long-sparse,cf,binary,262144,0,0.0919988267123699,ok
long-sparse,cf,binary,262144,1,0.0919388839974999,ok
long-sparse,cf,binary,262144,2,0.092159959487617,ok
long-sparse,cf,binary,262144,3,0.0920489327982068,ok
long-sparse,cf,binary,262144,4,0.0919742779806256,ok
long-sparse,cf,binary,524288,0,0.1836669370532035,ok
long-sparse,cf,binary,524288,1,0.1849419716745615,ok
long-sparse,cf,binary,524288,2,0.1846243776381015,ok
long-sparse,cf,binary,524288,3,0.1831787107512354,ok
long-sparse,cf,binary,524288,4,0.1830004658550024,ok
long-sparse,cf,binary,1048576,0,0.3716220716014504,ok
long-sparse,cf,binary,1048576,1,0.3694893978536129,ok
long-sparse,cf,binary,1048576,2,0.3689910788089037,ok
long-sparse,cf,binary,1048576,3,0.3686506850644946,ok
long-sparse,cf,binary,1048576,4,0.3680707281455397,ok
long-sparse,dair,binary,256,0,0.0005641859024763,ok
long-sparse,dair,binary,256,1,0.0005075596272945,ok
long-sparse,dair,binary,256,2,0.0004980880767107,ok
long-sparse,dair,binary,256,3,0.0004957132041454,ok
long-sparse,dair,binary,256,4,0.000542776659131,ok
long-sparse,dair,binary,512,0,0.000539343804121,ok
long-sparse,dair,binary,512,1,0.0005454318597912,ok
long-sparse,dair,binary,512,2,0.0005456283688545,ok
long-sparse,dair,binary,512,3,0.0005470784381031,ok
long-sparse,dair,binary,512,4,0.0005477331578731,ok
long-sparse,dair,binary,1024,0,0.0006300248205661,ok
long-sparse,dair,binary,1024,1,0.0006469143554568,ok
long-sparse,dair,binary,1024,2,0.0006483541801571,ok
long-sparse,dair,binary,1024,3,0.0006431471556425,ok
long-sparse,dair,binary,1024,4,0.0006557013839483,ok
long-sparse,dair,binary,2048,0,0.0007660975679755,ok
long-sparse,dair,binary,2048,1,0.0007648123428225,ok
long-sparse,dair,binary,2048,2,0.00076733995229,ok
long-sparse,dair,binary,2048,3,0.0007667550817131,ok
long-sparse,dair,binary,2048,4,0.0007678978145122,ok
long-sparse,dair,binary,4096,0,0.0010508401319384,ok
long-sparse,dair,binary,4096,1,0.0010398812592029,ok
long-sparse,dair,binary,4096,2,0.0010497905313968,ok
long-sparse,dair,binary,4096,3,0.0010576266795396,ok
long-sparse,dair,binary,4096,4,0.0010480619966983,ok
long-sparse,dair,binary,8192,0,0.0016775047406554,ok
long-sparse,dair,binary,8192,1,0.0017066821455955,ok
long-sparse,dair,binary,8192,2,0.0016792016103863,ok
long-sparse,dair,binary,8192,3,0.001713459379971,ok
long-sparse,dair,binary,8192,4,0.0016867062076926,ok
long-sparse,dair,binary,16384,0,0.0025236569344997,ok
long-sparse,dair,binary,16384,1,0.0024533765390515,ok
long-sparse,dair,binary,16384,2,0.0024908417835831,ok
long-sparse,dair,binary,16384,3,0.0024735098704695,ok
long-sparse,dair,binary,16384,4,0.0024814251810312,ok
long-sparse,dair,binary,32768,0,0.0065043764188885,ok
long-sparse,dair,binary,32768,1,0.0064219078049063,ok
long-sparse,dair,binary,32768,2,0.0063701532781124,ok
long-sparse,dair,binary,32768,3,0.0064040962606668,ok
long-sparse,dair,binary,32768,4,0.0063224146142601,ok
long-sparse,dair,binary,65536,0,0.0094960452988743,ok
long-sparse,dair,binary,65536,1,0.0095267733559012,ok
long-sparse,dair,binary,65536,2,0.0094545073807239,ok
long-sparse,dair,binary,65536,3,0.0093644643202424,ok
long-sparse,dair,binary,65536,4,0.0094866920262575,ok
long-sparse,dair,binary,131072,0,0.0184364896267652,ok
long-sparse,dair,binary,131072,1,0.0187586396932601,ok
long-sparse,dair,binary,131072,2,0.0182661795988678,ok
long-sparse,dair,binary,131072,3,0.0186738744378089,ok
long-sparse,dair,binary,131072,4,0.0183291481807827,ok
long-sparse,dair,binary,262144,0,0.047354957088828,ok
long-sparse,dair,binary,262144,1,0.0464406013488769,ok
long-sparse,dair,binary,262144,2,0.0472342250868678,ok
long-sparse,dair,binary,262144,3,0.037721786648035,ok
long-sparse,dair,binary,262144,4,0.0382749829441309,ok
long-sparse,dair,binary,524288,0,0.0645616836845874,ok
long-sparse,dair,binary,524288,1,0.0654223253950476,ok
long-sparse,dair,binary,524288,2,0.0644181109964847,ok
long-sparse,dair,binary,524288,3,0.0653061186894774,ok
long-sparse,dair,binary,524288,4,0.064405825920403,ok
long-sparse,dair,binary,1048576,0,0.1367103923112154,ok
long-sparse,dair,binary,1048576,1,0.1349246744066476,ok
long-sparse,dair,binary,1048576,2,0.1368433302268386,ok
long-sparse,dair,binary,1048576,3,0.135612946934998,ok
long-sparse,dair,binary,1048576,4,0.1369495941326022,ok
long-sparse,dicec,binary,256,0,0.0004117600619792,ok
long-sparse,dicec,binary,256,1,0.0003693709149956,ok
long-sparse,dicec,binary,256,2,0.0003519393503665,ok
long-sparse,dicec,binary,256,3,0.0003496510908007,ok
long-sparse,dicec,binary,256,4,0.0003550834953784,ok
long-sparse,dicec,binary,512,0,0.000365070067346,ok
long-sparse,dicec,binary,512,1,0.000349560752511,ok
long-sparse,dicec,binary,512,2,0.0003386056050658,ok
long-sparse,dicec,binary,512,3,0.0003394531086087,ok
long-sparse,dicec,binary,512,4,0.0003918008878827,ok
long-sparse,dicec,binary,1024,0,0.0004177410155534,ok
long-sparse,dicec,binary,1024,1,0.0003542164340615,ok
long-sparse,dicec,binary,1024,2,0.0003919657319784,ok
long-sparse,dicec,binary,1024,3,0.0003501316532492,ok
long-sparse,dicec,binary,1024,4,0.0003514988347887,ok
long-sparse,dicec,binary,2048,0,0.000433743931353,ok
long-sparse,dicec,binary,2048,1,0.0003769006580114,ok
long-sparse,dicec,binary,2048,2,0.0003762571141123,ok
long-sparse,dicec,binary,2048,3,0.0003888420760631,ok
long-sparse,dicec,binary,2048,4,0.0003766026347875,ok
long-sparse,dicec,binary,4096,0,0.0005005979910492,ok
long-sparse,dicec,binary,4096,1,0.0006021931767463,ok
long-sparse,dicec,binary,4096,2,0.0005423342809081,ok
long-sparse,dicec,binary,4096,3,0.0006013112142682,ok
long-sparse,dicec,binary,4096,4,0.0006041070446372,ok
long-sparse,dicec,binary,8192,0,0.0007931208238005,ok
long-sparse,dicec,binary,8192,1,0.0007248045876622,ok
long-sparse,dicec,binary,8192,2,0.0007224669679999,ok
long-sparse,dicec,binary,8192,3,0.0007212692871689,ok
long-sparse,dicec,binary,8192,4,0.0007211305201053,ok
long-sparse,dicec,binary,16384,0,0.001097435131669,ok
long-sparse,dicec,binary,16384,1,0.0009790752083063,ok
long-sparse,dicec,binary,16384,2,0.0009588589891791,ok
long-sparse,dicec,binary,16384,3,0.0009818812832236,ok
long-sparse,dicec,binary,16384,4,0.000960717909038,ok
long-sparse,dicec,binary,32768,0,0.0016773073002696,ok
long-sparse,dicec,binary,32768,1,0.0014195665717124,ok
long-sparse,dicec,binary,32768,2,0.0014358758926391,ok
long-sparse,dicec,binary,32768,3,0.0014470694586634,ok
long-sparse,dicec,binary,32768,4,0.0014615012332797,ok
long-sparse,dicec,binary,65536,0,0.0027696043252944,ok
long-sparse,dicec,binary,65536,1,0.0022471444681286,ok
long-sparse,dicec,binary,65536,2,0.0022405479103326,ok
long-sparse,dicec,binary,65536,3,0.0023058271035552,ok
long-sparse,dicec,binary,65536,4,0.0022564446553587,ok
long-sparse,dicec,binary,131072,0,0.0054050171747803,ok
long-sparse,dicec,binary,131072,1,0.0043743690475821,ok
long-sparse,dicec,binary,131072,2,0.0043730661273002,ok
long-sparse,dicec,binary,131072,3,0.0043772412464022,ok
long-sparse,dicec,binary,131072,4,0.0043700393289327,ok
long-sparse,dicec,binary,262144,0,0.0101225031539797,ok
long-sparse,dicec,binary,262144,1,0.0077273976057767,ok
long-sparse,dicec,binary,262144,2,0.0077136177569627,ok
long-sparse,dicec,binary,262144,3,0.0077205523848533,ok
long-sparse,dicec,binary,262144,4,0.0073640011250972,ok
long-sparse,dicec,binary,524288,0,0.0178532022982835,ok
long-sparse,dicec,binary,524288,1,0.0139692137017846,ok
long-sparse,dicec,binary,524288,2,0.0139644835144281,ok
long-sparse,dicec,binary,524288,3,0.0139797748997807,ok
long-sparse,dicec,binary,524288,4,0.0139313302934169,ok
long-sparse,dicec,binary,1048576,0,0.0324707832187414,ok
long-sparse,dicec,binary,1048576,1,0.0295271631330251,ok
long-sparse,dicec,binary,1048576,2,0.0295896735042333,ok
long-sparse,dicec,binary,1048576,3,0.0295821465551853,ok
long-sparse,dicec,binary,1048576,4,0.029397970996797,ok
long-sparse,dtpaf,binary,256,0,0.000491876155138,ok
long-sparse,dtpaf,binary,256,1,0.0004366235807538,ok
long-sparse,dtpaf,binary,256,2,0.0004513943567872,ok
long-sparse,dtpaf,binary,256,3,0.0004306538030505,ok
long-sparse,dtpaf,binary,256,4,0.0004405518993735,ok
long-sparse,dtpaf,binary,512,0,0.0004728948697447,ok
long-sparse,dtpaf,binary,512,1,0.0004486460238695,ok
long-sparse,dtpaf,binary,512,2,0.000445662997663,ok
long-sparse,dtpaf,binary,512,3,0.0004470460116863,ok
long-sparse,dtpaf,binary,512,4,0.000447747297585,ok
long-sparse,dtpaf,binary,1024,0,0.0005218526348471,ok
long-sparse,dtpaf,binary,1024,1,0.0004649106413125,ok
long-sparse,dtpaf,binary,1024,2,0.0004607820883393,ok
long-sparse,dtpaf,binary,1024,3,0.0004592388868331,ok
long-sparse,dtpaf,binary,1024,4,0.0004596309736371,ok
long-sparse,dtpaf,binary,2048,0,0.0005141030997037,ok
long-sparse,dtpaf,binary,2048,1,0.0005532670766115,ok
long-sparse,dtpaf,binary,2048,2,0.0004912028089165,ok
long-sparse,dtpaf,binary,2048,3,0.0004909867420792,ok
long-sparse,dtpaf,binary,2048,4,0.0004906561225652,ok
long-sparse,dtpaf,binary,4096,0,0.0005702720955014,ok
long-sparse,dtpaf,binary,4096,1,0.0005931155756115,ok
long-sparse,dtpaf,binary,4096,2,0.0005411794409155,ok
long-sparse,dtpaf,binary,4096,3,0.0005425065755844,ok
long-sparse,dtpaf,binary,4096,4,0.0005434341728687,ok
long-sparse,dtpaf,binary,8192,0,0.0006748242303729,ok
long-sparse,dtpaf,binary,8192,1,0.0006475877016782,ok
long-sparse,dtpaf,binary,8192,2,0.0006801607087254,ok
long-sparse,dtpaf,binary,8192,3,0.0006872834637761,ok
long-sparse,dtpaf,binary,8192,4,0.0006483700126409,ok
long-sparse,dtpaf,binary,16384,0,0.0008956883102655,ok
long-sparse,dtpaf,binary,16384,1,0.0008773198351264,ok
long-sparse,dtpaf,binary,16384,2,0.0008588097989559,ok
long-sparse,dtpaf,binary,16384,3,0.0008599935099482,ok
long-sparse,dtpaf,binary,16384,4,0.0008589904755353,ok
long-sparse,dtpaf,binary,32768,0,0.0013193180784583,ok
long-sparse,dtpaf,binary,32768,1,0.0012541003525257,ok
long-sparse,dtpaf,binary,32768,2,0.0012571150436997,ok
long-sparse,dtpaf,binary,32768,3,0.0012556547299027,ok
long-sparse,dtpaf,binary,32768,4,0.0013255681842565,ok
long-sparse,dtpaf,binary,65536,0,0.0020828284323215,ok
long-sparse,dtpaf,binary,65536,1,0.0020603667944669,ok
long-sparse,dtpaf,binary,65536,2,0.002049715258181,ok
long-sparse,dtpaf,binary,65536,3,0.0020014299079775,ok
long-sparse,dtpaf,binary,65536,4,0.0020641861483454,ok
long-sparse,dtpaf,binary,131072,0,0.0043758042156696,ok
long-sparse,dtpaf,binary,131072,1,0.0042696958407759,ok
long-sparse,dtpaf,binary,131072,2,0.0042551746591925,ok
long-sparse,dtpaf,binary,131072,3,0.0042836731299757,ok
long-sparse,dtpaf,binary,131072,4,0.0042637540027499,ok
long-sparse,dtpaf,binary,262144,0,0.0081712920218706,ok
long-sparse,dtpaf,binary,262144,1,0.0080383047461509,ok
long-sparse,dtpaf,binary,262144,2,0.0080494573339819,ok
long-sparse,dtpaf,binary,262144,3,0.0080818496644496,ok
long-sparse,dtpaf,binary,262144,4,0.0080699548125267,ok
long-sparse,dtpaf,binary,524288,0,0.0179545171558856,ok
long-sparse,dtpaf,binary,524288,1,0.0164618901908397,ok
long-sparse,dtpaf,binary,524288,2,0.0164071125909686,ok
long-sparse,dtpaf,binary,524288,3,0.0163595071062445,ok
long-sparse,dtpaf,binary,524288,4,0.0164419980719685,ok
long-sparse,dtpaf,binary,1048576,0,0.0324695827439427,ok
long-sparse,dtpaf,binary,1048576,1,0.0324390679597854,ok
long-sparse,dtpaf,binary,1048576,2,0.032562137581408,ok
long-sparse,dtpaf,binary,1048576,3,0.0324087450280785,ok
long-sparse,dtpaf,binary,1048576,4,0.0324256988242268,ok
long-sparse,eds,binary,256,0,0.0005883779376745,ok
long-sparse,eds,binary,256,1,0.0005130572244524,ok
long-sparse,eds,binary,256,2,0.0005702776834368,ok
long-sparse,eds,binary,256,3,0.0005057696253061,ok
long-sparse,eds,binary,256,4,0.0005383007228374,ok
long-sparse,eds,binary,512,0,0.0005550757050514,ok
long-sparse,eds,binary,512,1,0.0005179960280656,ok
long-sparse,eds,binary,512,2,0.0005177622660994,ok
long-sparse,eds,binary,512,3,0.0005180360749363,ok
long-sparse,eds,binary,512,4,0.0005210377275943,ok
long-sparse,eds,binary,1024,0,0.0005700951442122,ok
long-sparse,eds,binary,1024,1,0.0005342280492186,ok
long-sparse,eds,binary,1024,2,0.0005308911204338,ok
long-sparse,eds,binary,1024,3,0.0006077904254198,ok
long-sparse,eds,binary,1024,4,0.0005297800526022,ok
long-sparse,eds,binary,2048,0,0.0006266497075557,ok
long-sparse,eds,binary,2048,1,0.00062096118927,ok
long-sparse,eds,binary,2048,2,0.000583685003221,ok
long-sparse,eds,binary,2048,3,0.0005835220217704,ok
long-sparse,eds,binary,2048,4,0.0005858205258846,ok
long-sparse,eds,binary,4096,0,0.0007916344329714,ok
long-sparse,eds,binary,4096,1,0.0007055699825286,ok
long-sparse,eds,binary,4096,2,0.0007657939568161,ok
long-sparse,eds,binary,4096,3,0.0007863119244575,ok
long-sparse,eds,binary,4096,4,0.0007557403296232,ok
long-sparse,eds,binary,8192,0,0.0010781148448586,ok
long-sparse,eds,binary,8192,1,0.0019531892612576,ok
long-sparse,eds,binary,8192,2,0.0011167842894792,ok
long-sparse,eds,binary,8192,3,0.0010989550501108,ok
long-sparse,eds,binary,8192,4,0.0011037494987249,ok
long-sparse,eds,binary,16384,0,0.0018431600183248,ok
long-sparse,eds,binary,16384,1,0.00179348513484,ok
long-sparse,eds,binary,16384,2,0.0018142899498343,ok
long-sparse,eds,binary,16384,3,0.0017996402457356,ok
long-sparse,eds,binary,16384,4,0.0018340079113841,ok
long-sparse,eds,binary,32768,0,0.0027062827721238,ok
long-sparse,eds,binary,32768,1,0.0022645909339189,ok
long-sparse,eds,binary,32768,2,0.0022560395300388,ok
long-sparse,eds,binary,32768,3,0.0021384386345744,ok
long-sparse,eds,binary,32768,4,0.002164083532989,ok
long-sparse,eds,binary,65536,0,0.0041151316836476,ok
long-sparse,eds,binary,65536,1,0.0037207547575235,ok
long-sparse,eds,binary,65536,2,0.003713920712471,ok
long-sparse,eds,binary,65536,3,0.0036867307499051,ok
long-sparse,eds,binary,65536,4,0.0037206634879112,ok
long-sparse,eds,binary,131072,0,0.0094728609547019,ok
long-sparse,eds,binary,131072,1,0.0084675289690494,ok
long-sparse,eds,binary,131072,2,0.0084778144955635,ok
long-sparse,eds,binary,131072,3,0.0085036559030413,ok
long-sparse,eds,binary,131072,4,0.008757377974689,ok
long-sparse,eds,binary,262144,0,0.013772515580058,ok
long-sparse,eds,binary,262144,1,0.0119105875492095,ok
long-sparse,eds,binary,262144,2,0.0119173740968108,ok
long-sparse,eds,binary,262144,3,0.0118824243545532,ok
long-sparse,eds,binary,262144,4,0.0120347654446959,ok
long-sparse,eds,binary,524288,0,0.0315094087272882,ok
long-sparse,eds,binary,524288,1,0.0296550281345844,ok
long-sparse,eds,binary,524288,2,0.0297224475070834,ok
long-sparse,eds,binary,524288,3,0.0294315926730632,ok
long-sparse,eds,binary,524288,4,0.0297875432297587,ok
long-sparse,eds,binary,1048576,0,0.0631824797019362,ok
long-sparse,eds,binary,1048576,1,0.057386172004044,ok
long-sparse,eds,binary,1048576,2,0.0573010183870792,ok
long-sparse,eds,binary,1048576,3,0.0580189637839794,ok
long-sparse,eds,binary,1048576,4,0.0574598778039217,ok
long-sparse,etaf,binary,256,0,0.0014774017035961,ok
long-sparse,etaf,binary,256,1,0.0012191990390419,ok
long-sparse,etaf,binary,256,2,0.0012575797736644,ok
long-sparse,etaf,binary,256,3,0.0012001246213912,ok
long-sparse,etaf,binary,256,4,0.0012494102120399,ok
long-sparse,etaf,binary,512,0,0.0015567829832434,ok
long-sparse,etaf,binary,512,1,0.0015627611428499,ok
long-sparse,etaf,binary,512,2,0.0015242593362927,ok
long-sparse,etaf,binary,512,3,0.0015612579882144,ok
long-sparse,etaf,binary,512,4,0.0015086326748132,ok
long-sparse,etaf,binary,1024,0,0.0020982082933187,ok
long-sparse,etaf,binary,1024,1,0.0021265763789415,ok
long-sparse,etaf,binary,1024,2,0.0020808186382055,ok
long-sparse,etaf,binary,1024,3,0.0021156398579478,ok
long-sparse,etaf,binary,1024,4,0.0020752400159835,ok
long-sparse,etaf,binary,2048,0,0.003526946529746,ok
long-sparse,etaf,binary,2048,1,0.0034893369302153,ok
long-sparse,etaf,binary,2048,2,0.0034987991675734,ok
long-sparse,etaf,binary,2048,3,0.0034926887601614,ok
long-sparse,etaf,binary,2048,4,0.0034677051007747,ok
long-sparse,etaf,binary,4096,0,0.0060519250109791,ok
long-sparse,etaf,binary,4096,1,0.0060293469578027,ok
long-sparse,etaf,binary,4096,2,0.006039522588253,ok
long-sparse,etaf,binary,4096,3,0.0061242384836077,ok
long-sparse,etaf,binary,4096,4,0.0060704173520207,ok
long-sparse,etaf,binary,8192,0,0.0108350664377212,ok
long-sparse,etaf,binary,8192,1,0.0107975341379642,ok
long-sparse,etaf,binary,8192,2,0.0108982324600219,ok
long-sparse,etaf,binary,8192,3,0.0108527485281229,ok
long-sparse,etaf,binary,8192,4,0.0107715399935841,ok
long-sparse,etaf,binary,16384,0,0.0219205524772405,ok
long-sparse,etaf,binary,16384,1,0.0219106543809175,ok
long-sparse,etaf,binary,16384,2,0.0219575706869363,ok
long-sparse,etaf,binary,16384,3,0.0219392227008938,ok
long-sparse,etaf,binary,16384,4,0.0217854268848896,ok
long-sparse,etaf,binary,32768,0,0.0390431052073836,ok
long-sparse,etaf,binary,32768,1,0.0389655474573373,ok
long-sparse,etaf,binary,32768,2,0.0388990398496389,ok
long-sparse,etaf,binary,32768,3,0.0388969369232654,ok
long-sparse,etaf,binary,32768,4,0.0392179824411869,ok
long-sparse,etaf,binary,65536,0,0.0835536168888211,ok
long-sparse,etaf,binary,65536,1,0.0836701923981309,ok
long-sparse,etaf,binary,65536,2,0.0835435334593057,ok
long-sparse,etaf,binary,65536,3,0.0835917219519615,ok
long-sparse,etaf,binary,65536,4,0.0839123139157891,ok
long-sparse,etaf,binary,131072,0,0.1676734574139118,ok
long-sparse,etaf,binary,131072,1,0.1679080035537481,ok
long-sparse,etaf,binary,131072,2,0.1676344815641641,ok
long-sparse,etaf,binary,131072,3,0.1677410686388611,ok
long-sparse,etaf,binary,131072,4,0.167270703241229,ok
long-sparse,etaf,binary,262144,0,0.306917754933238,ok
long-sparse,etaf,binary,262144,1,0.3059660475701093,ok
long-sparse,etaf,binary,262144,2,0.3067834600806236,ok
long-sparse,etaf,binary,262144,3,0.307106215506792,ok
long-sparse,etaf,binary,262144,4,0.3068583374843001,ok
long-sparse,etaf,binary,524288,0,0.643749974668026,ok
long-sparse,etaf,binary,524288,1,0.6679107006639242,ok
long-sparse,etaf,binary,524288,2,0.6467111753299832,ok
long-sparse,etaf,binary,524288,3,0.6478056497871876,ok
long-sparse,etaf,binary,524288,4,0.6448016799986362,ok
long-sparse,etaf,binary,1048576,0,1.291088161058724,ok
long-sparse,etaf,binary,1048576,1,1.2865050053223968,ok
long-sparse,etaf,binary,1048576,2,1.2937273103743792,ok
long-sparse,etaf,binary,1048576,3,1.2933739619329572,ok
long-sparse,etaf,binary,1048576,4,1.2882554344832895,ok
long-sparse,lsaf,binary,256,0,0.0006594909355044,ok
long-sparse,lsaf,binary,256,1,0.000699296593666,ok
long-sparse,lsaf,binary,256,2,0.0006140395998954,ok
long-sparse,lsaf,binary,256,3,0.0006135432049632,ok
long-sparse,lsaf,binary,256,4,0.0006898296996951,ok
long-sparse,lsaf,binary,512,0,0.0006587812677025,ok
long-sparse,lsaf,binary,512,1,0.000671649351716,ok
long-sparse,lsaf,binary,512,2,0.0006368439644575,ok
long-sparse,lsaf,binary,512,3,0.0006354339420795,ok
long-sparse,lsaf,binary,512,4,0.0006373832002282,ok
long-sparse,lsaf,binary,1024,0,0.0006686327978968,ok
long-sparse,lsaf,binary,1024,1,0.0006493218243122,ok
long-sparse,lsaf,binary,1024,2,0.0006894506514072,ok
long-sparse,lsaf,binary,1024,3,0.0006491355597972,ok
long-sparse,lsaf,binary,1024,4,0.000699995085597,ok
long-sparse,lsaf,binary,2048,0,0.0007085250690579,ok
long-sparse,lsaf,binary,2048,1,0.0006857328116893,ok
long-sparse,lsaf,binary,2048,2,0.0007638912647962,ok
long-sparse,lsaf,binary,2048,3,0.0006862170994281,ok
long-sparse,lsaf,binary,2048,4,0.0006874566897749,ok
long-sparse,lsaf,binary,4096,0,0.0008163303136825,ok
long-sparse,lsaf,binary,4096,1,0.0007436424493789,ok
long-sparse,lsaf,binary,4096,2,0.0007450971752405,ok
long-sparse,lsaf,binary,4096,3,0.000743931159377,ok
long-sparse,lsaf,binary,4096,4,0.0007458934560418,ok
long-sparse,lsaf,binary,8192,0,0.0008745919913053,ok
long-sparse,lsaf,binary,8192,1,0.0008462816476821,ok
long-sparse,lsaf,binary,8192,2,0.0008425191044807,ok
long-sparse,lsaf,binary,8192,3,0.00090276543051,ok
long-sparse,lsaf,binary,8192,4,0.0008433479815721,ok
long-sparse,lsaf,binary,16384,0,0.001134555786848,ok
long-sparse,lsaf,binary,16384,1,0.0010567503049969,ok
long-sparse,lsaf,binary,16384,2,0.0010559074580669,ok
long-sparse,lsaf,binary,16384,3,0.0011294838041067,ok
long-sparse,lsaf,binary,16384,4,0.00105741340667,ok
long-sparse,lsaf,binary,32768,0,0.0015465300530195,ok
long-sparse,lsaf,binary,32768,1,0.0015466148033738,ok
long-sparse,lsaf,binary,32768,2,0.0015697898343205,ok
long-sparse,lsaf,binary,32768,3,0.0014852089807391,ok
long-sparse,lsaf,binary,32768,4,0.0015582349151372,ok
long-sparse,lsaf,binary,65536,0,0.0023597301915287,ok
long-sparse,lsaf,binary,65536,1,0.0022590775042772,ok
long-sparse,lsaf,binary,65536,2,0.0022384012117981,ok
long-sparse,lsaf,binary,65536,3,0.0021946420893073,ok
long-sparse,lsaf,binary,65536,4,0.0022034617140889,ok
long-sparse,lsaf,binary,131072,0,0.0045700995251536,ok
long-sparse,lsaf,binary,131072,1,0.0044635338708758,ok
long-sparse,lsaf,binary,131072,2,0.0044633410871028,ok
long-sparse,lsaf,binary,131072,3,0.0044863913208246,ok
long-sparse,lsaf,binary,131072,4,0.0044369669631123,ok
long-sparse,lsaf,binary,262144,0,0.0086175883188843,ok
long-sparse,lsaf,binary,262144,1,0.0114102605730295,ok
long-sparse,lsaf,binary,262144,2,0.0088255908340215,ok
long-sparse,lsaf,binary,262144,3,0.0087549956515431,ok
long-sparse,lsaf,binary,262144,4,0.008470413275063,ok
long-sparse,lsaf,binary,524288,0,0.0166975269094109,ok
long-sparse,lsaf,binary,524288,1,0.0163741335272789,ok
long-sparse,lsaf,binary,524288,2,0.016462349332869,ok
long-sparse,lsaf,binary,524288,3,0.0164496740326285,ok
long-sparse,lsaf,binary,524288,4,0.0164444139227271,ok
long-sparse,lsaf,binary,1048576,0,0.0334061970934271,ok
long-sparse,lsaf,binary,1048576,1,0.0334534952417016,ok
long-sparse,lsaf,binary,1048576,2,0.0335473604500293,ok
long-sparse,lsaf,binary,1048576,3,0.0333995232358574,ok
long-sparse,lsaf,binary,1048576,4,0.0334579367190599,ok
long-sparse,mttd,binary,256,0,0.0004872791469097,ok
long-sparse,mttd,binary,256,1,0.0004551755264401,ok
long-sparse,mttd,binary,256,2,0.0004648072645068,ok
long-sparse,mttd,binary,256,3,0.0004493799060583,ok
long-sparse,mttd,binary,256,4,0.0004881089553236,ok
long-sparse,mttd,binary,512,0,0.000488806515932,ok
long-sparse,mttd,binary,512,1,0.0004684291779994,ok
long-sparse,mttd,binary,512,2,0.00048513058573,ok
long-sparse,mttd,binary,512,3,0.0004672296345233,ok
long-sparse,mttd,binary,512,4,0.0005426760762929,ok
long-sparse,mttd,binary,1024,0,0.000503035262227,ok
long-sparse,mttd,binary,1024,1,0.0005480544641613,ok
long-sparse,mttd,binary,1024,2,0.0004824427887797,ok
long-sparse,mttd,binary,1024,3,0.000481522642076,ok
long-sparse,mttd,binary,1024,4,0.0004817899316549,ok
long-sparse,mttd,binary,2048,0,0.000539157539606,ok
long-sparse,mttd,binary,2048,1,0.000515847466886,ok
long-sparse,mttd,binary,2048,2,0.0005689281970262,ok
long-sparse,mttd,binary,2048,3,0.0005175787955522,ok
long-sparse,mttd,binary,2048,4,0.0005154535174369,ok
long-sparse,mttd,binary,4096,0,0.0005878135561943,ok
long-sparse,mttd,binary,4096,1,0.0005672881379723,ok
long-sparse,mttd,binary,4096,2,0.0005689300596714,ok
long-sparse,mttd,binary,4096,3,0.0006074411794543,ok
long-sparse,mttd,binary,4096,4,0.0005681812763214,ok
long-sparse,mttd,binary,8192,0,0.0007009841501712,ok
long-sparse,mttd,binary,8192,1,0.0007305908948183,ok
long-sparse,mttd,binary,8192,2,0.0006735045462846,ok
long-sparse,mttd,binary,8192,3,0.0006737764924764,ok
long-sparse,mttd,binary,8192,4,0.0006856601685285,ok
long-sparse,mttd,binary,16384,0,0.0010002143681049,ok
long-sparse,mttd,binary,16384,1,0.0008828351274132,ok
long-sparse,mttd,binary,16384,2,0.0008825901895761,ok
long-sparse,mttd,binary,16384,3,0.0009120451286435,ok
long-sparse,mttd,binary,16384,4,0.0008804490789771,ok
long-sparse,mttd,binary,32768,0,0.0013902373611927,ok
long-sparse,mttd,binary,32768,1,0.0013539558276534,ok
long-sparse,mttd,binary,32768,2,0.0013451250270009,ok
long-sparse,mttd,binary,32768,3,0.0012948149815201,ok
long-sparse,mttd,binary,32768,4,0.0013696905225515,ok
long-sparse,mttd,binary,65536,0,0.0022166166454553,ok
long-sparse,mttd,binary,65536,1,0.0020705088973045,ok
long-sparse,mttd,binary,65536,2,0.0020695403218269,ok
long-sparse,mttd,binary,65536,3,0.0020702043548226,ok
long-sparse,mttd,binary,65536,4,0.0021165190264582,ok
long-sparse,mttd,binary,131072,0,0.0045569501817226,ok
long-sparse,mttd,binary,131072,1,0.0044392272830009,ok
long-sparse,mttd,binary,131072,2,0.0044310363009572,ok
long-sparse,mttd,binary,131072,3,0.0044317161664366,ok
long-sparse,mttd,binary,131072,4,0.0045072510838508,ok
long-sparse,mttd,binary,262144,0,0.0085422256961464,ok
long-sparse,mttd,binary,262144,1,0.0084035964682698,ok
long-sparse,mttd,binary,262144,2,0.0083966152742505,ok
long-sparse,mttd,binary,262144,3,0.0083594927564263,ok
long-sparse,mttd,binary,262144,4,0.0084030702710151,ok
long-sparse,mttd,binary,524288,0,0.0167265422642231,ok
long-sparse,mttd,binary,524288,1,0.0169904055073857,ok
long-sparse,mttd,binary,524288,2,0.0169758535921573,ok
long-sparse,mttd,binary,524288,3,0.0170131744816899,ok
long-sparse,mttd,binary,524288,4,0.0169803975149989,ok
long-sparse,mttd,binary,1048576,0,0.0328176915645599,ok
long-sparse,mttd,binary,1048576,1,0.032683240249753,ok
long-sparse,mttd,binary,1048576,2,0.0328198131173849,ok
long-sparse,mttd,binary,1048576,3,0.0327349007129669,ok
long-sparse,mttd,binary,1048576,4,0.032736113294959,ok
long-sparse,nab_score,binary,256,0,0.0039463629946112,ok
long-sparse,nab_score,binary,256,1,0.0036179758608341,ok
long-sparse,nab_score,binary,256,2,0.0036365697160363,ok
long-sparse,nab_score,binary,256,3,0.0036036614328622,ok
long-sparse,nab_score,binary,256,4,0.0036208117380738,ok
long-sparse,nab_score,binary,512,0,0.0054296683520078,ok
long-sparse,nab_score,binary,512,1,0.0052831340581178,ok
long-sparse,nab_score,binary,512,2,0.0052693197503685,ok
long-sparse,nab_score,binary,512,3,0.0054115736857056,ok
long-sparse,nab_score,binary,512,4,0.0053113363683223,ok
long-sparse,nab_score,binary,1024,0,0.0086954729631543,ok
long-sparse,nab_score,binary,1024,1,0.0086079463362693,ok
long-sparse,nab_score,binary,1024,2,0.0086207585409283,ok
long-sparse,nab_score,binary,1024,3,0.0087008262053132,ok
long-sparse,nab_score,binary,1024,4,0.0086286999285221,ok
long-sparse,nab_score,binary,2048,0,0.0151844266802072,ok
long-sparse,nab_score,binary,2048,1,0.0296280421316623,ok
long-sparse,nab_score,binary,2048,2,0.0152617981657385,ok
long-sparse,nab_score,binary,2048,3,0.0151858674362301,ok
long-sparse,nab_score,binary,2048,4,0.0150764668360352,ok
long-sparse,nab_score,binary,4096,0,0.0272909589111804,ok
long-sparse,nab_score,binary,4096,1,0.0275073777884244,ok
long-sparse,nab_score,binary,4096,2,0.0271419733762741,ok
long-sparse,nab_score,binary,4096,3,0.0271688671782612,ok
long-sparse,nab_score,binary,4096,4,0.0274299820885062,ok
long-sparse,nab_score,binary,8192,0,0.053840666078031,ok
long-sparse,nab_score,binary,8192,1,0.054019090719521,ok
long-sparse,nab_score,binary,8192,2,0.0542149916291236,ok
long-sparse,nab_score,binary,8192,3,0.0670059062540531,ok
long-sparse,nab_score,binary,8192,4,0.0533641688525676,ok
long-sparse,nab_score,binary,16384,0,0.1103199524804949,ok
long-sparse,nab_score,binary,16384,1,0.123798188753426,ok
long-sparse,nab_score,binary,16384,2,0.1081024361774325,ok
long-sparse,nab_score,binary,16384,3,0.1088534574955701,ok
long-sparse,nab_score,binary,16384,4,0.122848555445671,ok
long-sparse,nab_score,binary,32768,0,0.2191496742889285,ok
long-sparse,nab_score,binary,32768,1,0.2345770606771111,ok
long-sparse,nab_score,binary,32768,2,0.230724785476923,ok
long-sparse,nab_score,binary,32768,3,0.2148956675082445,ok
long-sparse,nab_score,binary,32768,4,0.2315179519355297,ok
long-sparse,nab_score,binary,65536,0,0.4443954164162278,ok
long-sparse,nab_score,binary,65536,1,0.4521739371120929,ok
long-sparse,nab_score,binary,65536,2,0.4394853608682751,ok
long-sparse,nab_score,binary,65536,3,0.4556988636031747,ok
long-sparse,nab_score,binary,65536,4,0.4326201323419809,ok
long-sparse,nab_score,binary,131072,0,0.9437614437192678,ok
long-sparse,nab_score,binary,131072,1,0.946676041930914,ok
long-sparse,nab_score,binary,131072,2,0.9170057000592352,ok
long-sparse,nab_score,binary,131072,3,0.9317388450726868,ok
long-sparse,nab_score,binary,131072,4,0.9305817671120168,ok
long-sparse,nab_score,binary,262144,0,1.9943129243329167,ok
long-sparse,nab_score,binary,262144,1,1.9609621139243243,ok
long-sparse,nab_score,binary,262144,2,1.96553011611104,ok
long-sparse,nab_score,binary,262144,3,1.980762867256999,ok
long-sparse,nab_score,binary,262144,4,1.9226694367825985,ok
long-sparse,nab_score,binary,524288,0,4.122189970687032,ok
long-sparse,nab_score,binary,524288,1,4.071704071946442,ok
long-sparse,nab_score,binary,524288,2,4.103663484565914,ok
long-sparse,nab_score,binary,524288,3,4.032120080664754,ok
long-sparse,nab_score,binary,524288,4,4.092394729144871,ok
long-sparse,nab_score,binary,1048576,0,8.466031149961054,ok
long-sparse,nab_score,binary,1048576,1,8.554815300740302,ok
long-sparse,nab_score,binary,1048576,2,8.473181521520019,ok
long-sparse,nab_score,binary,1048576,3,8.422656208276749,ok
long-sparse,nab_score,binary,1048576,4,8.310641471296549,ok
long-sparse,naff_f,binary,256,0,0.0009922906756401,ok
long-sparse,naff_f,binary,256,1,0.0009275591000914,ok
long-sparse,naff_f,binary,256,2,0.0009249756112694,ok
long-sparse,naff_f,binary,256,3,0.0009210780262947,ok
long-sparse,naff_f,binary,256,4,0.0009263399988412,ok
long-sparse,naff_f,binary,512,0,0.0011079367250204,ok
long-sparse,naff_f,binary,512,1,0.0010625617578625,ok
long-sparse,naff_f,binary,512,2,0.0010503241792321,ok
long-sparse,naff_f,binary,512,3,0.0010417513549327,ok
long-sparse,naff_f,binary,512,4,0.0010510524734854,ok
long-sparse,naff_f,binary,1024,0,0.0012037046253681,ok
long-sparse,naff_f,binary,1024,1,0.0011906782165169,ok
long-sparse,naff_f,binary,1024,2,0.0011912947520613,ok
long-sparse,naff_f,binary,1024,3,0.0011872518807649,ok
long-sparse,naff_f,binary,1024,4,0.0011927308514714,ok
long-sparse,naff_f,binary,2048,0,0.0016109580174088,ok
long-sparse,naff_f,binary,2048,1,0.0016496842727065,ok
long-sparse,naff_f,binary,2048,2,0.0016646888107061,ok
long-sparse,naff_f,binary,2048,3,0.0016497774049639,ok
long-sparse,naff_f,binary,2048,4,0.0015856083482503,ok
long-sparse,naff_f,binary,4096,0,0.0021958258002996,ok
long-sparse,naff_f,binary,4096,1,0.0021873088553547,ok
long-sparse,naff_f,binary,4096,2,0.0022457465529441,ok
long-sparse,naff_f,binary,4096,3,0.0021899165585637,ok
long-sparse,naff_f,binary,4096,4,0.0021770093590021,ok
long-sparse,naff_f,binary,8192,0,0.0034676771610975,ok
long-sparse,naff_f,binary,8192,1,0.0034205708652734,ok
long-sparse,naff_f,binary,8192,2,0.0034378347918391,ok
long-sparse,naff_f,binary,8192,3,0.0033812932670116,ok
long-sparse,naff_f,binary,8192,4,0.0034160511568188,ok
long-sparse,naff_f,binary,16384,0,0.0057109212502837,ok
long-sparse,naff_f,binary,16384,1,0.0057053118944168,ok
long-sparse,naff_f,binary,16384,2,0.0057326387614011,ok
long-sparse,naff_f,binary,16384,3,0.005719038657844,ok
long-sparse,naff_f,binary,16384,4,0.0057043861597776,ok
long-sparse,naff_f,binary,32768,0,0.0123524283990263,ok
long-sparse,naff_f,binary,32768,1,0.0122530134394764,ok
long-sparse,naff_f,binary,32768,2,0.0123531268909573,ok
long-sparse,naff_f,binary,32768,3,0.0122602144256234,ok
long-sparse,naff_f,binary,32768,4,0.0122534940019249,ok
long-sparse,naff_f,binary,65536,0,0.0217989720404148,ok
long-sparse,naff_f,binary,65536,1,0.0217022569850087,ok
long-sparse,naff_f,binary,65536,2,0.0217574136331677,ok
long-sparse,naff_f,binary,65536,3,0.0217250511050224,ok
long-sparse,naff_f,binary,65536,4,0.021771665662527,ok
long-sparse,naff_f,binary,131072,0,0.0428434507921338,ok
long-sparse,naff_f,binary,131072,1,0.04272336140275,ok
long-sparse,naff_f,binary,131072,2,0.0426631793379783,ok
long-sparse,naff_f,binary,131072,3,0.042775897309184,ok
long-sparse,naff_f,binary,131072,4,0.0426308074966073,ok
long-sparse,naff_f,binary,262144,0,0.0873121973127126,ok
long-sparse,naff_f,binary,262144,1,0.0868856059387326,ok
long-sparse,naff_f,binary,262144,2,0.0867752907797694,ok
long-sparse,naff_f,binary,262144,3,0.0866092098876833,ok
long-sparse,naff_f,binary,262144,4,0.0870244679972529,ok
long-sparse,naff_f,binary,524288,0,0.1641648793593049,ok
long-sparse,naff_f,binary,524288,1,0.1637386670336127,ok
long-sparse,naff_f,binary,524288,2,0.1641221074387431,ok
long-sparse,naff_f,binary,524288,3,0.1635682443156838,ok
long-sparse,naff_f,binary,524288,4,0.164386692456901,ok
long-sparse,naff_f,binary,1048576,0,0.3320497190579772,ok
long-sparse,naff_f,binary,1048576,1,0.331399891525507,ok
long-sparse,naff_f,binary,1048576,2,0.3311839839443564,ok
long-sparse,naff_f,binary,1048576,3,0.3308128016069531,ok
long-sparse,naff_f,binary,1048576,4,0.3318240586668253,ok
long-sparse,pa_auc_pr,continuous,256,0,0.0068492647260427,ok
long-sparse,pa_auc_pr,continuous,256,1,0.0064764814451336,ok
long-sparse,pa_auc_pr,continuous,256,2,0.0065034739673137,ok
long-sparse,pa_auc_pr,continuous,256,3,0.0064786449074745,ok
long-sparse,pa_auc_pr,continuous,256,4,0.0064623076468706,ok
long-sparse,pa_auc_pr,continuous,512,0,0.0122691560536623,ok
long-sparse,pa_auc_pr,continuous,512,1,0.0123078459873795,ok
long-sparse,pa_auc_pr,continuous,512,2,0.0123256025835871,ok
long-sparse,pa_auc_pr,continuous,512,3,0.0121618695557117,ok
long-sparse,pa_auc_pr,continuous,512,4,0.0122760785743594,ok
long-sparse,pa_auc_pr,continuous,1024,0,0.0240742750465869,ok
long-sparse,pa_auc_pr,continuous,1024,1,0.0239650243893265,ok
long-sparse,pa_auc_pr,continuous,1024,2,0.0241045784205198,ok
long-sparse,pa_auc_pr,continuous,1024,3,0.0240683080628514,ok
long-sparse,pa_auc_pr,continuous,1024,4,0.0239962767809629,ok
long-sparse,pa_auc_pr,continuous,2048,0,0.0471631400287151,ok
long-sparse,pa_auc_pr,continuous,2048,1,0.0469211461022496,ok
long-sparse,pa_auc_pr,continuous,2048,2,0.0468160435557365,ok
long-sparse,pa_auc_pr,continuous,2048,3,0.047039832919836,ok
long-sparse,pa_auc_pr,continuous,2048,4,0.0469052782282233,ok
long-sparse,pa_auc_pr,continuous,4096,0,0.0931532690301537,ok
long-sparse,pa_auc_pr,continuous,4096,1,0.0933847241103649,ok
long-sparse,pa_auc_pr,continuous,4096,2,0.0936656659469008,ok
long-sparse,pa_auc_pr,continuous,4096,3,0.0942910183221101,ok
long-sparse,pa_auc_pr,continuous,4096,4,0.0937882391735911,ok
long-sparse,pa_auc_pr,continuous,8192,0,0.1871491177007556,ok
long-sparse,pa_auc_pr,continuous,8192,1,0.1850322382524609,ok
long-sparse,pa_auc_pr,continuous,8192,2,0.1856489665806293,ok
long-sparse,pa_auc_pr,continuous,8192,3,0.1842193771153688,ok
long-sparse,pa_auc_pr,continuous,8192,4,0.1851667119190096,ok
long-sparse,pa_auc_pr,continuous,16384,0,0.3695459654554724,ok
long-sparse,pa_auc_pr,continuous,16384,1,0.3694367669522762,ok
long-sparse,pa_auc_pr,continuous,16384,2,0.3698082575574517,ok
long-sparse,pa_auc_pr,continuous,16384,3,0.3701482331380248,ok
long-sparse,pa_auc_pr,continuous,16384,4,0.3705203868448734,ok
long-sparse,pa_auc_pr,continuous,32768,0,0.7373822666704655,ok
long-sparse,pa_auc_pr,continuous,32768,1,0.7369660371914506,ok
long-sparse,pa_auc_pr,continuous,32768,2,0.7313677407801151,ok
long-sparse,pa_auc_pr,continuous,32768,3,0.7357529308646917,ok
long-sparse,pa_auc_pr,continuous,32768,4,0.7342127300798893,ok
long-sparse,pa_auc_pr,continuous,65536,0,1.4880625195801258,ok
long-sparse,pa_auc_pr,continuous,65536,1,1.4712292272597551,ok
long-sparse,pa_auc_pr,continuous,65536,2,1.480438744649291,ok
long-sparse,pa_auc_pr,continuous,65536,3,1.4695363156497478,ok
long-sparse,pa_auc_pr,continuous,65536,4,1.474864687770605,ok
long-sparse,pa_auc_pr,continuous,131072,0,2.9598781056702137,ok
long-sparse,pa_auc_pr,continuous,131072,1,2.969073174521327,ok
long-sparse,pa_auc_pr,continuous,131072,2,2.929962840862572,ok
long-sparse,pa_auc_pr,continuous,131072,3,2.94216793589294,ok
long-sparse,pa_auc_pr,continuous,131072,4,2.9471659399569035,ok
long-sparse,pa_auc_pr,continuous,262144,0,5.911490016616881,ok
long-sparse,pa_auc_pr,continuous,262144,1,5.949950210750103,ok
long-sparse,pa_auc_pr,continuous,262144,2,5.9267697632312775,ok
long-sparse,pa_auc_pr,continuous,262144,3,5.923817987553775,ok
long-sparse,pa_auc_pr,continuous,262144,4,5.88611079659313,ok
long-sparse,pa_auc_pr,continuous,524288,0,11.911848806776106,ok
long-sparse,pa_auc_pr,continuous,524288,1,11.94341895263642,ok
long-sparse,pa_auc_pr,continuous,524288,2,11.924501077271998,ok
long-sparse,pa_auc_pr,continuous,524288,3,11.932489505037664,ok
long-sparse,pa_auc_pr,continuous,524288,4,11.922159085981548,ok
long-sparse,pa_auc_pr,continuous,1048576,0,23.73943947535008,ok
long-sparse,pa_auc_pr,continuous,1048576,1,23.83425808418542,ok
long-sparse,pa_auc_pr,continuous,1048576,2,23.85328842047602,ok
long-sparse,pa_auc_pr,continuous,1048576,3,23.867133067920804,ok
long-sparse,pa_auc_pr,continuous,1048576,4,23.87302988674492,ok
long-sparse,pa_auc_roc,continuous,256,0,0.0066732065752148,ok
long-sparse,pa_auc_roc,continuous,256,1,0.0065390849485993,ok
long-sparse,pa_auc_roc,continuous,256,2,0.0064279213547706,ok
long-sparse,pa_auc_roc,continuous,256,3,0.0063954349607229,ok
long-sparse,pa_auc_roc,continuous,256,4,0.0064506437629461,ok
long-sparse,pa_auc_roc,continuous,512,0,0.0121949845924973,ok
long-sparse,pa_auc_roc,continuous,512,1,0.0121848443523049,ok
long-sparse,pa_auc_roc,continuous,512,2,0.0121235754340887,ok
long-sparse,pa_auc_roc,continuous,512,3,0.0121373841539025,ok
long-sparse,pa_auc_roc,continuous,512,4,0.0121443783864378,ok
long-sparse,pa_auc_roc,continuous,1024,0,0.0241123316809535,ok
long-sparse,pa_auc_roc,continuous,1024,1,0.023732173256576,ok
long-sparse,pa_auc_roc,continuous,1024,2,0.0238247700035572,ok
long-sparse,pa_auc_roc,continuous,1024,3,0.0239733653143048,ok
long-sparse,pa_auc_roc,continuous,1024,4,0.0239223036915063,ok
long-sparse,pa_auc_roc,continuous,2048,0,0.0467386823147535,ok
long-sparse,pa_auc_roc,continuous,2048,1,0.0466665141284465,ok
long-sparse,pa_auc_roc,continuous,2048,2,0.0466839130967855,ok
long-sparse,pa_auc_roc,continuous,2048,3,0.0467891050502657,ok
long-sparse,pa_auc_roc,continuous,2048,4,0.0470417235046625,ok
long-sparse,pa_auc_roc,continuous,4096,0,0.0928380666300654,ok
long-sparse,pa_auc_roc,continuous,4096,1,0.0928120985627174,ok
long-sparse,pa_auc_roc,continuous,4096,2,0.0924344081431627,ok
long-sparse,pa_auc_roc,continuous,4096,3,0.093052820302546,ok
long-sparse,pa_auc_roc,continuous,4096,4,0.0928116049617528,ok
long-sparse,pa_auc_roc,continuous,8192,0,0.1845742836594581,ok
long-sparse,pa_auc_roc,continuous,8192,1,0.1859193192794919,ok
long-sparse,pa_auc_roc,continuous,8192,2,0.1856842720881104,ok
long-sparse,pa_auc_roc,continuous,8192,3,0.1834477940574288,ok
long-sparse,pa_auc_roc,continuous,8192,4,0.1843632366508245,ok
long-sparse,pa_auc_roc,continuous,16384,0,0.3665463030338287,ok
long-sparse,pa_auc_roc,continuous,16384,1,0.36546132247895,ok
long-sparse,pa_auc_roc,continuous,16384,2,0.3674421152099967,ok
long-sparse,pa_auc_roc,continuous,16384,3,0.3711748858913779,ok
long-sparse,pa_auc_roc,continuous,16384,4,0.3671332774683833,ok
long-sparse,pa_auc_roc,continuous,32768,0,0.7391775213181973,ok
long-sparse,pa_auc_roc,continuous,32768,1,0.7378697823733091,ok
long-sparse,pa_auc_roc,continuous,32768,2,0.734753237105906,ok
long-sparse,pa_auc_roc,continuous,32768,3,0.7375275706872344,ok
long-sparse,pa_auc_roc,continuous,32768,4,0.7378152953460813,ok
long-sparse,pa_auc_roc,continuous,65536,0,1.4792263060808182,ok
long-sparse,pa_auc_roc,continuous,65536,1,1.4770015608519316,ok
long-sparse,pa_auc_roc,continuous,65536,2,1.4709092155098915,ok
long-sparse,pa_auc_roc,continuous,65536,3,1.4666730016469955,ok
long-sparse,pa_auc_roc,continuous,65536,4,1.4716786118224263,ok
long-sparse,pa_auc_roc,continuous,131072,0,2.94395914580673,ok
long-sparse,pa_auc_roc,continuous,131072,1,2.952171710319817,ok
long-sparse,pa_auc_roc,continuous,131072,2,2.9512027706950903,ok
long-sparse,pa_auc_roc,continuous,131072,3,2.9328754087910056,ok
long-sparse,pa_auc_roc,continuous,131072,4,2.945349051617086,ok
long-sparse,pa_auc_roc,continuous,262144,0,5.908283486962318,ok
long-sparse,pa_auc_roc,continuous,262144,1,5.885646086186171,ok
long-sparse,pa_auc_roc,continuous,262144,2,5.930155700072646,ok
long-sparse,pa_auc_roc,continuous,262144,3,5.88895508274436,ok
long-sparse,pa_auc_roc,continuous,262144,4,5.860726369544864,ok
long-sparse,pa_auc_roc,continuous,524288,0,11.929084024392068,ok
long-sparse,pa_auc_roc,continuous,524288,1,11.869317435659468,ok
long-sparse,pa_auc_roc,continuous,524288,2,11.921002184972169,ok
long-sparse,pa_auc_roc,continuous,524288,3,11.9430888928473,ok
long-sparse,pa_auc_roc,continuous,524288,4,11.965489535592496,ok
long-sparse,pa_auc_roc,continuous,1048576,0,23.795534824952483,ok
long-sparse,pa_auc_roc,continuous,1048576,1,23.78999222163111,ok
long-sparse,pa_auc_roc,continuous,1048576,2,23.95462527126074,ok
long-sparse,pa_auc_roc,continuous,1048576,3,23.651907433755696,ok
long-sparse,pa_auc_roc,continuous,1048576,4,23.739506571553648,ok
long-sparse,paf,binary,256,0,0.0007752496749162,ok
long-sparse,paf,binary,256,1,0.0005685677751898,ok
long-sparse,paf,binary,256,2,0.0005633775144815,ok
long-sparse,paf,binary,256,3,0.0005582841113209,ok
long-sparse,paf,binary,256,4,0.0005655419081449,ok
long-sparse,paf,binary,512,0,0.0006343722343444,ok
long-sparse,paf,binary,512,1,0.0005818251520395,ok
long-sparse,paf,binary,512,2,0.0005817087367177,ok
long-sparse,paf,binary,512,3,0.0005802987143397,ok
long-sparse,paf,binary,512,4,0.0005829026922583,ok
long-sparse,paf,binary,1024,0,0.0006461422890424,ok
long-sparse,paf,binary,1024,1,0.0006027817726135,ok
long-sparse,paf,binary,1024,2,0.0005975682288408,ok
long-sparse,paf,binary,1024,3,0.0006156936287879,ok
long-sparse,paf,binary,1024,4,0.0005995435640215,ok
long-sparse,paf,binary,2048,0,0.000686315819621,ok
long-sparse,paf,binary,2048,1,0.0006321500986814,ok
long-sparse,paf,binary,2048,2,0.000635826960206,ok
long-sparse,paf,binary,2048,3,0.0006340695545077,ok
long-sparse,paf,binary,2048,4,0.0006584394723176,ok
long-sparse,paf,binary,4096,0,0.0007533635944128,ok
long-sparse,paf,binary,4096,1,0.0007120324298739,ok
long-sparse,paf,binary,4096,2,0.0006838850677013,ok
long-sparse,paf,binary,4096,3,0.0006860792636871,ok
long-sparse,paf,binary,4096,4,0.0007230769842863,ok
long-sparse,paf,binary,8192,0,0.0008892640471458,ok
long-sparse,paf,binary,8192,1,0.0008009411394596,ok
long-sparse,paf,binary,8192,2,0.0007939683273434,ok
long-sparse,paf,binary,8192,3,0.0007994212210178,ok
long-sparse,paf,binary,8192,4,0.0007988372817635,ok
long-sparse,paf,binary,16384,0,0.0011476604267954,ok
long-sparse,paf,binary,16384,1,0.0010149432346224,ok
long-sparse,paf,binary,16384,2,0.0010586595162749,ok
long-sparse,paf,binary,16384,3,0.0010128822177648,ok
long-sparse,paf,binary,16384,4,0.0010641310364007,ok
long-sparse,paf,binary,32768,0,0.0016516121104359,ok
long-sparse,paf,binary,32768,1,0.0014558304101228,ok
long-sparse,paf,binary,32768,2,0.0014165677130222,ok
long-sparse,paf,binary,32768,3,0.0014185179024934,ok
long-sparse,paf,binary,32768,4,0.0014793034642934,ok
long-sparse,paf,binary,65536,0,0.0026085628196597,ok
long-sparse,paf,binary,65536,1,0.0021588895469903,ok
long-sparse,paf,binary,65536,2,0.002223826944828,ok
long-sparse,paf,binary,65536,3,0.0022023078054189,ok
long-sparse,paf,binary,65536,4,0.0021489672362804,ok
long-sparse,paf,binary,131072,0,0.0050896210595965,ok
long-sparse,paf,binary,131072,1,0.0044233426451683,ok
long-sparse,paf,binary,131072,2,0.0044142063707113,ok
long-sparse,paf,binary,131072,3,0.0044087506830692,ok
long-sparse,paf,binary,131072,4,0.0044205170124769,ok
long-sparse,paf,binary,262144,0,0.0083804670721292,ok
long-sparse,paf,binary,262144,1,0.0082181394100189,ok
long-sparse,paf,binary,262144,2,0.0082550644874572,ok
long-sparse,paf,binary,262144,3,0.008298298344016,ok
long-sparse,paf,binary,262144,4,0.0082993870601058,ok
long-sparse,paf,binary,524288,0,0.0165693676099181,ok
long-sparse,paf,binary,524288,1,0.0167616950348019,ok
long-sparse,paf,binary,524288,2,0.0168942939490079,ok
long-sparse,paf,binary,524288,3,0.016722684726119,ok
long-sparse,paf,binary,524288,4,0.0167161468416452,ok
long-sparse,paf,binary,1048576,0,0.0332657303661108,ok
long-sparse,paf,binary,1048576,1,0.0327489273622632,ok
long-sparse,paf,binary,1048576,2,0.0327554456889629,ok
long-sparse,paf,binary,1048576,3,0.0327671067789197,ok
long-sparse,paf,binary,1048576,4,0.032666546292603,ok
long-sparse,pak,continuous,256,0,0.000331793911755,ok
long-sparse,pak,continuous,256,1,0.0002811215817928,ok
long-sparse,pak,continuous,256,2,0.0002762721851468,ok
long-sparse,pak,continuous,256,3,0.0002761231735348,ok
long-sparse,pak,continuous,256,4,0.0002781115472316,ok
long-sparse,pak,continuous,512,0,0.0002715392038226,ok
long-sparse,pak,continuous,512,1,0.0007177582010626,ok
long-sparse,pak,continuous,512,2,0.0002973955124616,ok
long-sparse,pak,continuous,512,3,0.0002890601754188,ok
long-sparse,pak,continuous,512,4,0.0002918327227234,ok
long-sparse,pak,continuous,1024,0,0.0003056460991501,ok
long-sparse,pak,continuous,1024,1,0.0003057867288589,ok
long-sparse,pak,continuous,1024,2,0.0003054207190871,ok
long-sparse,pak,continuous,1024,3,0.0003064516931772,ok
long-sparse,pak,continuous,1024,4,0.0003115097060799,ok
long-sparse,pak,continuous,2048,0,0.0003636432811617,ok
long-sparse,pak,continuous,2048,1,0.0003495458513498,ok
long-sparse,pak,continuous,2048,2,0.0003555938601493,ok
long-sparse,pak,continuous,2048,3,0.0003516748547554,ok
long-sparse,pak,continuous,2048,4,0.0003543691709637,ok
long-sparse,pak,continuous,4096,0,0.0004456499591469,ok
long-sparse,pak,continuous,4096,1,0.0004081847146153,ok
long-sparse,pak,continuous,4096,2,0.0005679531022906,ok
long-sparse,pak,continuous,4096,3,0.0005352823063731,ok
long-sparse,pak,continuous,4096,4,0.0005336152389645,ok
long-sparse,pak,continuous,8192,0,0.0008310060948133,ok
long-sparse,pak,continuous,8192,1,0.0007368829101324,ok
long-sparse,pak,continuous,8192,2,0.0007118200883269,ok
long-sparse,pak,continuous,8192,3,0.0007007271051406,ok
long-sparse,pak,continuous,8192,4,0.0007168659940361,ok
long-sparse,pak,continuous,16384,0,0.0012762174010276,ok
long-sparse,pak,continuous,16384,1,0.0010631224140524,ok
long-sparse,pak,continuous,16384,2,0.0010575763881206,ok
long-sparse,pak,continuous,16384,3,0.0010634120553731,ok
long-sparse,pak,continuous,16384,4,0.0010770158842206,ok
long-sparse,pak,continuous,32768,0,0.0018506851047277,ok
long-sparse,pak,continuous,32768,1,0.0015389779582619,ok
long-sparse,pak,continuous,32768,2,0.0015021888539195,ok
long-sparse,pak,continuous,32768,3,0.0014961762353777,ok
long-sparse,pak,continuous,32768,4,0.0015194797888398,ok
long-sparse,pak,continuous,65536,0,0.0030848048627376,ok
long-sparse,pak,continuous,65536,1,0.0023091621696949,ok
long-sparse,pak,continuous,65536,2,0.0023095561191439,ok
long-sparse,pak,continuous,65536,3,0.0022871792316436,ok
long-sparse,pak,continuous,65536,4,0.0023064129054546,ok
long-sparse,pak,continuous,131072,0,0.0059600565582513,ok
long-sparse,pak,continuous,131072,1,0.0046444805338978,ok
long-sparse,pak,continuous,131072,2,0.0046563846990466,ok
long-sparse,pak,continuous,131072,3,0.0046378606930375,ok
long-sparse,pak,continuous,131072,4,0.0046637104824185,ok
long-sparse,pak,continuous,262144,0,0.0114837968721985,ok
long-sparse,pak,continuous,262144,1,0.0090935379266738,ok
long-sparse,pak,continuous,262144,2,0.0091150254011154,ok
long-sparse,pak,continuous,262144,3,0.008640200830996,ok
long-sparse,pak,continuous,262144,4,0.0086723426356911,ok
long-sparse,pak,continuous,524288,0,0.0181047795340418,ok
long-sparse,pak,continuous,524288,1,0.0149796204641461,ok
long-sparse,pak,continuous,524288,2,0.0148131130263209,ok
long-sparse,pak,continuous,524288,3,0.0148569922894239,ok
long-sparse,pak,continuous,524288,4,0.0148564921692013,ok
long-sparse,pak,continuous,1048576,0,0.0350041827186942,ok
long-sparse,pak,continuous,1048576,1,0.032202836126089,ok
long-sparse,pak,continuous,1048576,2,0.0321696428582072,ok
long-sparse,pak,continuous,1048576,3,0.0321866990998387,ok
long-sparse,pak,continuous,1048576,4,0.0319326464086771,ok
long-sparse,pakf,binary,256,0,0.0005583260208368,ok
long-sparse,pakf,binary,256,1,0.0004750490188598,ok
long-sparse,pakf,binary,256,2,0.000467306934297,ok
long-sparse,pakf,binary,256,3,0.0004676235839724,ok
long-sparse,pakf,binary,256,4,0.0004731649532914,ok
long-sparse,pakf,binary,512,0,0.0005440218374133,ok
long-sparse,pakf,binary,512,1,0.0004842048510909,ok
long-sparse,pakf,binary,512,2,0.0004859259352087,ok
long-sparse,pakf,binary,512,3,0.0004853243008255,ok
long-sparse,pakf,binary,512,4,0.0004874803125858,ok
long-sparse,pakf,binary,1024,0,0.0005306256935,ok
long-sparse,pakf,binary,1024,1,0.0005026208236813,ok
long-sparse,pakf,binary,1024,2,0.0005018720403313,ok
long-sparse,pakf,binary,1024,3,0.0005194451659917,ok
long-sparse,pakf,binary,1024,4,0.0005001500248908,ok
long-sparse,pakf,binary,2048,0,0.0005684103816747,ok
long-sparse,pakf,binary,2048,1,0.0005391063168644,ok
long-sparse,pakf,binary,2048,2,0.0005396846681833,ok
long-sparse,pakf,binary,2048,3,0.0005365302786231,ok
long-sparse,pakf,binary,2048,4,0.0005398271605372,ok
long-sparse,pakf,binary,4096,0,0.0006279945373535,ok
long-sparse,pakf,binary,4096,1,0.0006324965506792,ok
long-sparse,pakf,binary,4096,2,0.0005969693884253,ok
long-sparse,pakf,binary,4096,3,0.0005965633317828,ok
long-sparse,pakf,binary,4096,4,0.0006172861903905,ok
long-sparse,pakf,binary,8192,0,0.0007702885195612,ok
long-sparse,pakf,binary,8192,1,0.0007242709398269,ok
long-sparse,pakf,binary,8192,2,0.0007258262485265,ok
long-sparse,pakf,binary,8192,3,0.0007230769842863,ok
long-sparse,pakf,binary,8192,4,0.000725251622498,ok
long-sparse,pakf,binary,16384,0,0.0011053904891014,ok
long-sparse,pakf,binary,16384,1,0.001001906581223,ok
long-sparse,pakf,binary,16384,2,0.001011854968965,ok
long-sparse,pakf,binary,16384,3,0.0009725326672196,ok
long-sparse,pakf,binary,16384,4,0.0009703300893306,ok
long-sparse,pakf,binary,32768,0,0.0015300037339329,ok
long-sparse,pakf,binary,32768,1,0.0014306074008345,ok
long-sparse,pakf,binary,32768,2,0.0015073893591761,ok
long-sparse,pakf,binary,32768,3,0.0014390405267477,ok
long-sparse,pakf,binary,32768,4,0.0014765970408916,ok
long-sparse,pakf,binary,65536,0,0.00248434394598,ok
long-sparse,pakf,binary,65536,1,0.0023673651739954,ok
long-sparse,pakf,binary,65536,2,0.0023067407310009,ok
long-sparse,pakf,binary,65536,3,0.0023094099014997,ok
long-sparse,pakf,binary,65536,4,0.0023286957293748,ok
long-sparse,pakf,binary,131072,0,0.0052603036165237,ok
long-sparse,pakf,binary,131072,1,0.0051776450127363,ok
long-sparse,pakf,binary,131072,2,0.0051703657954931,ok
long-sparse,pakf,binary,131072,3,0.0051559042185544,ok
long-sparse,pakf,binary,131072,4,0.0051458859816193,ok
long-sparse,pakf,binary,262144,0,0.0100635169073939,ok
long-sparse,pakf,binary,262144,1,0.0097088627517223,ok
long-sparse,pakf,binary,262144,2,0.0098194628953933,ok
long-sparse,pakf,binary,262144,3,0.0098983468487858,ok
long-sparse,pakf,binary,262144,4,0.0097987614572048,ok
long-sparse,pakf,binary,524288,0,0.0188041813671588,ok
long-sparse,pakf,binary,524288,1,0.0186762083321809,ok
long-sparse,pakf,binary,524288,2,0.0187143646180629,ok
long-sparse,pakf,binary,524288,3,0.0186060043051838,ok
long-sparse,pakf,binary,524288,4,0.0186849450692534,ok
long-sparse,pakf,binary,1048576,0,0.0488606663420796,ok
long-sparse,pakf,binary,1048576,1,0.050346135161817,ok
long-sparse,pakf,binary,1048576,2,0.0507250316441059,ok
long-sparse,pakf,binary,1048576,3,0.0503989309072494,ok
long-sparse,pakf,binary,1048576,4,0.0505310781300067,ok
long-sparse,paklf,binary,256,0,0.0007560439407825,ok
long-sparse,paklf,binary,256,1,0.0006499262526631,ok
long-sparse,paklf,binary,256,2,0.0006884466856718,ok
long-sparse,paklf,binary,256,3,0.0006452808156609,ok
long-sparse,paklf,binary,256,4,0.0006679911166429,ok
long-sparse,paklf,binary,512,0,0.000739668495953,ok
long-sparse,paklf,binary,512,1,0.0006453143432736,ok
long-sparse,paklf,binary,512,2,0.0006418339908123,ok
long-sparse,paklf,binary,512,3,0.0006413543596863,ok
long-sparse,paklf,binary,512,4,0.0006442591547966,ok
long-sparse,paklf,binary,1024,0,0.0007051527500152,ok
long-sparse,paklf,binary,1024,1,0.0006640646606683,ok
long-sparse,paklf,binary,1024,2,0.0006621340289711,ok
long-sparse,paklf,binary,1024,3,0.0006615724414587,ok
long-sparse,paklf,binary,1024,4,0.0006590178236365,ok
long-sparse,paklf,binary,2048,0,0.0009438479319214,ok
long-sparse,paklf,binary,2048,1,0.0008766474202275,ok
long-sparse,paklf,binary,2048,2,0.0008831834420561,ok
long-sparse,paklf,binary,2048,3,0.0008806940168142,ok
long-sparse,paklf,binary,2048,4,0.0009142430499196,ok
long-sparse,paklf,binary,4096,0,0.0010993275791406,ok
long-sparse,paklf,binary,4096,1,0.0010489271953701,ok
long-sparse,paklf,binary,4096,2,0.0010205190628767,ok
long-sparse,paklf,binary,4096,3,0.001025010831654,ok
long-sparse,paklf,binary,4096,4,0.0010150829330086,ok
long-sparse,paklf,binary,8192,0,0.0017026802524924,ok
long-sparse,paklf,binary,8192,1,0.0017457446083426,ok
long-sparse,paklf,binary,8192,2,0.0017131753265857,ok
long-sparse,paklf,binary,8192,3,0.0016754865646362,ok
long-sparse,paklf,binary,8192,4,0.0017193341627717,ok
long-sparse,paklf,binary,16384,0,0.0040276991203427,ok
long-sparse,paklf,binary,16384,1,0.0039860541000962,ok
long-sparse,paklf,binary,16384,2,0.0039592823013663,ok
long-sparse,paklf,binary,16384,3,0.0039264876395463,ok
long-sparse,paklf,binary,16384,4,0.0039752768352627,ok
long-sparse,paklf,binary,32768,0,0.0029421392828226,ok
long-sparse,paklf,binary,32768,1,0.0028074197471141,ok
long-sparse,paklf,binary,32768,2,0.002844606526196,ok
long-sparse,paklf,binary,32768,3,0.0027699787169694,ok
long-sparse,paklf,binary,32768,4,0.0028519835323095,ok
long-sparse,paklf,binary,65536,0,0.011298730969429,ok
long-sparse,paklf,binary,65536,1,0.0112867821007967,ok
long-sparse,paklf,binary,65536,2,0.0111568113788962,ok
long-sparse,paklf,binary,65536,3,0.0112102637067437,ok
long-sparse,paklf,binary,65536,4,0.0112866349518299,ok
long-sparse,paklf,binary,131072,0,0.0252878572791814,ok
long-sparse,paklf,binary,131072,1,0.0250891149044036,ok
long-sparse,paklf,binary,131072,2,0.0250912504270672,ok
long-sparse,paklf,binary,131072,3,0.0251733446493744,ok
long-sparse,paklf,binary,131072,4,0.0254124542698264,ok
long-sparse,paklf,binary,262144,0,0.0281105274334549,ok
long-sparse,paklf,binary,262144,1,0.0281755784526467,ok
long-sparse,paklf,binary,262144,2,0.0275844819843769,ok
long-sparse,paklf,binary,262144,3,0.0282888663932681,ok
long-sparse,paklf,binary,262144,4,0.0280061606317758,ok
long-sparse,paklf,binary,524288,0,0.078779837116599,ok
long-sparse,paklf,binary,524288,1,0.0778734916821122,ok
long-sparse,paklf,binary,524288,2,0.0774232177063822,ok
long-sparse,paklf,binary,524288,3,0.0770084103569388,ok
long-sparse,paklf,binary,524288,4,0.0770094981417059,ok
long-sparse,paklf,binary,1048576,0,0.1694586407393217,ok
long-sparse,paklf,binary,1048576,1,0.1704632006585598,ok
long-sparse,paklf,binary,1048576,2,0.1671636998653412,ok
long-sparse,paklf,binary,1048576,3,0.169093064032495,ok
long-sparse,paklf,binary,1048576,4,0.1681245733052492,ok
long-sparse,pate,continuous,256,0,0.5923088872805238,ok
long-sparse,pate,continuous,256,1,0.5910417223349214,ok
long-sparse,pate,continuous,256,2,0.5905162021517754,ok
long-sparse,pate,continuous,256,3,0.5902350042015314,ok
long-sparse,pate,continuous,256,4,0.5913057392463088,ok
long-sparse,pate,continuous,512,0,1.0588023839518428,ok
long-sparse,pate,continuous,512,1,1.0554344663396478,ok
long-sparse,pate,continuous,512,2,1.05387213639915,ok
long-sparse,pate,continuous,512,3,1.0572083508595824,ok
long-sparse,pate,continuous,512,4,1.0533219343051314,ok
long-sparse,pate,continuous,1024,0,2.621552332304418,ok
long-sparse,pate,continuous,1024,1,2.6157658426091075,ok
long-sparse,pate,continuous,1024,2,2.623706321232021,ok
long-sparse,pate,continuous,1024,3,2.6105029825121164,ok
long-sparse,pate,continuous,1024,4,2.6182237593457103,ok
long-sparse,pate,continuous,2048,0,7.213688921183348,ok
long-sparse,pate,continuous,2048,1,7.213951122947037,ok
long-sparse,pate,continuous,2048,2,7.213120248168707,ok
long-sparse,pate,continuous,2048,3,7.197591049596667,ok
long-sparse,pate,continuous,2048,4,7.2011762745678425,ok
long-sparse,pate,continuous,4096,0,23.679680769331757,ok
long-sparse,pate,continuous,4096,1,23.695550923235714,ok
long-sparse,pate,continuous,4096,2,23.683012135326862,ok
long-sparse,pate,continuous,4096,3,23.74554042238742,ok
long-sparse,pate,continuous,4096,4,23.690900201909244,ok
long-sparse,pate,continuous,8192,0,84.5251035625115,ok
long-sparse,pate,continuous,8192,1,84.47175036836416,ok
long-sparse,pate,continuous,8192,2,84.49210265744478,ok
long-sparse,pate,continuous,8192,3,84.28961653914303,ok
long-sparse,pate,continuous,8192,4,84.40960400551558,ok
long-sparse,pate,continuous,16384,0,330.83270163461566,ok
long-sparse,pate,continuous,16384,1,331.0523370048031,ok
long-sparse,pate,continuous,16384,2,331.055455791764,ok
long-sparse,pate,continuous,16384,3,330.85373594239354,ok
long-sparse,pate,continuous,16384,4,330.86428295914084,ok
long-sparse,pate,continuous,32768,0,1270.412433247082,ok
long-sparse,pate,continuous,32768,1,1272.184272843413,ok
long-sparse,pate,continuous,32768,2,1272.2876741262153,ok
long-sparse,pate,continuous,32768,3,1271.1650219563553,ok
long-sparse,pate,continuous,32768,4,1268.86471186978,ok
long-sparse,pate,continuous,65536,0,5016.357041823678,ok
long-sparse,pate,continuous,65536,1,5053.377160038799,ok
long-sparse,pate,continuous,65536,2,5091.428515579552,ok
long-sparse,pate,continuous,65536,3,5053.668502775021,ok
long-sparse,pate,continuous,65536,4,5037.989754250273,ok
long-sparse,pate,continuous,131072,0,19626.997732338496,ok
long-sparse,pate,continuous,131072,1,19499.02032446768,ok
long-sparse,pate,continuous,131072,2,19509.02795112692,ok
long-sparse,pate,continuous,131072,3,19504.27743369713,ok
long-sparse,pate,continuous,131072,4,19486.028973139822,ok
long-sparse,pate,continuous,262144,0,78498.52687260881,ok
long-sparse,pate,continuous,262144,1,78694.15381024219,ok
long-sparse,pate,continuous,262144,2,78930.73207139596,ok
long-sparse,pate,continuous,262144,3,78428.32502086181,ok
long-sparse,pate,continuous,262144,4,78446.58478688169,ok
long-sparse,pate,continuous,524288,0,86400.0,timeout
long-sparse,pate,continuous,524288,1,86400.0,timeout
long-sparse,pate,continuous,524288,2,86400.0,timeout
long-sparse,pate,continuous,524288,3,86400.0,timeout
long-sparse,pate,continuous,524288,4,86400.0,timeout
long-sparse,pate,continuous,1048576,0,86400.0,timeout
long-sparse,pate,continuous,1048576,1,86400.0,timeout
long-sparse,pate,continuous,1048576,2,86400.0,timeout
long-sparse,pate,continuous,1048576,3,86400.0,timeout
long-sparse,pate,continuous,1048576,4,86400.0,timeout
long-sparse,pate_f1,binary,256,0,0.0034079775214195,ok
long-sparse,pate_f1,binary,256,1,0.0026134373620152,ok
long-sparse,pate_f1,binary,256,2,0.002533090300858,ok
long-sparse,pate_f1,binary,256,3,0.0025966828688979,ok
long-sparse,pate_f1,binary,256,4,0.0025363797321915,ok
long-sparse,pate_f1,binary,512,0,0.003524369560182,ok
long-sparse,pate_f1,binary,512,1,0.0034039141610264,ok
long-sparse,pate_f1,binary,512,2,0.0032659340649843,ok
long-sparse,pate_f1,binary,512,3,0.0034771496430039,ok
long-sparse,pate_f1,binary,512,4,0.0034013604745268,ok
long-sparse,pate_f1,binary,1024,0,0.0046101072803139,ok
long-sparse,pate_f1,binary,1024,1,0.0046271849423646,ok
long-sparse,pate_f1,binary,1024,2,0.0044911662116646,ok
long-sparse,pate_f1,binary,1024,3,0.0045555168762803,ok
long-sparse,pate_f1,binary,1024,4,0.0045044487342238,ok
long-sparse,pate_f1,binary,2048,0,0.0083209332078695,ok
long-sparse,pate_f1,binary,2048,1,0.0081839216873049,ok
long-sparse,pate_f1,binary,2048,2,0.0081044631078839,ok
long-sparse,pate_f1,binary,2048,3,0.008121439255774,ok
long-sparse,pate_f1,binary,2048,4,0.0080852517858147,ok
long-sparse,pate_f1,binary,4096,0,0.0195260057225823,ok
long-sparse,pate_f1,binary,4096,1,0.0195898013189435,ok
long-sparse,pate_f1,binary,4096,2,0.0196091942489147,ok
long-sparse,pate_f1,binary,4096,3,0.0198777569457888,ok
long-sparse,pate_f1,binary,4096,4,0.019792515784502,ok
long-sparse,pate_f1,binary,8192,0,0.0318672386929392,ok
long-sparse,pate_f1,binary,8192,1,0.0316690569743514,ok
long-sparse,pate_f1,binary,8192,2,0.0319634079933166,ok
long-sparse,pate_f1,binary,8192,3,0.0318787079304456,ok
long-sparse,pate_f1,binary,8192,4,0.0316903525963425,ok
long-sparse,pate_f1,binary,16384,0,0.1824089037254452,ok
long-sparse,pate_f1,binary,16384,1,0.1821372918784618,ok
long-sparse,pate_f1,binary,16384,2,0.1826244331896305,ok
long-sparse,pate_f1,binary,16384,3,0.184368709102273,ok
long-sparse,pate_f1,binary,16384,4,0.1833817614242434,ok
long-sparse,pate_f1,binary,32768,0,1.2923193108290434,ok
long-sparse,pate_f1,binary,32768,1,1.3183812275528908,ok
long-sparse,pate_f1,binary,32768,2,1.3075213693082333,ok
long-sparse,pate_f1,binary,32768,3,1.293990190140903,ok
long-sparse,pate_f1,binary,32768,4,1.298281024210155,ok
long-sparse,pate_f1,binary,65536,0,2.8290893621742725,ok
long-sparse,pate_f1,binary,65536,1,2.8097682520747185,ok
long-sparse,pate_f1,binary,65536,2,2.814161906950176,ok
long-sparse,pate_f1,binary,65536,3,2.839787981472909,ok
long-sparse,pate_f1,binary,65536,4,2.8068515760824084,ok
long-sparse,pate_f1,binary,131072,0,7.75090707000345,ok
long-sparse,pate_f1,binary,131072,1,7.711684267967939,ok
long-sparse,pate_f1,binary,131072,2,7.693981942720711,ok
long-sparse,pate_f1,binary,131072,3,7.643116617575288,ok
long-sparse,pate_f1,binary,131072,4,7.709254587069154,ok
long-sparse,pate_f1,binary,262144,0,47.6132650161162,ok
long-sparse,pate_f1,binary,262144,1,47.44616694655269,ok
long-sparse,pate_f1,binary,262144,2,47.475331755355,ok
long-sparse,pate_f1,binary,262144,3,47.44404728338122,ok
long-sparse,pate_f1,binary,262144,4,47.47329318337143,ok
long-sparse,pate_f1,binary,524288,0,150.28074082080275,ok
long-sparse,pate_f1,binary,524288,1,149.7138431277126,ok
long-sparse,pate_f1,binary,524288,2,149.9297086922452,ok
long-sparse,pate_f1,binary,524288,3,149.9714239742607,ok
long-sparse,pate_f1,binary,524288,4,150.35518117435277,ok
long-sparse,pate_f1,binary,1048576,0,679.8179874103516,ok
long-sparse,pate_f1,binary,1048576,1,684.7794421128929,ok
long-sparse,pate_f1,binary,1048576,2,679.2323188865557,ok
long-sparse,pate_f1,binary,1048576,3,679.7717471411452,ok
long-sparse,pate_f1,binary,1048576,4,679.0698799155653,ok
long-sparse,pw_auc_pr,continuous,256,0,0.000554209575057,ok
long-sparse,pw_auc_pr,continuous,256,1,0.0003951005637645,ok
long-sparse,pw_auc_pr,continuous,256,2,0.0004474706947803,ok
long-sparse,pw_auc_pr,continuous,256,3,0.0003897352144122,ok
long-sparse,pw_auc_pr,continuous,256,4,0.0003926763311028,ok
long-sparse,pw_auc_pr,continuous,512,0,0.0004924638196825,ok
long-sparse,pw_auc_pr,continuous,512,1,0.0004242984578013,ok
long-sparse,pw_auc_pr,continuous,512,2,0.0004227459430694,ok
long-sparse,pw_auc_pr,continuous,512,3,0.000423957593739,ok
long-sparse,pw_auc_pr,continuous,512,4,0.0004953928291797,ok
long-sparse,pw_auc_pr,continuous,1024,0,0.0005414932966232,ok
long-sparse,pw_auc_pr,continuous,1024,1,0.0004843240603804,ok
long-sparse,pw_auc_pr,continuous,1024,2,0.0004792166873812,ok
long-sparse,pw_auc_pr,continuous,1024,3,0.0006968276575207,ok
long-sparse,pw_auc_pr,continuous,1024,4,0.0006981696933507,ok
long-sparse,pw_auc_pr,continuous,2048,0,0.0008729007095098,ok
long-sparse,pw_auc_pr,continuous,2048,1,0.0008658282458782,ok
long-sparse,pw_auc_pr,continuous,2048,2,0.0008693551644682,ok
long-sparse,pw_auc_pr,continuous,2048,3,0.0008638054132461,ok
long-sparse,pw_auc_pr,continuous,2048,4,0.0008639292791485,ok
long-sparse,pw_auc_pr,continuous,4096,0,0.0012507531791925,ok
long-sparse,pw_auc_pr,continuous,4096,1,0.0012052627280354,ok
long-sparse,pw_auc_pr,continuous,4096,2,0.0012173233553767,ok
long-sparse,pw_auc_pr,continuous,4096,3,0.0012092953547835,ok
long-sparse,pw_auc_pr,continuous,4096,4,0.0012320056557655,ok
long-sparse,pw_auc_pr,continuous,8192,0,0.0020205965265631,ok
long-sparse,pw_auc_pr,continuous,8192,1,0.0019516954198479,ok
long-sparse,pw_auc_pr,continuous,8192,2,0.0019348878413438,ok
long-sparse,pw_auc_pr,continuous,8192,3,0.0019692629575729,ok
long-sparse,pw_auc_pr,continuous,8192,4,0.0019345348700881,ok
long-sparse,pw_auc_pr,continuous,16384,0,0.0037387199699878,ok
long-sparse,pw_auc_pr,continuous,16384,1,0.002950981259346,ok
long-sparse,pw_auc_pr,continuous,16384,2,0.0029655126854777,ok
long-sparse,pw_auc_pr,continuous,16384,3,0.0029801307246088,ok
long-sparse,pw_auc_pr,continuous,16384,4,0.002981649711728,ok
long-sparse,pw_auc_pr,continuous,32768,0,0.0059717101976275,ok
long-sparse,pw_auc_pr,continuous,32768,1,0.0057195518165826,ok
long-sparse,pw_auc_pr,continuous,32768,2,0.0057191532105207,ok
long-sparse,pw_auc_pr,continuous,32768,3,0.0057030795142054,ok
long-sparse,pw_auc_pr,continuous,32768,4,0.0057222815230488,ok
long-sparse,pw_auc_pr,continuous,65536,0,0.0119774658232927,ok
long-sparse,pw_auc_pr,continuous,65536,1,0.0114657701924443,ok
long-sparse,pw_auc_pr,continuous,65536,2,0.0114585971459746,ok
long-sparse,pw_auc_pr,continuous,65536,3,0.0114887878298759,ok
long-sparse,pw_auc_pr,continuous,65536,4,0.011470035649836,ok
long-sparse,pw_auc_pr,continuous,131072,0,0.0215299241244792,ok
long-sparse,pw_auc_pr,continuous,131072,1,0.0208111610263586,ok
long-sparse,pw_auc_pr,continuous,131072,2,0.0208189925178885,ok
long-sparse,pw_auc_pr,continuous,131072,3,0.0208431864157319,ok
long-sparse,pw_auc_pr,continuous,131072,4,0.0208076341077685,ok
long-sparse,pw_auc_pr,continuous,262144,0,0.047049555927515,ok
long-sparse,pw_auc_pr,continuous,262144,1,0.0451998962089419,ok
long-sparse,pw_auc_pr,continuous,262144,2,0.0449059912934899,ok
long-sparse,pw_auc_pr,continuous,262144,3,0.0449743373319506,ok
long-sparse,pw_auc_pr,continuous,262144,4,0.0449970653280615,ok
long-sparse,pw_auc_pr,continuous,524288,0,0.1021439107134938,ok
long-sparse,pw_auc_pr,continuous,524288,1,0.1011681659147143,ok
long-sparse,pw_auc_pr,continuous,524288,2,0.1011108644306659,ok
long-sparse,pw_auc_pr,continuous,524288,3,0.101321660913527,ok
long-sparse,pw_auc_pr,continuous,524288,4,0.1011776244267821,ok
long-sparse,pw_auc_pr,continuous,1048576,0,0.2086463803425431,ok
long-sparse,pw_auc_pr,continuous,1048576,1,0.2089650863781571,ok
long-sparse,pw_auc_pr,continuous,1048576,2,0.2114286832511425,ok
long-sparse,pw_auc_pr,continuous,1048576,3,0.2086230209097266,ok
long-sparse,pw_auc_pr,continuous,1048576,4,0.2087075756862759,ok
long-sparse,pw_auc_roc,continuous,256,0,0.0008811010047793,ok
long-sparse,pw_auc_roc,continuous,256,1,0.0006407285109162,ok
long-sparse,pw_auc_roc,continuous,256,2,0.0006269477307796,ok
long-sparse,pw_auc_roc,continuous,256,3,0.0006150873377919,ok
long-sparse,pw_auc_roc,continuous,256,4,0.0006252098828554,ok
long-sparse,pw_auc_roc,continuous,512,0,0.0006456105038523,ok
long-sparse,pw_auc_roc,continuous,512,1,0.0006545456126332,ok
long-sparse,pw_auc_roc,continuous,512,2,0.0006547076627612,ok
long-sparse,pw_auc_roc,continuous,512,3,0.0006516920402646,ok
long-sparse,pw_auc_roc,continuous,512,4,0.0006546191871166,ok
long-sparse,pw_auc_roc,continuous,1024,0,0.0007171537727117,ok
long-sparse,pw_auc_roc,continuous,1024,1,0.0007334966212511,ok
long-sparse,pw_auc_roc,continuous,1024,2,0.0007333597168326,ok
long-sparse,pw_auc_roc,continuous,1024,3,0.0007284106686711,ok
long-sparse,pw_auc_roc,continuous,1024,4,0.0007242457941174,ok
long-sparse,pw_auc_roc,continuous,2048,0,0.0008556246757507,ok
long-sparse,pw_auc_roc,continuous,2048,1,0.0008617145940661,ok
long-sparse,pw_auc_roc,continuous,2048,2,0.0008637532591819,ok
long-sparse,pw_auc_roc,continuous,2048,3,0.0008597504347562,ok
long-sparse,pw_auc_roc,continuous,2048,4,0.0008879229426383,ok
long-sparse,pw_auc_roc,continuous,4096,0,0.0011334279552102,ok
long-sparse,pw_auc_roc,continuous,4096,1,0.0011600460857152,ok
long-sparse,pw_auc_roc,continuous,4096,2,0.0011382009834051,ok
long-sparse,pw_auc_roc,continuous,4096,3,0.001135628670454,ok
long-sparse,pw_auc_roc,continuous,4096,4,0.001142636872828,ok
long-sparse,pw_auc_roc,continuous,8192,0,0.0017454251646995,ok
long-sparse,pw_auc_roc,continuous,8192,1,0.0017570443451404,ok
long-sparse,pw_auc_roc,continuous,8192,2,0.0017537996172904,ok
long-sparse,pw_auc_roc,continuous,8192,3,0.0017646960914134,ok
long-sparse,pw_auc_roc,continuous,8192,4,0.0017523625865578,ok
long-sparse,pw_auc_roc,continuous,16384,0,0.0030059982091188,ok
long-sparse,pw_auc_roc,continuous,16384,1,0.0029447842389345,ok
long-sparse,pw_auc_roc,continuous,16384,2,0.0029887706041336,ok
long-sparse,pw_auc_roc,continuous,16384,3,0.0029418328776955,ok
long-sparse,pw_auc_roc,continuous,16384,4,0.0029574548825621,ok
long-sparse,pw_auc_roc,continuous,32768,0,0.0056493813171982,ok
long-sparse,pw_auc_roc,continuous,32768,1,0.0056186141446232,ok
long-sparse,pw_auc_roc,continuous,32768,2,0.0055845770984888,ok
long-sparse,pw_auc_roc,continuous,32768,3,0.0055973818525671,ok
long-sparse,pw_auc_roc,continuous,32768,4,0.0055894097313284,ok
long-sparse,pw_auc_roc,continuous,65536,0,0.0112326359376311,ok
long-sparse,pw_auc_roc,continuous,65536,1,0.011137006804347,ok
long-sparse,pw_auc_roc,continuous,65536,2,0.0110937282443046,ok
long-sparse,pw_auc_roc,continuous,65536,3,0.0111098475754261,ok
long-sparse,pw_auc_roc,continuous,65536,4,0.0111356861889362,ok
long-sparse,pw_auc_roc,continuous,131072,0,0.0230881366878747,ok
long-sparse,pw_auc_roc,continuous,131072,1,0.022962961345911,ok
long-sparse,pw_auc_roc,continuous,131072,2,0.023001586087048,ok
long-sparse,pw_auc_roc,continuous,131072,3,0.0230717966333031,ok
long-sparse,pw_auc_roc,continuous,131072,4,0.0230323486030101,ok
long-sparse,pw_auc_roc,continuous,262144,0,0.0495059350505471,ok
long-sparse,pw_auc_roc,continuous,262144,1,0.0495243733748793,ok
long-sparse,pw_auc_roc,continuous,262144,2,0.0496149798855185,ok
long-sparse,pw_auc_roc,continuous,262144,3,0.0496798176318407,ok
long-sparse,pw_auc_roc,continuous,262144,4,0.0496195955201983,ok
long-sparse,pw_auc_roc,continuous,524288,0,0.1157252937555313,ok
long-sparse,pw_auc_roc,continuous,524288,1,0.0861857263371348,ok
long-sparse,pw_auc_roc,continuous,524288,2,0.0835327515378594,ok
long-sparse,pw_auc_roc,continuous,524288,3,0.0836637560278177,ok
long-sparse,pw_auc_roc,continuous,524288,4,0.0834290394559502,ok
long-sparse,pw_auc_roc,continuous,1048576,0,0.1920074177905917,ok
long-sparse,pw_auc_roc,continuous,1048576,1,0.194617505185306,ok
long-sparse,pw_auc_roc,continuous,1048576,2,0.1953415656462311,ok
long-sparse,pw_auc_roc,continuous,1048576,3,0.1945379013195634,ok
long-sparse,pw_auc_roc,continuous,1048576,4,0.1949533801525831,ok
long-sparse,pwf,binary,256,0,0.0007239524275064,ok
long-sparse,pwf,binary,256,1,0.0003326833248138,ok
long-sparse,pwf,binary,256,2,0.0003723846748471,ok
long-sparse,pwf,binary,256,3,0.0003635035827755,ok
long-sparse,pwf,binary,256,4,0.0003641843795776,ok
long-sparse,pwf,binary,512,0,0.0003865091130137,ok
long-sparse,pwf,binary,512,1,0.0003841379657387,ok
long-sparse,pwf,binary,512,2,0.0003804415464401,ok
long-sparse,pwf,binary,512,3,0.0004933252930641,ok
long-sparse,pwf,binary,512,4,0.000489791855216,ok
long-sparse,pwf,binary,1024,0,0.0005191322416067,ok
long-sparse,pwf,binary,1024,1,0.0004853084683418,ok
long-sparse,pwf,binary,1024,2,0.0005133273079991,ok
long-sparse,pwf,binary,1024,3,0.000529957935214,ok
long-sparse,pwf,binary,1024,4,0.0005132118239998,ok
long-sparse,pwf,binary,2048,0,0.0005628773942589,ok
long-sparse,pwf,binary,2048,1,0.0005513923242688,ok
long-sparse,pwf,binary,2048,2,0.0005630198866128,ok
long-sparse,pwf,binary,2048,3,0.0005504013970494,ok
long-sparse,pwf,binary,2048,4,0.0005655884742736,ok
long-sparse,pwf,binary,4096,0,0.0006460389122366,ok
long-sparse,pwf,binary,4096,1,0.0006106132641434,ok
long-sparse,pwf,binary,4096,2,0.0006129629909992,ok
long-sparse,pwf,binary,4096,3,0.0006399182602763,ok
long-sparse,pwf,binary,4096,4,0.0006125792860984,ok
long-sparse,pwf,binary,8192,0,0.0008172988891601,ok
long-sparse,pwf,binary,8192,1,0.000740798190236,ok
long-sparse,pwf,binary,8192,2,0.0007394831627607,ok
long-sparse,pwf,binary,8192,3,0.0007498590275645,ok
long-sparse,pwf,binary,8192,4,0.0007386244833469,ok
long-sparse,pwf,binary,16384,0,0.0011271582916378,ok
long-sparse,pwf,binary,16384,1,0.0009919106960296,ok
long-sparse,pwf,binary,16384,2,0.0009942622855305,ok
long-sparse,pwf,binary,16384,3,0.0010131243616342,ok
long-sparse,pwf,binary,16384,4,0.0009928382933139,ok
long-sparse,pwf,binary,32768,0,0.0018638484179973,ok
long-sparse,pwf,binary,32768,1,0.0014988370239734,ok
long-sparse,pwf,binary,32768,2,0.0014990800991654,ok
long-sparse,pwf,binary,32768,3,0.0015177624300122,ok
long-sparse,pwf,binary,32768,4,0.0015139561146497,ok
long-sparse,pwf,binary,65536,0,0.002960835583508,ok
long-sparse,pwf,binary,65536,1,0.0023949015885591,ok
long-sparse,pwf,binary,65536,2,0.0024148756638169,ok
long-sparse,pwf,binary,65536,3,0.002418135292828,ok
long-sparse,pwf,binary,65536,4,0.0023933378979563,ok
long-sparse,pwf,binary,131072,0,0.0057253185659646,ok
long-sparse,pwf,binary,131072,1,0.0047410819679498,ok
long-sparse,pwf,binary,131072,2,0.0047201346606016,ok
long-sparse,pwf,binary,131072,3,0.0047171767801046,ok
long-sparse,pwf,binary,131072,4,0.0047154454514384,ok
long-sparse,pwf,binary,262144,0,0.0108433496206998,ok
long-sparse,pwf,binary,262144,1,0.0079542063176631,ok
long-sparse,pwf,binary,262144,2,0.0096911750733852,ok
long-sparse,pwf,binary,262144,3,0.0079097617417573,ok
long-sparse,pwf,binary,262144,4,0.0079235676676034,ok
long-sparse,pwf,binary,524288,0,0.0178464166820049,ok
long-sparse,pwf,binary,524288,1,0.0149759380146861,ok
long-sparse,pwf,binary,524288,2,0.0143502941355109,ok
long-sparse,pwf,binary,524288,3,0.0142599307000637,ok
long-sparse,pwf,binary,524288,4,0.0142887597903609,ok
long-sparse,pwf,binary,1048576,0,0.0303305713459849,ok
long-sparse,pwf,binary,1048576,1,0.0301548801362514,ok
long-sparse,pwf,binary,1048576,2,0.0302786231040954,ok
long-sparse,pwf,binary,1048576,3,0.0303289061412215,ok
long-sparse,pwf,binary,1048576,4,0.0303208446130156,ok
long-sparse,rbf,binary,256,0,0.0014185281470417,ok
long-sparse,rbf,binary,256,1,0.0011961180716753,ok
long-sparse,rbf,binary,256,2,0.0012257089838385,ok
long-sparse,rbf,binary,256,3,0.0011792285367846,ok
long-sparse,rbf,binary,256,4,0.0011847652494907,ok
long-sparse,rbf,binary,512,0,0.0013074818998575,ok
long-sparse,rbf,binary,512,1,0.0012895967811346,ok
long-sparse,rbf,binary,512,2,0.00128776114434,ok
long-sparse,rbf,binary,512,3,0.0012834826484322,ok
long-sparse,rbf,binary,512,4,0.0012862449511885,ok
long-sparse,rbf,binary,1024,0,0.0014702156186103,ok
long-sparse,rbf,binary,1024,1,0.0014615217223763,ok
long-sparse,rbf,binary,1024,2,0.0014563919976353,ok
long-sparse,rbf,binary,1024,3,0.0014818273484706,ok
long-sparse,rbf,binary,1024,4,0.0014953967183828,ok
long-sparse,rbf,binary,2048,0,0.0019376007840037,ok
long-sparse,rbf,binary,2048,1,0.0019237948581576,ok
long-sparse,rbf,binary,2048,2,0.001915032044053,ok
long-sparse,rbf,binary,2048,3,0.0019312361255288,ok
long-sparse,rbf,binary,2048,4,0.0019337283447384,ok
long-sparse,rbf,binary,4096,0,0.0027777310460805,ok
long-sparse,rbf,binary,4096,1,0.0027835648506879,ok
long-sparse,rbf,binary,4096,2,0.0027985516935586,ok
long-sparse,rbf,binary,4096,3,0.0028206836432218,ok
long-sparse,rbf,binary,4096,4,0.0027998723089694,ok
long-sparse,rbf,binary,8192,0,0.0043489057570695,ok
long-sparse,rbf,binary,8192,1,0.0043181087821722,ok
long-sparse,rbf,binary,8192,2,0.0043362481519579,ok
long-sparse,rbf,binary,8192,3,0.0043277097865939,ok
long-sparse,rbf,binary,8192,4,0.0043075457215309,ok
long-sparse,rbf,binary,16384,0,0.007363005541265,ok
long-sparse,rbf,binary,16384,1,0.0073432279750704,ok
long-sparse,rbf,binary,16384,2,0.0073917582631111,ok
long-sparse,rbf,binary,16384,3,0.0073490086942911,ok
long-sparse,rbf,binary,16384,4,0.007343741133809,ok
long-sparse,rbf,binary,32768,0,0.0164531329646706,ok
long-sparse,rbf,binary,32768,1,0.0163781978189945,ok
long-sparse,rbf,binary,32768,2,0.016319915652275,ok
long-sparse,rbf,binary,32768,3,0.016265008598566,ok
long-sparse,rbf,binary,32768,4,0.01627779006958,ok
long-sparse,rbf,binary,65536,0,0.029520615004003,ok
long-sparse,rbf,binary,65536,1,0.0294319009408354,ok
long-sparse,rbf,binary,65536,2,0.0293375719338655,ok
long-sparse,rbf,binary,65536,3,0.0294346837326884,ok
long-sparse,rbf,binary,65536,4,0.0293404059484601,ok
long-sparse,rbf,binary,131072,0,0.0569033185020089,ok
long-sparse,rbf,binary,131072,1,0.0462039178237319,ok
long-sparse,rbf,binary,131072,2,0.0459943329915404,ok
long-sparse,rbf,binary,131072,3,0.0459728334099054,ok
long-sparse,rbf,binary,131072,4,0.046028958633542,ok
long-sparse,rbf,binary,262144,0,0.0935583310201764,ok
long-sparse,rbf,binary,262144,1,0.0937088690698146,ok
long-sparse,rbf,binary,262144,2,0.0943660754710435,ok
long-sparse,rbf,binary,262144,3,0.092818820849061,ok
long-sparse,rbf,binary,262144,4,0.0932301329448819,ok
long-sparse,rbf,binary,524288,0,0.1783358361572027,ok
long-sparse,rbf,binary,524288,1,0.1753790378570556,ok
long-sparse,rbf,binary,524288,2,0.1751169133931398,ok
long-sparse,rbf,binary,524288,3,0.1753734918311238,ok
long-sparse,rbf,binary,524288,4,0.1760854199528694,ok
long-sparse,rbf,binary,1048576,0,0.3622060408815741,ok
long-sparse,rbf,binary,1048576,1,0.3589647281914949,ok
long-sparse,rbf,binary,1048576,2,0.3587880823761225,ok
long-sparse,rbf,binary,1048576,3,0.3591168420389294,ok
long-sparse,rbf,binary,1048576,4,0.3581408457830548,ok
long-sparse,swf,binary,256,0,0.0006531411781907,ok
long-sparse,swf,binary,256,1,0.0005057556554675,ok
long-sparse,swf,binary,256,2,0.0005041947588324,ok
long-sparse,swf,binary,256,3,0.0005102651193737,ok
long-sparse,swf,binary,256,4,0.0005038678646087,ok
long-sparse,swf,binary,512,0,0.0005803778767585,ok
long-sparse,swf,binary,512,1,0.0005361409857869,ok
long-sparse,swf,binary,512,2,0.0006220210343599,ok
long-sparse,swf,binary,512,3,0.0005617374554276,ok
long-sparse,swf,binary,512,4,0.0005240719765424,ok
long-sparse,swf,binary,1024,0,0.0005996767431497,ok
long-sparse,swf,binary,1024,1,0.0005495464429259,ok
long-sparse,swf,binary,1024,2,0.0005508912727236,ok
long-sparse,swf,binary,1024,3,0.0005513709038496,ok
long-sparse,swf,binary,1024,4,0.0005850102752447,ok
long-sparse,swf,binary,2048,0,0.0006640376523137,ok
long-sparse,swf,binary,2048,1,0.0006099892780184,ok
long-sparse,swf,binary,2048,2,0.0005913050845265,ok
long-sparse,swf,binary,2048,3,0.0005966024473309,ok
long-sparse,swf,binary,2048,4,0.000597920268774,ok
long-sparse,swf,binary,4096,0,0.0009296340867877,ok
long-sparse,swf,binary,4096,1,0.0009211217984557,ok
long-sparse,swf,binary,4096,2,0.0009157434105873,ok
long-sparse,swf,binary,4096,3,0.0009170453995466,ok
long-sparse,swf,binary,4096,4,0.000915365293622,ok
long-sparse,swf,binary,8192,0,0.001193718984723,ok
long-sparse,swf,binary,8192,1,0.0011362256482243,ok
long-sparse,swf,binary,8192,2,0.0011324938386678,ok
long-sparse,swf,binary,8192,3,0.0011454699560999,ok
long-sparse,swf,binary,8192,4,0.0011422913521528,ok
long-sparse,swf,binary,16384,0,0.0016719736158847,ok
long-sparse,swf,binary,16384,1,0.0015688277781009,ok
long-sparse,swf,binary,16384,2,0.0015674708411097,ok
long-sparse,swf,binary,16384,3,0.0015384862199425,ok
long-sparse,swf,binary,16384,4,0.0015415614470839,ok
long-sparse,swf,binary,32768,0,0.0027650501579046,ok
long-sparse,swf,binary,32768,1,0.0025282772257924,ok
long-sparse,swf,binary,32768,2,0.0029808459803462,ok
long-sparse,swf,binary,32768,3,0.0026847766712307,ok
long-sparse,swf,binary,32768,4,0.0026411274448037,ok
long-sparse,swf,binary,65536,0,0.0046753212809562,ok
long-sparse,swf,binary,65536,1,0.0041575087234377,ok
long-sparse,swf,binary,65536,2,0.0039379177615046,ok
long-sparse,swf,binary,65536,3,0.0039637442678213,ok
long-sparse,swf,binary,65536,4,0.0039384253323078,ok
long-sparse,swf,binary,131072,0,0.0094263348728418,ok
long-sparse,swf,binary,131072,1,0.0081012267619371,ok
long-sparse,swf,binary,131072,2,0.0077003547921776,ok
long-sparse,swf,binary,131072,3,0.007712691091001,ok
long-sparse,swf,binary,131072,4,0.0076915957033634,ok
long-sparse,swf,binary,262144,0,0.0166284367442131,ok
long-sparse,swf,binary,262144,1,0.0151006132364273,ok
long-sparse,swf,binary,262144,2,0.0150741292163729,ok
long-sparse,swf,binary,262144,3,0.0152078950777649,ok
long-sparse,swf,binary,262144,4,0.0152137726545333,ok
long-sparse,swf,binary,524288,0,0.0318682799115777,ok
long-sparse,swf,binary,524288,1,0.0290472526103258,ok
long-sparse,swf,binary,524288,2,0.0290623055770993,ok
long-sparse,swf,binary,524288,3,0.0290340650826692,ok
long-sparse,swf,binary,524288,4,0.0288235899060964,ok
long-sparse,swf,binary,1048576,0,0.0605938397347927,ok
long-sparse,swf,binary,1048576,1,0.0554117541760206,ok
long-sparse,swf,binary,1048576,2,0.0552816223353147,ok
long-sparse,swf,binary,1048576,3,0.0552733158692717,ok
long-sparse,swf,binary,1048576,4,0.0552207203581929,ok
long-sparse,taf,binary,256,0,0.0016520554199814,ok
long-sparse,taf,binary,256,1,0.0015307618305087,ok
long-sparse,taf,binary,256,2,0.0015714867040514,ok
long-sparse,taf,binary,256,3,0.0015940088778734,ok
long-sparse,taf,binary,256,4,0.0015851873904466,ok
long-sparse,taf,binary,512,0,0.0021922392770648,ok
long-sparse,taf,binary,512,1,0.00216278526932,ok
long-sparse,taf,binary,512,2,0.0022353697568178,ok
long-sparse,taf,binary,512,3,0.0022133169695734,ok
long-sparse,taf,binary,512,4,0.0022521987557411,ok
long-sparse,taf,binary,1024,0,0.0033244155347347,ok
long-sparse,taf,binary,1024,1,0.003362875431776,ok
long-sparse,taf,binary,1024,2,0.0033602723851799,ok
long-sparse,taf,binary,1024,3,0.0033009499311447,ok
long-sparse,taf,binary,1024,4,0.003380405716598,ok
long-sparse,taf,binary,2048,0,0.0062771346420049,ok
long-sparse,taf,binary,2048,1,0.0062208352610468,ok
long-sparse,taf,binary,2048,2,0.0062220487743616,ok
long-sparse,taf,binary,2048,3,0.0062446584925055,ok
long-sparse,taf,binary,2048,4,0.0063005546107888,ok
long-sparse,taf,binary,4096,0,0.0116489445790648,ok
long-sparse,taf,binary,4096,1,0.0116479797288775,ok
long-sparse,taf,binary,4096,2,0.0116297639906406,ok
long-sparse,taf,binary,4096,3,0.0116001525893807,ok
long-sparse,taf,binary,4096,4,0.0115887774154543,ok
long-sparse,taf,binary,8192,0,0.0214921608567237,ok
long-sparse,taf,binary,8192,1,0.021548930555582,ok
long-sparse,taf,binary,8192,2,0.0215785158798098,ok
long-sparse,taf,binary,8192,3,0.0213831355795264,ok
long-sparse,taf,binary,8192,4,0.0213993117213249,ok
long-sparse,taf,binary,16384,0,0.0448867483064532,ok
long-sparse,taf,binary,16384,1,0.0445412751287221,ok
long-sparse,taf,binary,16384,2,0.0445693498477339,ok
long-sparse,taf,binary,16384,3,0.0448553180322051,ok
long-sparse,taf,binary,16384,4,0.0450055543333292,ok
long-sparse,taf,binary,32768,0,0.0814982885494828,ok
long-sparse,taf,binary,32768,1,0.0813517272472381,ok
long-sparse,taf,binary,32768,2,0.0815257132053375,ok
long-sparse,taf,binary,32768,3,0.0811752062290906,ok
long-sparse,taf,binary,32768,4,0.0816830666735768,ok
long-sparse,taf,binary,65536,0,0.1738902796059847,ok
long-sparse,taf,binary,65536,1,0.1733863335102796,ok
long-sparse,taf,binary,65536,2,0.1741638779640197,ok
long-sparse,taf,binary,65536,3,0.1749594369903206,ok
long-sparse,taf,binary,65536,4,0.1738443644717335,ok
long-sparse,taf,binary,131072,0,0.3479153020307421,ok
long-sparse,taf,binary,131072,1,0.3480847049504518,ok
long-sparse,taf,binary,131072,2,0.3478591544553637,ok
long-sparse,taf,binary,131072,3,0.3500636899843812,ok
long-sparse,taf,binary,131072,4,0.3478053212165832,ok
long-sparse,taf,binary,262144,0,0.6432768693193793,ok
long-sparse,taf,binary,262144,1,0.6393621768802404,ok
long-sparse,taf,binary,262144,2,0.6423212448135018,ok
long-sparse,taf,binary,262144,3,0.645206063054502,ok
long-sparse,taf,binary,262144,4,0.6425525033846498,ok
long-sparse,taf,binary,524288,0,1.3422259632498026,ok
long-sparse,taf,binary,524288,1,1.3316154507920146,ok
long-sparse,taf,binary,524288,2,1.328899617306888,ok
long-sparse,taf,binary,524288,3,1.3302718717604876,ok
long-sparse,taf,binary,524288,4,1.3366094622761011,ok
long-sparse,taf,binary,1048576,0,2.7036622259765863,ok
long-sparse,taf,binary,1048576,1,2.670421180315316,ok
long-sparse,taf,binary,1048576,2,2.676340061239898,ok
long-sparse,taf,binary,1048576,3,2.676564830355346,ok
long-sparse,taf,binary,1048576,4,2.6670281747356057,ok
long-sparse,td,binary,256,0,0.0005344124510884,ok
long-sparse,td,binary,256,1,0.0004988126456737,ok
long-sparse,td,binary,256,2,0.0005088429898023,ok
long-sparse,td,binary,256,3,0.0004897098988294,ok
long-sparse,td,binary,256,4,0.0004960522055625,ok
long-sparse,td,binary,512,0,0.000598769634962,ok
long-sparse,td,binary,512,1,0.0006069438531994,ok
long-sparse,td,binary,512,2,0.0006077615544199,ok
long-sparse,td,binary,512,3,0.0006053503602743,ok
long-sparse,td,binary,512,4,0.0006061177700757,ok
long-sparse,td,binary,1024,0,0.0007674135267734,ok
long-sparse,td,binary,1024,1,0.0007766932249069,ok
long-sparse,td,binary,1024,2,0.0007979581132531,ok
long-sparse,td,binary,1024,3,0.0007786974310874,ok
long-sparse,td,binary,1024,4,0.0007736729457974,ok
long-sparse,td,binary,2048,0,0.0012843813747167,ok
long-sparse,td,binary,2048,1,0.0013021109625697,ok
long-sparse,td,binary,2048,2,0.0013286294415593,ok
long-sparse,td,binary,2048,3,0.0012989593669772,ok
long-sparse,td,binary,2048,4,0.0013044709339737,ok
long-sparse,td,binary,4096,0,0.0021879412233829,ok
long-sparse,td,binary,4096,1,0.0021998807787895,ok
long-sparse,td,binary,4096,2,0.0021812319755554,ok
long-sparse,td,binary,4096,3,0.0022258376702666,ok
long-sparse,td,binary,4096,4,0.0021844133734703,ok
long-sparse,td,binary,8192,0,0.004038973711431,ok
long-sparse,td,binary,8192,1,0.0040160305798053,ok
long-sparse,td,binary,8192,2,0.0040353648364543,ok
long-sparse,td,binary,8192,3,0.0040315818041563,ok
long-sparse,td,binary,8192,4,0.004033600911498,ok
long-sparse,td,binary,16384,0,0.0083476239815354,ok
long-sparse,td,binary,16384,1,0.0083652818575501,ok
long-sparse,td,binary,16384,2,0.0083428313955664,ok
long-sparse,td,binary,16384,3,0.0083942990750074,ok
long-sparse,td,binary,16384,4,0.0083493655547499,ok
long-sparse,td,binary,32768,0,0.0138411028310656,ok
long-sparse,td,binary,32768,1,0.0137972217053174,ok
long-sparse,td,binary,32768,2,0.0138400848954916,ok
long-sparse,td,binary,32768,3,0.0137923844158649,ok
long-sparse,td,binary,32768,4,0.0137988459318876,ok
long-sparse,td,binary,65536,0,0.0303576393052935,ok
long-sparse,td,binary,65536,1,0.0302585726603865,ok
long-sparse,td,binary,65536,2,0.0302460743114352,ok
long-sparse,td,binary,65536,3,0.0302511416375637,ok
long-sparse,td,binary,65536,4,0.0246525537222623,ok
long-sparse,td,binary,131072,0,0.0498494729399681,ok
long-sparse,td,binary,131072,1,0.0496994731947779,ok
long-sparse,td,binary,131072,2,0.0499718710780143,ok
long-sparse,td,binary,131072,3,0.0497331218793988,ok
long-sparse,td,binary,131072,4,0.0498846713453531,ok
long-sparse,td,binary,262144,0,0.0893478589132428,ok
long-sparse,td,binary,262144,1,0.0892592873424291,ok
long-sparse,td,binary,262144,2,0.0890825092792511,ok
long-sparse,td,binary,262144,3,0.0892506726086139,ok
long-sparse,td,binary,262144,4,0.0891215708106756,ok
long-sparse,td,binary,524288,0,0.1906465059146285,ok
long-sparse,td,binary,524288,1,0.1899445196613669,ok
long-sparse,td,binary,524288,2,0.1902090366929769,ok
long-sparse,td,binary,524288,3,0.1898148180916905,ok
long-sparse,td,binary,524288,4,0.1902926322072744,ok
long-sparse,td,binary,1048576,0,0.3793076435104012,ok
long-sparse,td,binary,1048576,1,0.3804817013442516,ok
long-sparse,td,binary,1048576,2,0.3798428829759359,ok
long-sparse,td,binary,1048576,3,0.3803599402308464,ok
long-sparse,td,binary,1048576,4,0.3793222717940807,ok
long-sparse,tdir,binary,256,0,0.0004482734948396,ok
long-sparse,tdir,binary,256,1,0.0004042899236083,ok
long-sparse,tdir,binary,256,2,0.0003993222489953,ok
long-sparse,tdir,binary,256,3,0.0004184488207101,ok
long-sparse,tdir,binary,256,4,0.0004341546446084,ok
long-sparse,tdir,binary,512,0,0.000485005788505,ok
long-sparse,tdir,binary,512,1,0.0004405863583087,ok
long-sparse,tdir,binary,512,2,0.0004395386204123,ok
long-sparse,tdir,binary,512,3,0.0004393989220261,ok
long-sparse,tdir,binary,512,4,0.0004413025453686,ok
long-sparse,tdir,binary,1024,0,0.0005459710955619,ok
long-sparse,tdir,binary,1024,1,0.000522025860846,ok
long-sparse,tdir,binary,1024,2,0.0005213813856244,ok
long-sparse,tdir,binary,1024,3,0.0005191080272197,ok
long-sparse,tdir,binary,1024,4,0.0005207564681768,ok
long-sparse,tdir,binary,2048,0,0.0006444742903113,ok
long-sparse,tdir,binary,2048,1,0.000623982399702,ok
long-sparse,tdir,binary,2048,2,0.000619295053184,ok
long-sparse,tdir,binary,2048,3,0.0006192047148942,ok
long-sparse,tdir,binary,2048,4,0.0006346041336655,ok
long-sparse,tdir,binary,4096,0,0.0009195022284984,ok
long-sparse,tdir,binary,4096,1,0.0008482802659273,ok
long-sparse,tdir,binary,4096,2,0.0008945101872086,ok
long-sparse,tdir,binary,4096,3,0.0008443957194685,ok
long-sparse,tdir,binary,4096,4,0.000891787931323,ok
long-sparse,tdir,binary,8192,0,0.0013945093378424,ok
long-sparse,tdir,binary,8192,1,0.0013622902333736,ok
long-sparse,tdir,binary,8192,2,0.0014042491093277,ok
long-sparse,tdir,binary,8192,3,0.0013672458007931,ok
long-sparse,tdir,binary,8192,4,0.0018627271056175,ok
long-sparse,tdir,binary,16384,0,0.0024738637730479,ok
long-sparse,tdir,binary,16384,1,0.0024850433692336,ok
long-sparse,tdir,binary,16384,2,0.0024784728884696,ok
long-sparse,tdir,binary,16384,3,0.0024963337928056,ok
long-sparse,tdir,binary,16384,4,0.0024901442229747,ok
long-sparse,tdir,binary,32768,0,0.006477577611804,ok
long-sparse,tdir,binary,32768,1,0.0063815880566835,ok
long-sparse,tdir,binary,32768,2,0.0064065465703606,ok
long-sparse,tdir,binary,32768,3,0.0064056366682052,ok
long-sparse,tdir,binary,32768,4,0.00640419870615,ok
long-sparse,tdir,binary,65536,0,0.0095104621723294,ok
long-sparse,tdir,binary,65536,1,0.0094576720148324,ok
long-sparse,tdir,binary,65536,2,0.0094960564747452,ok
long-sparse,tdir,binary,65536,3,0.0094987154006958,ok
long-sparse,tdir,binary,65536,4,0.0094456588849425,ok
long-sparse,tdir,binary,131072,0,0.0186149114742875,ok
long-sparse,tdir,binary,131072,1,0.0185344163328409,ok
long-sparse,tdir,binary,131072,2,0.0184655776247382,ok
long-sparse,tdir,binary,131072,3,0.0186110585927963,ok
long-sparse,tdir,binary,131072,4,0.0186907155439257,ok
long-sparse,tdir,binary,262144,0,0.0471581555902957,ok
long-sparse,tdir,binary,262144,1,0.0469018891453743,ok
long-sparse,tdir,binary,262144,2,0.0471075354143977,ok
long-sparse,tdir,binary,262144,3,0.0469041494652628,ok
long-sparse,tdir,binary,262144,4,0.0472358912229537,ok
long-sparse,tdir,binary,524288,0,0.0801240000873804,ok
long-sparse,tdir,binary,524288,1,0.0651882579550147,ok
long-sparse,tdir,binary,524288,2,0.0652126530185341,ok
long-sparse,tdir,binary,524288,3,0.0651183519512415,ok
long-sparse,tdir,binary,524288,4,0.0649195378646254,ok
long-sparse,tdir,binary,1048576,0,0.1385827390477061,ok
long-sparse,tdir,binary,1048576,1,0.1370409224182367,ok
long-sparse,tdir,binary,1048576,2,0.136894422583282,ok
long-sparse,tdir,binary,1048576,3,0.136698960326612,ok
long-sparse,tdir,binary,1048576,4,0.1368171283975243,ok
long-sparse,ttf,binary,256,0,0.0007033292204141,ok
long-sparse,ttf,binary,256,1,0.0005562836304306,ok
long-sparse,ttf,binary,256,2,0.000604972243309,ok
long-sparse,ttf,binary,256,3,0.0005794456228613,ok
long-sparse,ttf,binary,256,4,0.000544405542314,ok
long-sparse,ttf,binary,512,0,0.0006117336452007,ok
long-sparse,ttf,binary,512,1,0.0006174277514219,ok
long-sparse,ttf,binary,512,2,0.0005765901878476,ok
long-sparse,ttf,binary,512,3,0.0005790926516056,ok
long-sparse,ttf,binary,512,4,0.0005758106708526,ok
long-sparse,ttf,binary,1024,0,0.0006580287590622,ok
long-sparse,ttf,binary,1024,1,0.0006952239200472,ok
long-sparse,ttf,binary,1024,2,0.0006866948679089,ok
long-sparse,ttf,binary,1024,3,0.0006211400032043,ok
long-sparse,ttf,binary,1024,4,0.0006149606779217,ok
long-sparse,ttf,binary,2048,0,0.0007373206317424,ok
long-sparse,ttf,binary,2048,1,0.0007301438599824,ok
long-sparse,ttf,binary,2048,2,0.0007138988003134,ok
long-sparse,ttf,binary,2048,3,0.000735031440854,ok
long-sparse,ttf,binary,2048,4,0.0007175020873546,ok
long-sparse,ttf,binary,4096,0,0.0009014382958412,ok
long-sparse,ttf,binary,4096,1,0.0008810088038444,ok
long-sparse,ttf,binary,4096,2,0.0008786963298916,ok
long-sparse,ttf,binary,4096,3,0.0009001791477203,ok
long-sparse,ttf,binary,4096,4,0.0008918568491935,ok
long-sparse,ttf,binary,8192,0,0.0012278892099857,ok
long-sparse,ttf,binary,8192,1,0.0012539951130747,ok
long-sparse,ttf,binary,8192,2,0.0012032417580485,ok
long-sparse,ttf,binary,8192,3,0.001208902336657,ok
long-sparse,ttf,binary,8192,4,0.0012035146355628,ok
long-sparse,ttf,binary,16384,0,0.0020142132416367,ok
long-sparse,ttf,binary,16384,1,0.0019887834787368,ok
long-sparse,ttf,binary,16384,2,0.0019179079681634,ok
long-sparse,ttf,binary,16384,3,0.001964776776731,ok
long-sparse,ttf,binary,16384,4,0.0019488055258989,ok
long-sparse,ttf,binary,32768,0,0.0029981387779116,ok
long-sparse,ttf,binary,32768,1,0.0030022980645298,ok
long-sparse,ttf,binary,32768,2,0.0030042082071304,ok
long-sparse,ttf,binary,32768,3,0.003007779829204,ok
long-sparse,ttf,binary,32768,4,0.003022969700396,ok
long-sparse,ttf,binary,65536,0,0.0058552948758006,ok
long-sparse,ttf,binary,65536,1,0.0056989276781678,ok
long-sparse,ttf,binary,65536,2,0.0056194849312305,ok
long-sparse,ttf,binary,65536,3,0.0056886449456214,ok
long-sparse,ttf,binary,65536,4,0.005694082006812,ok
long-sparse,ttf,binary,131072,0,0.011262958869338,ok
long-sparse,ttf,binary,131072,1,0.0111557813361287,ok
long-sparse,ttf,binary,131072,2,0.0110693797469139,ok
long-sparse,ttf,binary,131072,3,0.0114191137254238,ok
long-sparse,ttf,binary,131072,4,0.0111235063523054,ok
long-sparse,ttf,binary,262144,0,0.0205034147948026,ok
long-sparse,ttf,binary,262144,1,0.0204085810109972,ok
long-sparse,ttf,binary,262144,2,0.0204606158658862,ok
long-sparse,ttf,binary,262144,3,0.0204503778368234,ok
long-sparse,ttf,binary,262144,4,0.0203810269013047,ok
long-sparse,ttf,binary,524288,0,0.0423575555905699,ok
long-sparse,ttf,binary,524288,1,0.042352519929409,ok
long-sparse,ttf,binary,524288,2,0.0422749500721693,ok
long-sparse,ttf,binary,524288,3,0.0423362255096435,ok
long-sparse,ttf,binary,524288,4,0.04223642218858,ok
long-sparse,ttf,binary,1048576,0,0.0956547874957323,ok
long-sparse,ttf,binary,1048576,1,0.0978983622044324,ok
long-sparse,ttf,binary,1048576,2,0.0978929614648222,ok
long-sparse,ttf,binary,1048576,3,0.0977395549416542,ok
long-sparse,ttf,binary,1048576,4,0.0977114159613847,ok
long-sparse,vus_pr,continuous,256,0,0.3726536501199007,ok
long-sparse,vus_pr,continuous,256,1,0.371142653748393,ok
long-sparse,vus_pr,continuous,256,2,0.3707798598334193,ok
long-sparse,vus_pr,continuous,256,3,0.371987922117114,ok
long-sparse,vus_pr,continuous,256,4,0.3697948846966028,ok
long-sparse,vus_pr,continuous,512,0,0.4074188722297549,ok
long-sparse,vus_pr,continuous,512,1,0.4052781239151954,ok
long-sparse,vus_pr,continuous,512,2,0.4046314340084791,ok
long-sparse,vus_pr,continuous,512,3,0.4062953591346741,ok
long-sparse,vus_pr,continuous,512,4,0.4032608494162559,ok
long-sparse,vus_pr,continuous,1024,0,0.409930607303977,ok
long-sparse,vus_pr,continuous,1024,1,0.41119119618088,ok
long-sparse,vus_pr,continuous,1024,2,0.4092009235173464,ok
long-sparse,vus_pr,continuous,1024,3,0.4110852517187595,ok
long-sparse,vus_pr,continuous,1024,4,0.4105499880388379,ok
long-sparse,vus_pr,continuous,2048,0,0.4157645097002387,ok
long-sparse,vus_pr,continuous,2048,1,0.4132907381281256,ok
long-sparse,vus_pr,continuous,2048,2,0.4138429220765829,ok
long-sparse,vus_pr,continuous,2048,3,0.4128598822280764,ok
long-sparse,vus_pr,continuous,2048,4,0.4132648780941963,ok
long-sparse,vus_pr,continuous,4096,0,0.4218190284445882,ok
long-sparse,vus_pr,continuous,4096,1,0.4197790725156665,ok
long-sparse,vus_pr,continuous,4096,2,0.4209897201508283,ok
long-sparse,vus_pr,continuous,4096,3,0.4192684926092624,ok
long-sparse,vus_pr,continuous,4096,4,0.4206147640943527,ok
long-sparse,vus_pr,continuous,8192,0,0.4462352292612195,ok
long-sparse,vus_pr,continuous,8192,1,0.4434458576142788,ok
long-sparse,vus_pr,continuous,8192,2,0.4399133799597621,ok
long-sparse,vus_pr,continuous,8192,3,0.4387059500440955,ok
long-sparse,vus_pr,continuous,8192,4,0.4411194659769535,ok
long-sparse,vus_pr,continuous,16384,0,0.4834916153922677,ok
long-sparse,vus_pr,continuous,16384,1,0.4788270909339189,ok
long-sparse,vus_pr,continuous,16384,2,0.4728092029690742,ok
long-sparse,vus_pr,continuous,16384,3,0.4731294056400656,ok
long-sparse,vus_pr,continuous,16384,4,0.4724935013800859,ok
long-sparse,vus_pr,continuous,32768,0,0.5479561788961291,ok
long-sparse,vus_pr,continuous,32768,1,0.5475890282541513,ok
long-sparse,vus_pr,continuous,32768,2,0.5476371077820659,ok
long-sparse,vus_pr,continuous,32768,3,0.5494071822613478,ok
long-sparse,vus_pr,continuous,32768,4,0.5484697073698044,ok
long-sparse,vus_pr,continuous,65536,0,0.6944838408380747,ok
long-sparse,vus_pr,continuous,65536,1,0.6937716724351048,ok
long-sparse,vus_pr,continuous,65536,2,0.6922308448702097,ok
long-sparse,vus_pr,continuous,65536,3,0.6955321598798037,ok
long-sparse,vus_pr,continuous,65536,4,0.6944934567436576,ok
long-sparse,vus_pr,continuous,131072,0,1.2035484304651618,ok
long-sparse,vus_pr,continuous,131072,1,1.2032581521198151,ok
long-sparse,vus_pr,continuous,131072,2,1.2009557271376252,ok
long-sparse,vus_pr,continuous,131072,3,1.207528387196362,ok
long-sparse,vus_pr,continuous,131072,4,1.2040654951706529,ok
long-sparse,vus_pr,continuous,262144,0,1.9406695561483505,ok
long-sparse,vus_pr,continuous,262144,1,1.9375721486285329,ok
long-sparse,vus_pr,continuous,262144,2,1.9387602778151631,ok
long-sparse,vus_pr,continuous,262144,3,1.937531461939216,ok
long-sparse,vus_pr,continuous,262144,4,1.937520713545382,ok
long-sparse,vus_pr,continuous,524288,0,3.485127222724259,ok
long-sparse,vus_pr,continuous,524288,1,3.482346937060356,ok
long-sparse,vus_pr,continuous,524288,2,3.486357009969652,ok
long-sparse,vus_pr,continuous,524288,3,3.482896327972412,ok
long-sparse,vus_pr,continuous,524288,4,3.483262475579977,ok
long-sparse,vus_pr,continuous,1048576,0,6.48357496317476,ok
long-sparse,vus_pr,continuous,1048576,1,6.479825702495873,ok
long-sparse,vus_pr,continuous,1048576,2,6.463371387682855,ok
long-sparse,vus_pr,continuous,1048576,3,6.462668025866151,ok
long-sparse,vus_pr,continuous,1048576,4,6.463475359603763,ok
long-sparse,vus_roc,continuous,256,0,0.3725394262000918,ok
long-sparse,vus_roc,continuous,256,1,0.3719440344721079,ok
long-sparse,vus_roc,continuous,256,2,0.3709914162755012,ok
long-sparse,vus_roc,continuous,256,3,0.3713387371972203,ok
long-sparse,vus_roc,continuous,256,4,0.3705704156309366,ok
long-sparse,vus_roc,continuous,512,0,0.4040354741737246,ok
long-sparse,vus_roc,continuous,512,1,0.4060681685805321,ok
long-sparse,vus_roc,continuous,512,2,0.4052741173654794,ok
long-sparse,vus_roc,continuous,512,3,0.4054062226787209,ok
long-sparse,vus_roc,continuous,512,4,0.4051652243360877,ok
long-sparse,vus_roc,continuous,1024,0,0.410729574970901,ok
long-sparse,vus_roc,continuous,1024,1,0.4095159703865647,ok
long-sparse,vus_roc,continuous,1024,2,0.409934526309371,ok
long-sparse,vus_roc,continuous,1024,3,0.412907475605607,ok
long-sparse,vus_roc,continuous,1024,4,0.4098325660452246,ok
long-sparse,vus_roc,continuous,2048,0,0.4152066856622696,ok
long-sparse,vus_roc,continuous,2048,1,0.4153310963883996,ok
long-sparse,vus_roc,continuous,2048,2,0.4132029050961137,ok
long-sparse,vus_roc,continuous,2048,3,0.4140929589048028,ok
long-sparse,vus_roc,continuous,2048,4,0.4139524763450026,ok
long-sparse,vus_roc,continuous,4096,0,0.422378265298903,ok
long-sparse,vus_roc,continuous,4096,1,0.4196714516729116,ok
long-sparse,vus_roc,continuous,4096,2,0.4223554264754057,ok
long-sparse,vus_roc,continuous,4096,3,0.4210293339565396,ok
long-sparse,vus_roc,continuous,4096,4,0.4197075655683875,ok
long-sparse,vus_roc,continuous,8192,0,0.4402136402204633,ok
long-sparse,vus_roc,continuous,8192,1,0.4416235433891415,ok
long-sparse,vus_roc,continuous,8192,2,0.4440373191609978,ok
long-sparse,vus_roc,continuous,8192,3,0.442085170187056,ok
long-sparse,vus_roc,continuous,8192,4,0.4429250303655863,ok
long-sparse,vus_roc,continuous,16384,0,0.4742494076490402,ok
long-sparse,vus_roc,continuous,16384,1,0.4751698402687907,ok
long-sparse,vus_roc,continuous,16384,2,0.471904369071126,ok
long-sparse,vus_roc,continuous,16384,3,0.471739087253809,ok
long-sparse,vus_roc,continuous,16384,4,0.4771226737648248,ok
long-sparse,vus_roc,continuous,32768,0,0.5506972139701247,ok
long-sparse,vus_roc,continuous,32768,1,0.5504221254959702,ok
long-sparse,vus_roc,continuous,32768,2,0.5487782629206777,ok
long-sparse,vus_roc,continuous,32768,3,0.5502816764637828,ok
long-sparse,vus_roc,continuous,32768,4,0.5484316227957606,ok
long-sparse,vus_roc,continuous,65536,0,0.6949956519529223,ok
long-sparse,vus_roc,continuous,65536,1,0.6958590801805258,ok
long-sparse,vus_roc,continuous,65536,2,0.6939897174015641,ok
long-sparse,vus_roc,continuous,65536,3,0.695483704097569,ok
long-sparse,vus_roc,continuous,65536,4,0.6958906715735793,ok
long-sparse,vus_roc,continuous,131072,0,1.2065147180110216,ok
long-sparse,vus_roc,continuous,131072,1,1.2064612843096256,ok
long-sparse,vus_roc,continuous,131072,2,1.2083734832704067,ok
long-sparse,vus_roc,continuous,131072,3,1.2089101038873196,ok
long-sparse,vus_roc,continuous,131072,4,1.2058565402403474,ok
long-sparse,vus_roc,continuous,262144,0,1.9411710929125547,ok
long-sparse,vus_roc,continuous,262144,1,1.939116379246116,ok
long-sparse,vus_roc,continuous,262144,2,1.9398583956062796,ok
long-sparse,vus_roc,continuous,262144,3,1.9401844730600717,ok
long-sparse,vus_roc,continuous,262144,4,1.939032902941108,ok
long-sparse,vus_roc,continuous,524288,0,3.4803894301876426,ok
long-sparse,vus_roc,continuous,524288,1,3.479527799412608,ok
long-sparse,vus_roc,continuous,524288,2,3.4813200077041984,ok
long-sparse,vus_roc,continuous,524288,3,3.4798113834112883,ok
long-sparse,vus_roc,continuous,524288,4,3.483725419268012,ok
long-sparse,vus_roc,continuous,1048576,0,6.475761281326413,ok
long-sparse,vus_roc,continuous,1048576,1,6.473241489380598,ok
long-sparse,vus_roc,continuous,1048576,2,6.481377216055989,ok
long-sparse,vus_roc,continuous,1048576,3,6.472804742865264,ok
long-sparse,vus_roc,continuous,1048576,4,6.476994450204074,ok
long-sparse,wdd,binary,256,0,0.0027121203020215,ok
long-sparse,wdd,binary,256,1,0.0026446050032973,ok
long-sparse,wdd,binary,256,2,0.0026615979149937,ok
long-sparse,wdd,binary,256,3,0.0026729078963398,ok
long-sparse,wdd,binary,256,4,0.0026423223316669,ok
long-sparse,wdd,binary,512,0,0.0047404123470187,ok
long-sparse,wdd,binary,512,1,0.0047232806682586,ok
long-sparse,wdd,binary,512,2,0.004667186178267,ok
long-sparse,wdd,binary,512,3,0.0046519841998815,ok
long-sparse,wdd,binary,512,4,0.0047072600573301,ok
long-sparse,wdd,binary,1024,0,0.0086631774902343,ok
long-sparse,wdd,binary,1024,1,0.0088243270292878,ok
long-sparse,wdd,binary,1024,2,0.0087348129600286,ok
long-sparse,wdd,binary,1024,3,0.0085875270888209,ok
long-sparse,wdd,binary,1024,4,0.0086194016039371,ok
long-sparse,wdd,binary,2048,0,0.0165598876774311,ok
long-sparse,wdd,binary,2048,1,0.0167359123006463,ok
long-sparse,wdd,binary,2048,2,0.0168215436860919,ok
long-sparse,wdd,binary,2048,3,0.0167552307248115,ok
long-sparse,wdd,binary,2048,4,0.0168330837041139,ok
long-sparse,wdd,binary,4096,0,0.032562649808824,ok
long-sparse,wdd,binary,4096,1,0.0328880008310079,ok
long-sparse,wdd,binary,4096,2,0.0328146591782569,ok
long-sparse,wdd,binary,4096,3,0.0330757135525345,ok
long-sparse,wdd,binary,4096,4,0.0329864220693707,ok
long-sparse,wdd,binary,8192,0,0.0650529768317937,ok
long-sparse,wdd,binary,8192,1,0.0658833505585789,ok
long-sparse,wdd,binary,8192,2,0.0647082570940256,ok
long-sparse,wdd,binary,8192,3,0.0650700498372316,ok
long-sparse,wdd,binary,8192,4,0.0651365127414465,ok
long-sparse,wdd,binary,16384,0,0.1289345109835267,ok
long-sparse,wdd,binary,16384,1,0.1290054293349385,ok
long-sparse,wdd,binary,16384,2,0.1317119169980287,ok
long-sparse,wdd,binary,16384,3,0.1315585998818278,ok
long-sparse,wdd,binary,16384,4,0.1322935931384563,ok
long-sparse,wdd,binary,32768,0,0.2609767680987715,ok
long-sparse,wdd,binary,32768,1,0.2617861069738865,ok
long-sparse,wdd,binary,32768,2,0.2641308885067701,ok
long-sparse,wdd,binary,32768,3,0.264003898948431,ok
long-sparse,wdd,binary,32768,4,0.2637118762359023,ok
long-sparse,wdd,binary,65536,0,0.5219736909493804,ok
long-sparse,wdd,binary,65536,1,0.5184769686311483,ok
long-sparse,wdd,binary,65536,2,0.519304116256535,ok
long-sparse,wdd,binary,65536,3,0.5187445506453514,ok
long-sparse,wdd,binary,65536,4,0.5100092692300677,ok
long-sparse,wdd,binary,131072,0,1.0395455351099372,ok
long-sparse,wdd,binary,131072,1,1.036545100621879,ok
long-sparse,wdd,binary,131072,2,1.0475031724199653,ok
long-sparse,wdd,binary,131072,3,1.0543141141533852,ok
long-sparse,wdd,binary,131072,4,1.0395915312692523,ok
long-sparse,wdd,binary,262144,0,2.063820545561612,ok
long-sparse,wdd,binary,262144,1,2.091701661236584,ok
long-sparse,wdd,binary,262144,2,2.1361461207270622,ok
long-sparse,wdd,binary,262144,3,2.081719576381147,ok
long-sparse,wdd,binary,262144,4,2.089771312661469,ok
long-sparse,wdd,binary,524288,0,4.150367401540279,ok
long-sparse,wdd,binary,524288,1,4.137208446860313,ok
long-sparse,wdd,binary,524288,2,4.141585745848715,ok
long-sparse,wdd,binary,524288,3,4.142052644863725,ok
long-sparse,wdd,binary,524288,4,4.13042978849262,ok
long-sparse,wdd,binary,1048576,0,8.32688714377582,ok
long-sparse,wdd,binary,1048576,1,8.365207743830979,ok
long-sparse,wdd,binary,1048576,2,8.39014335628599,ok
long-sparse,wdd,binary,1048576,3,8.390912657603621,ok
long-sparse,wdd,binary,1048576,4,8.357663739472628,ok
mixed-density,adc,binary,256,0,0.0005966424942016,ok
mixed-density,adc,binary,256,1,0.0004731323570013,ok
mixed-density,adc,binary,256,2,0.000464305281639,ok
mixed-density,adc,binary,256,3,0.0004634736105799,ok
mixed-density,adc,binary,256,4,0.0004672287032008,ok
mixed-density,adc,binary,512,0,0.0005042562261223,ok
mixed-density,adc,binary,512,1,0.0004809824749827,ok
mixed-density,adc,binary,512,2,0.0004802448675036,ok
mixed-density,adc,binary,512,3,0.0004820534959435,ok
mixed-density,adc,binary,512,4,0.0004898170009255,ok
mixed-density,adc,binary,1024,0,0.0005187699571251,ok
mixed-density,adc,binary,1024,1,0.0005007507279515,ok
mixed-density,adc,binary,1024,2,0.0004971427842974,ok
mixed-density,adc,binary,1024,3,0.0005496311932802,ok
mixed-density,adc,binary,1024,4,0.0005438737571239,ok
mixed-density,adc,binary,2048,0,0.0005749082192778,ok
mixed-density,adc,binary,2048,1,0.0005359817296266,ok
mixed-density,adc,binary,2048,2,0.0005960408598184,ok
mixed-density,adc,binary,2048,3,0.0005294801667332,ok
mixed-density,adc,binary,2048,4,0.0005286643281579,ok
mixed-density,adc,binary,4096,0,0.0006350073963403,ok
mixed-density,adc,binary,4096,1,0.0005837082862854,ok
mixed-density,adc,binary,4096,2,0.0006214398890733,ok
mixed-density,adc,binary,4096,3,0.0006017740815877,ok
mixed-density,adc,binary,4096,4,0.000586062669754,ok
mixed-density,adc,binary,8192,0,0.0007620984688401,ok
mixed-density,adc,binary,8192,1,0.0007127774879336,ok
mixed-density,adc,binary,8192,2,0.0007062498480081,ok
mixed-density,adc,binary,8192,3,0.000694528222084,ok
mixed-density,adc,binary,8192,4,0.0006910283118486,ok
mixed-density,adc,binary,16384,0,0.0009724786505103,ok
mixed-density,adc,binary,16384,1,0.0009037898853421,ok
mixed-density,adc,binary,16384,2,0.0009053898975253,ok
mixed-density,adc,binary,16384,3,0.0009238542988896,ok
mixed-density,adc,binary,16384,4,0.0009529525414109,ok
mixed-density,adc,binary,32768,0,0.0014293761923909,ok
mixed-density,adc,binary,32768,1,0.0013285260647535,ok
mixed-density,adc,binary,32768,2,0.001346874050796,ok
mixed-density,adc,binary,32768,3,0.0013678641989827,ok
mixed-density,adc,binary,32768,4,0.0013273963704705,ok
mixed-density,adc,binary,65536,0,0.0022384477779269,ok
mixed-density,adc,binary,65536,1,0.0021331161260604,ok
mixed-density,adc,binary,65536,2,0.002165880985558,ok
mixed-density,adc,binary,65536,3,0.0021011428907513,ok
mixed-density,adc,binary,65536,4,0.0021083699539303,ok
mixed-density,adc,binary,131072,0,0.0047228997573256,ok
mixed-density,adc,binary,131072,1,0.0046474356204271,ok
mixed-density,adc,binary,131072,2,0.0046377684921026,ok
mixed-density,adc,binary,131072,3,0.0046297637745738,ok
mixed-density,adc,binary,131072,4,0.004684118553996,ok
mixed-density,adc,binary,262144,0,0.0087976744398474,ok
mixed-density,adc,binary,262144,1,0.0087176254019141,ok
mixed-density,adc,binary,262144,2,0.008776725269854,ok
mixed-density,adc,binary,262144,3,0.0087107820436358,ok
mixed-density,adc,binary,262144,4,0.0086824866011738,ok
mixed-density,adc,binary,524288,0,0.0172802237793803,ok
mixed-density,adc,binary,524288,1,0.0174444681033492,ok
mixed-density,adc,binary,524288,2,0.017197941429913,ok
mixed-density,adc,binary,524288,3,0.0172030460089445,ok
mixed-density,adc,binary,524288,4,0.0171862058341503,ok
mixed-density,adc,binary,1048576,0,0.0343050267547369,ok
mixed-density,adc,binary,1048576,1,0.0342964977025985,ok
mixed-density,adc,binary,1048576,2,0.0346658769994974,ok
mixed-density,adc,binary,1048576,3,0.0347665976732969,ok
mixed-density,adc,binary,1048576,4,0.0347266364842653,ok
mixed-density,add,binary,256,0,0.0006148852407932,ok
mixed-density,add,binary,256,1,0.0004981495440006,ok
mixed-density,add,binary,256,2,0.0004691518843173,ok
mixed-density,add,binary,256,3,0.0004659201949834,ok
mixed-density,add,binary,256,4,0.0004709409549832,ok
mixed-density,add,binary,512,0,0.0005327677354216,ok
mixed-density,add,binary,512,1,0.0004947446286678,ok
mixed-density,add,binary,512,2,0.0005026739090681,ok
mixed-density,add,binary,512,3,0.000498411245644,ok
mixed-density,add,binary,512,4,0.0004950407892465,ok
mixed-density,add,binary,1024,0,0.000597869977355,ok
mixed-density,add,binary,1024,1,0.0005724020302295,ok
mixed-density,add,binary,1024,2,0.0005702879279851,ok
mixed-density,add,binary,1024,3,0.000552387908101,ok
mixed-density,add,binary,1024,4,0.0005560582503676,ok
mixed-density,add,binary,2048,0,0.000688549131155,ok
mixed-density,add,binary,2048,1,0.0006378125399351,ok
mixed-density,add,binary,2048,2,0.0006456160917878,ok
mixed-density,add,binary,2048,3,0.0006516007706522,ok
mixed-density,add,binary,2048,4,0.0006385724991559,ok
mixed-density,add,binary,4096,0,0.0009028194472193,ok
mixed-density,add,binary,4096,1,0.0008424371480941,ok
mixed-density,add,binary,4096,2,0.0008727591484785,ok
mixed-density,add,binary,4096,3,0.0008665015920996,ok
mixed-density,add,binary,4096,4,0.0008389977738261,ok
mixed-density,add,binary,8192,0,0.0013653626665472,ok
mixed-density,add,binary,8192,1,0.0012094285339117,ok
mixed-density,add,binary,8192,2,0.0012044087052345,ok
mixed-density,add,binary,8192,3,0.0012599350884556,ok
mixed-density,add,binary,8192,4,0.0012047262862324,ok
mixed-density,add,binary,16384,0,0.0020795371383428,ok
mixed-density,add,binary,16384,1,0.0020201401785016,ok
mixed-density,add,binary,16384,2,0.0019627707079052,ok
mixed-density,add,binary,16384,3,0.0020431289449334,ok
mixed-density,add,binary,16384,4,0.0019718529656529,ok
mixed-density,add,binary,32768,0,0.0036891382187604,ok
mixed-density,add,binary,32768,1,0.0034582167863845,ok
mixed-density,add,binary,32768,2,0.0034376448020339,ok
mixed-density,add,binary,32768,3,0.003375275991857,ok
mixed-density,add,binary,32768,4,0.0034117782488465,ok
mixed-density,add,binary,65536,0,0.0068040471524,ok
mixed-density,add,binary,65536,1,0.0063436329364776,ok
mixed-density,add,binary,65536,2,0.0063850609585642,ok
mixed-density,add,binary,65536,3,0.006319954060018,ok
mixed-density,add,binary,65536,4,0.0063207913190126,ok
mixed-density,add,binary,131072,0,0.0137278018519282,ok
mixed-density,add,binary,131072,1,0.0128612741827964,ok
mixed-density,add,binary,131072,2,0.0129103157669305,ok
mixed-density,add,binary,131072,3,0.0129836117848753,ok
mixed-density,add,binary,131072,4,0.0128742912784218,ok
mixed-density,add,binary,262144,0,0.0266377767547965,ok
mixed-density,add,binary,262144,1,0.0252075921744108,ok
mixed-density,add,binary,262144,2,0.0251067718490958,ok
mixed-density,add,binary,262144,3,0.0250706244260072,ok
mixed-density,add,binary,262144,4,0.0252094455063343,ok
mixed-density,add,binary,524288,0,0.0531695876270532,ok
mixed-density,add,binary,524288,1,0.0503212418407201,ok
mixed-density,add,binary,524288,2,0.0506868595257401,ok
mixed-density,add,binary,524288,3,0.0506217079237103,ok
mixed-density,add,binary,524288,4,0.0507717682048678,ok
mixed-density,add,binary,1048576,0,0.1007213396951556,ok
mixed-density,add,binary,1048576,1,0.0999904554337263,ok
mixed-density,add,binary,1048576,2,0.0997568592429161,ok
mixed-density,add,binary,1048576,3,0.0999510893598198,ok
mixed-density,add,binary,1048576,4,0.1002353187650442,ok
mixed-density,aff_f,binary,256,0,0.0007062051445245,ok
mixed-density,aff_f,binary,256,1,0.0006036413833498,ok
mixed-density,aff_f,binary,256,2,0.0005933130159974,ok
mixed-density,aff_f,binary,256,3,0.0005885129794478,ok
mixed-density,aff_f,binary,256,4,0.0005866363644599,ok
mixed-density,aff_f,binary,512,0,0.000729682855308,ok
mixed-density,aff_f,binary,512,1,0.0007075862959027,ok
mixed-density,aff_f,binary,512,2,0.0007026810199022,ok
mixed-density,aff_f,binary,512,3,0.0009139124304056,ok
mixed-density,aff_f,binary,512,4,0.0008301697671413,ok
mixed-density,aff_f,binary,1024,0,0.0010847793892025,ok
mixed-density,aff_f,binary,1024,1,0.0011044768616557,ok
mixed-density,aff_f,binary,1024,2,0.0010895384475588,ok
mixed-density,aff_f,binary,1024,3,0.00109095685184,ok
mixed-density,aff_f,binary,1024,4,0.0010864129289984,ok
mixed-density,aff_f,binary,2048,0,0.0015679532662034,ok
mixed-density,aff_f,binary,2048,1,0.0015831850469112,ok
mixed-density,aff_f,binary,2048,2,0.0015533184632658,ok
mixed-density,aff_f,binary,2048,3,0.0013135997578501,ok
mixed-density,aff_f,binary,2048,4,0.0013121487572789,ok
mixed-density,aff_f,binary,4096,0,0.0028260126709938,ok
mixed-density,aff_f,binary,4096,1,0.0028256261721253,ok
mixed-density,aff_f,binary,4096,2,0.0028464812785387,ok
mixed-density,aff_f,binary,4096,3,0.0027711819857358,ok
mixed-density,aff_f,binary,4096,4,0.0028452342376112,ok
mixed-density,aff_f,binary,8192,0,0.0066345781087875,ok
mixed-density,aff_f,binary,8192,1,0.0066087208688259,ok
mixed-density,aff_f,binary,8192,2,0.0065529057756066,ok
mixed-density,aff_f,binary,8192,3,0.0065259533002972,ok
mixed-density,aff_f,binary,8192,4,0.006569798104465,ok
mixed-density,aff_f,binary,16384,0,0.0210238527506589,ok
mixed-density,aff_f,binary,16384,1,0.0211284114047884,ok
mixed-density,aff_f,binary,16384,2,0.0211374415084719,ok
mixed-density,aff_f,binary,16384,3,0.0210316572338342,ok
mixed-density,aff_f,binary,16384,4,0.0211864970624446,ok
mixed-density,aff_f,binary,32768,0,0.0813495945185422,ok
mixed-density,aff_f,binary,32768,1,0.0808228217065334,ok
mixed-density,aff_f,binary,32768,2,0.0812170207500457,ok
mixed-density,aff_f,binary,32768,3,0.0808339146897196,ok
mixed-density,aff_f,binary,32768,4,0.0813062079250812,ok
mixed-density,aff_f,binary,65536,0,0.3030276801437139,ok
mixed-density,aff_f,binary,65536,1,0.2968874284997582,ok
mixed-density,aff_f,binary,65536,2,0.2991229342296719,ok
mixed-density,aff_f,binary,65536,3,0.2980945901945233,ok
mixed-density,aff_f,binary,65536,4,0.3023771131411195,ok
mixed-density,aff_f,binary,131072,0,1.1631957422941923,ok
mixed-density,aff_f,binary,131072,1,1.154759457334876,ok
mixed-density,aff_f,binary,131072,2,1.1595387551933527,ok
mixed-density,aff_f,binary,131072,3,1.1615026267245412,ok
mixed-density,aff_f,binary,131072,4,1.1532416576519608,ok
mixed-density,aff_f,binary,262144,0,4.615032544359565,ok
mixed-density,aff_f,binary,262144,1,4.547952824272215,ok
mixed-density,aff_f,binary,262144,2,4.5838642148301005,ok
mixed-density,aff_f,binary,262144,3,4.5424475921317935,ok
mixed-density,aff_f,binary,262144,4,4.582009878009558,ok
mixed-density,aff_f,binary,524288,0,17.57491244468838,ok
mixed-density,aff_f,binary,524288,1,17.740708163008094,ok
mixed-density,aff_f,binary,524288,2,17.650013933889568,ok
mixed-density,aff_f,binary,524288,3,17.626605126075447,ok
mixed-density,aff_f,binary,524288,4,17.77784998714924,ok
mixed-density,aff_f,binary,1048576,0,71.53136568237096,ok
mixed-density,aff_f,binary,1048576,1,71.83915140386671,ok
mixed-density,aff_f,binary,1048576,2,71.77529158443213,ok
mixed-density,aff_f,binary,1048576,3,71.88346620462835,ok
mixed-density,aff_f,binary,1048576,4,71.62129033636302,ok
mixed-density,bpaf,binary,256,0,0.0005846992135047,ok
mixed-density,bpaf,binary,256,1,0.0005126455798745,ok
mixed-density,bpaf,binary,256,2,0.0005466481670737,ok
mixed-density,bpaf,binary,256,3,0.0004872232675552,ok
mixed-density,bpaf,binary,256,4,0.0004915902391076,ok
mixed-density,bpaf,binary,512,0,0.0005609076470136,ok
mixed-density,bpaf,binary,512,1,0.000537022948265,ok
mixed-density,bpaf,binary,512,2,0.0005360404029488,ok
mixed-density,bpaf,binary,512,3,0.0005386723205447,ok
mixed-density,bpaf,binary,512,4,0.0005353763699531,ok
mixed-density,bpaf,binary,1024,0,0.0006188778206706,ok
mixed-density,bpaf,binary,1024,1,0.0006603589281439,ok
mixed-density,bpaf,binary,1024,2,0.000642767176032,ok
mixed-density,bpaf,binary,1024,3,0.0005935532972216,ok
mixed-density,bpaf,binary,1024,4,0.0006264653056859,ok
mixed-density,bpaf,binary,2048,0,0.000731156207621,ok
mixed-density,bpaf,binary,2048,1,0.0007028318941593,ok
mixed-density,bpaf,binary,2048,2,0.0007486185058951,ok
mixed-density,bpaf,binary,2048,3,0.0007251286879181,ok
mixed-density,bpaf,binary,2048,4,0.0007352707907557,ok
mixed-density,bpaf,binary,4096,0,0.0009054960682988,ok
mixed-density,bpaf,binary,4096,1,0.0008857762441039,ok
mixed-density,bpaf,binary,4096,2,0.0008927667513489,ok
mixed-density,bpaf,binary,4096,3,0.0009266305714845,ok
mixed-density,bpaf,binary,4096,4,0.000922966748476,ok
mixed-density,bpaf,binary,8192,0,0.0012260703369975,ok
mixed-density,bpaf,binary,8192,1,0.0012053539976477,ok
mixed-density,bpaf,binary,8192,2,0.0012131193652749,ok
mixed-density,bpaf,binary,8192,3,0.0012015923857688,ok
mixed-density,bpaf,binary,8192,4,0.0011941269040107,ok
mixed-density,bpaf,binary,16384,0,0.0019981283694505,ok
mixed-density,bpaf,binary,16384,1,0.0019197994843125,ok
mixed-density,bpaf,binary,16384,2,0.001908728852868,ok
mixed-density,bpaf,binary,16384,3,0.001964627765119,ok
mixed-density,bpaf,binary,16384,4,0.0019842889159917,ok
mixed-density,bpaf,binary,32768,0,0.0034681977704167,ok
mixed-density,bpaf,binary,32768,1,0.003462697379291,ok
mixed-density,bpaf,binary,32768,2,0.0034115286543965,ok
mixed-density,bpaf,binary,32768,3,0.0034859217703342,ok
mixed-density,bpaf,binary,32768,4,0.0034030508249998,ok
mixed-density,bpaf,binary,65536,0,0.0062764519825577,ok
mixed-density,bpaf,binary,65536,1,0.0062034111469984,ok
mixed-density,bpaf,binary,65536,2,0.0062563335523009,ok
mixed-density,bpaf,binary,65536,3,0.0062809567898511,ok
mixed-density,bpaf,binary,65536,4,0.0063196830451488,ok
mixed-density,bpaf,binary,131072,0,0.0126952286809682,ok
mixed-density,bpaf,binary,131072,1,0.0125922672450542,ok
mixed-density,bpaf,binary,131072,2,0.0125273671001195,ok
mixed-density,bpaf,binary,131072,3,0.0124880848452448,ok
mixed-density,bpaf,binary,131072,4,0.0127263059839606,ok
mixed-density,bpaf,binary,262144,0,0.0247845705598592,ok
mixed-density,bpaf,binary,262144,1,0.0246048374101519,ok
mixed-density,bpaf,binary,262144,2,0.0244735237210989,ok
mixed-density,bpaf,binary,262144,3,0.0247102696448564,ok
mixed-density,bpaf,binary,262144,4,0.0245727384462952,ok
mixed-density,bpaf,binary,524288,0,0.0485946936532855,ok
mixed-density,bpaf,binary,524288,1,0.0494222166016697,ok
mixed-density,bpaf,binary,524288,2,0.0493991691619157,ok
mixed-density,bpaf,binary,524288,3,0.0493624126538634,ok
mixed-density,bpaf,binary,524288,4,0.0488280039280653,ok
mixed-density,bpaf,binary,1048576,0,0.0980675108730793,ok
mixed-density,bpaf,binary,1048576,1,0.0984614491462707,ok
mixed-density,bpaf,binary,1048576,2,0.0989410709589719,ok
mixed-density,bpaf,binary,1048576,3,0.0984800858423113,ok
mixed-density,bpaf,binary,1048576,4,0.0984027432277798,ok
mixed-density,cf,binary,256,0,0.0006039617583155,ok
mixed-density,cf,binary,256,1,0.0005188845098018,ok
mixed-density,cf,binary,256,2,0.0005199490115046,ok
mixed-density,cf,binary,256,3,0.0005123354494571,ok
mixed-density,cf,binary,256,4,0.0005171587690711,ok
mixed-density,cf,binary,512,0,0.0006115334108471,ok
mixed-density,cf,binary,512,1,0.0006339522078633,ok
mixed-density,cf,binary,512,2,0.0006490387022495,ok
mixed-density,cf,binary,512,3,0.0006514294072985,ok
mixed-density,cf,binary,512,4,0.0006337622180581,ok
mixed-density,cf,binary,1024,0,0.0008053602650761,ok
mixed-density,cf,binary,1024,1,0.0008259462192654,ok
mixed-density,cf,binary,1024,2,0.0008637215942144,ok
mixed-density,cf,binary,1024,3,0.0008234707638621,ok
mixed-density,cf,binary,1024,4,0.0008236356079578,ok
mixed-density,cf,binary,2048,0,0.0012193899601697,ok
mixed-density,cf,binary,2048,1,0.0012158034369349,ok
mixed-density,cf,binary,2048,2,0.0012202011421322,ok
mixed-density,cf,binary,2048,3,0.0012204013764858,ok
mixed-density,cf,binary,2048,4,0.0012191273272037,ok
mixed-density,cf,binary,4096,0,0.0019658375531435,ok
mixed-density,cf,binary,4096,1,0.0019863555207848,ok
mixed-density,cf,binary,4096,2,0.0019890246912837,ok
mixed-density,cf,binary,4096,3,0.001978175714612,ok
mixed-density,cf,binary,4096,4,0.0019865809008479,ok
mixed-density,cf,binary,8192,0,0.0035357121378183,ok
mixed-density,cf,binary,8192,1,0.0036286870017647,ok
mixed-density,cf,binary,8192,2,0.0035353517159819,ok
mixed-density,cf,binary,8192,3,0.0035440996289253,ok
mixed-density,cf,binary,8192,4,0.003531701862812,ok
mixed-density,cf,binary,16384,0,0.0068762991577386,ok
mixed-density,cf,binary,16384,1,0.0065690083429217,ok
mixed-density,cf,binary,16384,2,0.0066025201231241,ok
mixed-density,cf,binary,16384,3,0.0068231532350182,ok
mixed-density,cf,binary,16384,4,0.0065875565633177,ok
mixed-density,cf,binary,32768,0,0.0130048254504799,ok
mixed-density,cf,binary,32768,1,0.0127222118899226,ok
mixed-density,cf,binary,32768,2,0.0127372508868575,ok
mixed-density,cf,binary,32768,3,0.0127455219626426,ok
mixed-density,cf,binary,32768,4,0.0127351153641939,ok
mixed-density,cf,binary,65536,0,0.025872441008687,ok
mixed-density,cf,binary,65536,1,0.0248836949467659,ok
mixed-density,cf,binary,65536,2,0.024907998740673,ok
mixed-density,cf,binary,65536,3,0.0250352090224623,ok
mixed-density,cf,binary,65536,4,0.0249279523268342,ok
mixed-density,cf,binary,131072,0,0.0483289156109094,ok
mixed-density,cf,binary,131072,1,0.0401039728894829,ok
mixed-density,cf,binary,131072,2,0.0402269680052995,ok
mixed-density,cf,binary,131072,3,0.0404496723785996,ok
mixed-density,cf,binary,131072,4,0.0402611261233687,ok
mixed-density,cf,binary,262144,0,0.0829582111909985,ok
mixed-density,cf,binary,262144,1,0.0796587280929088,ok
mixed-density,cf,binary,262144,2,0.0797335840761661,ok
mixed-density,cf,binary,262144,3,0.0797083498910069,ok
mixed-density,cf,binary,262144,4,0.0796892745420336,ok
mixed-density,cf,binary,524288,0,0.1653744718059897,ok
mixed-density,cf,binary,524288,1,0.1589364139363169,ok
mixed-density,cf,binary,524288,2,0.1613967008888721,ok
mixed-density,cf,binary,524288,3,0.160124528221786,ok
mixed-density,cf,binary,524288,4,0.1589264357462525,ok
mixed-density,cf,binary,1048576,0,0.325120223686099,ok
mixed-density,cf,binary,1048576,1,0.3204283211380243,ok
mixed-density,cf,binary,1048576,2,0.3205068111419678,ok
mixed-density,cf,binary,1048576,3,0.3204291351139545,ok
mixed-density,cf,binary,1048576,4,0.3206016598269343,ok
mixed-density,dair,binary,256,0,0.0005164025351405,ok
mixed-density,dair,binary,256,1,0.0003973953425884,ok
mixed-density,dair,binary,256,2,0.0003888411447405,ok
mixed-density,dair,binary,256,3,0.000388222746551,ok
mixed-density,dair,binary,256,4,0.0003888793289661,ok
mixed-density,dair,binary,512,0,0.0004760418087244,ok
mixed-density,dair,binary,512,1,0.0004428122192621,ok
mixed-density,dair,binary,512,2,0.0004599569365382,ok
mixed-density,dair,binary,512,3,0.0004627639427781,ok
mixed-density,dair,binary,512,4,0.0004427032545208,ok
mixed-density,dair,binary,1024,0,0.0005519911646842,ok
mixed-density,dair,binary,1024,1,0.0004738615825772,ok
mixed-density,dair,binary,1024,2,0.0004735402762889,ok
mixed-density,dair,binary,1024,3,0.0004683984443545,ok
mixed-density,dair,binary,1024,4,0.0004713479429483,ok
mixed-density,dair,binary,2048,0,0.0006492240354418,ok
mixed-density,dair,binary,2048,1,0.0006860587745904,ok
mixed-density,dair,binary,2048,2,0.0006303237751126,ok
mixed-density,dair,binary,2048,3,0.0006436230614781,ok
mixed-density,dair,binary,2048,4,0.0006228210404515,ok
mixed-density,dair,binary,4096,0,0.0008655153214931,ok
mixed-density,dair,binary,4096,1,0.000843065790832,ok
mixed-density,dair,binary,4096,2,0.0008189966902136,ok
mixed-density,dair,binary,4096,3,0.0008203433826565,ok
mixed-density,dair,binary,4096,4,0.0008161356672644,ok
mixed-density,dair,binary,8192,0,0.0014313291758298,ok
mixed-density,dair,binary,8192,1,0.00140508916229,ok
mixed-density,dair,binary,8192,2,0.0014065653085708,ok
mixed-density,dair,binary,8192,3,0.0014569666236639,ok
mixed-density,dair,binary,8192,4,0.0014190906658768,ok
mixed-density,dair,binary,16384,0,0.0020802225917577,ok
mixed-density,dair,binary,16384,1,0.0020362678915262,ok
mixed-density,dair,binary,16384,2,0.002083227969706,ok
mixed-density,dair,binary,16384,3,0.0021070577204227,ok
mixed-density,dair,binary,16384,4,0.0020364755764603,ok
mixed-density,dair,binary,32768,0,0.0041462564840912,ok
mixed-density,dair,binary,32768,1,0.0040085483342409,ok
mixed-density,dair,binary,32768,2,0.0040491111576557,ok
mixed-density,dair,binary,32768,3,0.0040255580097436,ok
mixed-density,dair,binary,32768,4,0.0040554739534854,ok
mixed-density,dair,binary,65536,0,0.0077730054035782,ok
mixed-density,dair,binary,65536,1,0.0077069783583283,ok
mixed-density,dair,binary,65536,2,0.0077047832310199,ok
mixed-density,dair,binary,65536,3,0.0077121658250689,ok
mixed-density,dair,binary,65536,4,0.007670153863728,ok
mixed-density,dair,binary,131072,0,0.0153782665729522,ok
mixed-density,dair,binary,131072,1,0.0152860712260007,ok
mixed-density,dair,binary,131072,2,0.0151181370019912,ok
mixed-density,dair,binary,131072,3,0.0151977865025401,ok
mixed-density,dair,binary,131072,4,0.0152289140969514,ok
mixed-density,dair,binary,262144,0,0.0291294651105999,ok
mixed-density,dair,binary,262144,1,0.0288290102034807,ok
mixed-density,dair,binary,262144,2,0.0287268040701746,ok
mixed-density,dair,binary,262144,3,0.0289645064622163,ok
mixed-density,dair,binary,262144,4,0.0287008583545684,ok
mixed-density,dair,binary,524288,0,0.0593316713348031,ok
mixed-density,dair,binary,524288,1,0.058836999349296,ok
mixed-density,dair,binary,524288,2,0.0590950269252061,ok
mixed-density,dair,binary,524288,3,0.0588096277788281,ok
mixed-density,dair,binary,524288,4,0.0589745752513408,ok
mixed-density,dair,binary,1048576,0,0.1198728214949369,ok
mixed-density,dair,binary,1048576,1,0.1206889497116208,ok
mixed-density,dair,binary,1048576,2,0.1202214239165186,ok
mixed-density,dair,binary,1048576,3,0.1208863127976656,ok
mixed-density,dair,binary,1048576,4,0.1199819818139076,ok
mixed-density,dicec,binary,256,0,0.0004494888707995,ok
mixed-density,dicec,binary,256,1,0.0003637196496129,ok
mixed-density,dicec,binary,256,2,0.0003555547446012,ok
mixed-density,dicec,binary,256,3,0.0003547891974449,ok
mixed-density,dicec,binary,256,4,0.000355371274054,ok
mixed-density,dicec,binary,512,0,0.0003525968641042,ok
mixed-density,dicec,binary,512,1,0.0003404784947633,ok
mixed-density,dicec,binary,512,2,0.0003566276282072,ok
mixed-density,dicec,binary,512,3,0.000374898314476,ok
mixed-density,dicec,binary,512,4,0.0003839386627078,ok
mixed-density,dicec,binary,1024,0,0.0004417998716235,ok
mixed-density,dicec,binary,1024,1,0.0004267795011401,ok
mixed-density,dicec,binary,1024,2,0.0003986991941928,ok
mixed-density,dicec,binary,1024,3,0.000398620031774,ok
mixed-density,dicec,binary,1024,4,0.0003986479714512,ok
mixed-density,dicec,binary,2048,0,0.0004706801846623,ok
mixed-density,dicec,binary,2048,1,0.0004276726394891,ok
mixed-density,dicec,binary,2048,2,0.0004255268722772,ok
mixed-density,dicec,binary,2048,3,0.0004272842779755,ok
mixed-density,dicec,binary,2048,4,0.000426460057497,ok
mixed-density,dicec,binary,4096,0,0.0005537485703825,ok
mixed-density,dicec,binary,4096,1,0.0004743505269289,ok
mixed-density,dicec,binary,4096,2,0.0004910388961434,ok
mixed-density,dicec,binary,4096,3,0.0004757782444357,ok
mixed-density,dicec,binary,4096,4,0.0004729134961962,ok
mixed-density,dicec,binary,8192,0,0.0006957128643989,ok
mixed-density,dicec,binary,8192,1,0.0005896035581827,ok
mixed-density,dicec,binary,8192,2,0.0007187500596046,ok
mixed-density,dicec,binary,8192,3,0.0006569903343915,ok
mixed-density,dicec,binary,8192,4,0.0006825933232903,ok
mixed-density,dicec,binary,16384,0,0.0011820010840892,ok
mixed-density,dicec,binary,16384,1,0.0009046103805303,ok
mixed-density,dicec,binary,16384,2,0.0009048078209161,ok
mixed-density,dicec,binary,16384,3,0.0009080516174435,ok
mixed-density,dicec,binary,16384,4,0.0009254831820726,ok
mixed-density,dicec,binary,32768,0,0.0021769804880023,ok
mixed-density,dicec,binary,32768,1,0.0013874573633074,ok
mixed-density,dicec,binary,32768,2,0.0013788267970085,ok
mixed-density,dicec,binary,32768,3,0.0013728681951761,ok
mixed-density,dicec,binary,32768,4,0.0013632290065288,ok
mixed-density,dicec,binary,65536,0,0.0032182298600673,ok
mixed-density,dicec,binary,65536,1,0.0021334569901227,ok
mixed-density,dicec,binary,65536,2,0.0021194443106651,ok
mixed-density,dicec,binary,65536,3,0.0021207118406891,ok
mixed-density,dicec,binary,65536,4,0.0021196911111474,ok
mixed-density,dicec,binary,131072,0,0.0062340563163161,ok
mixed-density,dicec,binary,131072,1,0.004191649146378,ok
mixed-density,dicec,binary,131072,2,0.0041582593694329,ok
mixed-density,dicec,binary,131072,3,0.0041627641767263,ok
mixed-density,dicec,binary,131072,4,0.0041555939242243,ok
mixed-density,dicec,binary,262144,0,0.0121271777898073,ok
mixed-density,dicec,binary,262144,1,0.0074012223631143,ok
mixed-density,dicec,binary,262144,2,0.0073901703581213,ok
mixed-density,dicec,binary,262144,3,0.0074208229780197,ok
mixed-density,dicec,binary,262144,4,0.0074250334873795,ok
mixed-density,dicec,binary,524288,0,0.0230924012139439,ok
mixed-density,dicec,binary,524288,1,0.014396833255887,ok
mixed-density,dicec,binary,524288,2,0.0143631771206855,ok
mixed-density,dicec,binary,524288,3,0.0143986837938427,ok
mixed-density,dicec,binary,524288,4,0.0143559109419584,ok
mixed-density,dicec,binary,1048576,0,0.0344284251332283,ok
mixed-density,dicec,binary,1048576,1,0.0298252599313855,ok
mixed-density,dicec,binary,1048576,2,0.0297873159870505,ok
mixed-density,dicec,binary,1048576,3,0.0298408539965748,ok
mixed-density,dicec,binary,1048576,4,0.0298323165625333,ok
mixed-density,dtpaf,binary,256,0,0.0006763646379113,ok
mixed-density,dtpaf,binary,256,1,0.0004737768322229,ok
mixed-density,dtpaf,binary,256,2,0.0004241839051246,ok
mixed-density,dtpaf,binary,256,3,0.0004880586639046,ok
mixed-density,dtpaf,binary,256,4,0.0004264954477548,ok
mixed-density,dtpaf,binary,512,0,0.0004784222692251,ok
mixed-density,dtpaf,binary,512,1,0.0004385644569993,ok
mixed-density,dtpaf,binary,512,2,0.0004390142858028,ok
mixed-density,dtpaf,binary,512,3,0.0004378724843263,ok
mixed-density,dtpaf,binary,512,4,0.0004374086856842,ok
mixed-density,dtpaf,binary,1024,0,0.00049739331007,ok
mixed-density,dtpaf,binary,1024,1,0.0004573827609419,ok
mixed-density,dtpaf,binary,1024,2,0.0004561198875308,ok
mixed-density,dtpaf,binary,1024,3,0.0004888186231255,ok
mixed-density,dtpaf,binary,1024,4,0.0004548048600554,ok
mixed-density,dtpaf,binary,2048,0,0.0005436576902866,ok
mixed-density,dtpaf,binary,2048,1,0.0004945723339915,ok
mixed-density,dtpaf,binary,2048,2,0.0005483841523528,ok
mixed-density,dtpaf,binary,2048,3,0.0004923054948449,ok
mixed-density,dtpaf,binary,2048,4,0.0004917224869132,ok
mixed-density,dtpaf,binary,4096,0,0.0006419587880373,ok
mixed-density,dtpaf,binary,4096,1,0.0006417827680706,ok
mixed-density,dtpaf,binary,4096,2,0.000656827352941,ok
mixed-density,dtpaf,binary,4096,3,0.0006447583436965,ok
mixed-density,dtpaf,binary,4096,4,0.0006458032876253,ok
mixed-density,dtpaf,binary,8192,0,0.0008388794958591,ok
mixed-density,dtpaf,binary,8192,1,0.0007813544943928,ok
mixed-density,dtpaf,binary,8192,2,0.0007793921977281,ok
mixed-density,dtpaf,binary,8192,3,0.0007789228111505,ok
mixed-density,dtpaf,binary,8192,4,0.0007777595892548,ok
mixed-density,dtpaf,binary,16384,0,0.0011626845225691,ok
mixed-density,dtpaf,binary,16384,1,0.0010390728712081,ok
mixed-density,dtpaf,binary,16384,2,0.0010382980108261,ok
mixed-density,dtpaf,binary,16384,3,0.0010402090847492,ok
mixed-density,dtpaf,binary,16384,4,0.001037610694766,ok
mixed-density,dtpaf,binary,32768,0,0.0018033869564533,ok
mixed-density,dtpaf,binary,32768,1,0.0015421342104673,ok
mixed-density,dtpaf,binary,32768,2,0.0015435740351676,ok
mixed-density,dtpaf,binary,32768,3,0.0015597399324178,ok
mixed-density,dtpaf,binary,32768,4,0.0015468681231141,ok
mixed-density,dtpaf,binary,65536,0,0.0029106559231877,ok
mixed-density,dtpaf,binary,65536,1,0.0025206692516803,ok
mixed-density,dtpaf,binary,65536,2,0.0024893246591091,ok
mixed-density,dtpaf,binary,65536,3,0.0025225132703781,ok
mixed-density,dtpaf,binary,65536,4,0.0024880580604076,ok
mixed-density,dtpaf,binary,131072,0,0.0059937788173556,ok
mixed-density,dtpaf,binary,131072,1,0.0052144303917884,ok
mixed-density,dtpaf,binary,131072,2,0.0052288323640823,ok
mixed-density,dtpaf,binary,131072,3,0.0052293855696916,ok
mixed-density,dtpaf,binary,131072,4,0.0052659111097455,ok
mixed-density,dtpaf,binary,262144,0,0.0113933784887194,ok
mixed-density,dtpaf,binary,262144,1,0.0090755159035325,ok
mixed-density,dtpaf,binary,262144,2,0.008790710940957,ok
mixed-density,dtpaf,binary,262144,3,0.0087456125766038,ok
mixed-density,dtpaf,binary,262144,4,0.0087977414950728,ok
mixed-density,dtpaf,binary,524288,0,0.0203373469412326,ok
mixed-density,dtpaf,binary,524288,1,0.0175725352019071,ok
mixed-density,dtpaf,binary,524288,2,0.017423671670258,ok
mixed-density,dtpaf,binary,524288,3,0.017358255572617,ok
mixed-density,dtpaf,binary,524288,4,0.0173273794353008,ok
mixed-density,dtpaf,binary,1048576,0,0.0373850287869572,ok
mixed-density,dtpaf,binary,1048576,1,0.0342539194971323,ok
mixed-density,dtpaf,binary,1048576,2,0.0340834064409136,ok
mixed-density,dtpaf,binary,1048576,3,0.0340754138305783,ok
mixed-density,dtpaf,binary,1048576,4,0.0340444277971982,ok
mixed-density,eds,binary,256,0,0.0005902647972106,ok
mixed-density,eds,binary,256,1,0.000420737080276,ok
mixed-density,eds,binary,256,2,0.0004276577383279,ok
mixed-density,eds,binary,256,3,0.0004291972145438,ok
mixed-density,eds,binary,256,4,0.0004496062174439,ok
mixed-density,eds,binary,512,0,0.0004772003740072,ok
mixed-density,eds,binary,512,1,0.0004527168348431,ok
mixed-density,eds,binary,512,2,0.0004568770527839,ok
mixed-density,eds,binary,512,3,0.0005242498591542,ok
mixed-density,eds,binary,512,4,0.0005176635459065,ok
mixed-density,eds,binary,1024,0,0.0005277320742607,ok
mixed-density,eds,binary,1024,1,0.0005255416035652,ok
mixed-density,eds,binary,1024,2,0.0005387878045439,ok
mixed-density,eds,binary,1024,3,0.0005003521218895,ok
mixed-density,eds,binary,1024,4,0.0005037803202867,ok
mixed-density,eds,binary,2048,0,0.0006134407594799,ok
mixed-density,eds,binary,2048,1,0.0005693519487977,ok
mixed-density,eds,binary,2048,2,0.0005621518939733,ok
mixed-density,eds,binary,2048,3,0.000562896952033,ok
mixed-density,eds,binary,2048,4,0.000561318360269,ok
mixed-density,eds,binary,4096,0,0.0008110804483294,ok
mixed-density,eds,binary,4096,1,0.0007561249658465,ok
mixed-density,eds,binary,4096,2,0.0007538646459579,ok
mixed-density,eds,binary,4096,3,0.0007629916071891,ok
mixed-density,eds,binary,4096,4,0.0007569985464215,ok
mixed-density,eds,binary,8192,0,0.0010920362547039,ok
mixed-density,eds,binary,8192,1,0.0010197088122367,ok
mixed-density,eds,binary,8192,2,0.0010450584813952,ok
mixed-density,eds,binary,8192,3,0.0010477909818291,ok
mixed-density,eds,binary,8192,4,0.0010711047798395,ok
mixed-density,eds,binary,16384,0,0.0019103735685348,ok
mixed-density,eds,binary,16384,1,0.0018381113186478,ok
mixed-density,eds,binary,16384,2,0.0018475828692317,ok
mixed-density,eds,binary,16384,3,0.0017841346561908,ok
mixed-density,eds,binary,16384,4,0.0017779171466827,ok
mixed-density,eds,binary,32768,0,0.0033289641141891,ok
mixed-density,eds,binary,32768,1,0.0030912766233086,ok
mixed-density,eds,binary,32768,2,0.0030915299430489,ok
mixed-density,eds,binary,32768,3,0.0031211217865347,ok
mixed-density,eds,binary,32768,4,0.0031246421858668,ok
mixed-density,eds,binary,65536,0,0.0060713691636919,ok
mixed-density,eds,binary,65536,1,0.0057108309119939,ok
mixed-density,eds,binary,65536,2,0.0056656897068023,ok
mixed-density,eds,binary,65536,3,0.0056738797575235,ok
mixed-density,eds,binary,65536,4,0.0057351421564817,ok
mixed-density,eds,binary,131072,0,0.0125558888539671,ok
mixed-density,eds,binary,131072,1,0.0118342908099293,ok
mixed-density,eds,binary,131072,2,0.0118324551731348,ok
mixed-density,eds,binary,131072,3,0.0118158468976616,ok
mixed-density,eds,binary,131072,4,0.0118092484772205,ok
mixed-density,eds,binary,262144,0,0.0265479693189263,ok
mixed-density,eds,binary,262144,1,0.0235877409577369,ok
mixed-density,eds,binary,262144,2,0.0235413424670696,ok
mixed-density,eds,binary,262144,3,0.023548356257379,ok
mixed-density,eds,binary,262144,4,0.0235554641112685,ok
mixed-density,eds,binary,524288,0,0.0487858122214674,ok
mixed-density,eds,binary,524288,1,0.0465297121554613,ok
mixed-density,eds,binary,524288,2,0.0463901320472359,ok
mixed-density,eds,binary,524288,3,0.0465232953429222,ok
mixed-density,eds,binary,524288,4,0.0466161053627729,ok
mixed-density,eds,binary,1048576,0,0.0956425229087472,ok
mixed-density,eds,binary,1048576,1,0.0923703340813517,ok
mixed-density,eds,binary,1048576,2,0.0925116688013076,ok
mixed-density,eds,binary,1048576,3,0.0924731222912669,ok
mixed-density,eds,binary,1048576,4,0.0928025403991341,ok
mixed-density,etaf,binary,256,0,0.0010103080421686,ok
mixed-density,etaf,binary,256,1,0.0008845506235957,ok
mixed-density,etaf,binary,256,2,0.0009149275720119,ok
mixed-density,etaf,binary,256,3,0.0008557569235563,ok
mixed-density,etaf,binary,256,4,0.0008652349933981,ok
mixed-density,etaf,binary,512,0,0.0010940143838524,ok
mixed-density,etaf,binary,512,1,0.0011043809354305,ok
mixed-density,etaf,binary,512,2,0.0010518571361899,ok
mixed-density,etaf,binary,512,3,0.0010566767305135,ok
mixed-density,etaf,binary,512,4,0.0011074673384428,ok
mixed-density,etaf,binary,1024,0,0.0018188068643212,ok
mixed-density,etaf,binary,1024,1,0.0017079841345548,ok
mixed-density,etaf,binary,1024,2,0.0017041712999343,ok
mixed-density,etaf,binary,1024,3,0.0016924645751714,ok
mixed-density,etaf,binary,1024,4,0.0017482563853263,ok
mixed-density,etaf,binary,2048,0,0.0029032090678811,ok
mixed-density,etaf,binary,2048,1,0.0028892094269394,ok
mixed-density,etaf,binary,2048,2,0.0028399415314197,ok
mixed-density,etaf,binary,2048,3,0.0028783706948161,ok
mixed-density,etaf,binary,2048,4,0.002897398546338,ok
mixed-density,etaf,binary,4096,0,0.0061317980289459,ok
mixed-density,etaf,binary,4096,1,0.0061208186671137,ok
mixed-density,etaf,binary,4096,2,0.0060987854376435,ok
mixed-density,etaf,binary,4096,3,0.0060632331296801,ok
mixed-density,etaf,binary,4096,4,0.0060809785500168,ok
mixed-density,etaf,binary,8192,0,0.0139355976134538,ok
mixed-density,etaf,binary,8192,1,0.0137224067002534,ok
mixed-density,etaf,binary,8192,2,0.013597285374999,ok
mixed-density,etaf,binary,8192,3,0.0136950658634305,ok
mixed-density,etaf,binary,8192,4,0.0138435987755656,ok
mixed-density,etaf,binary,16384,0,0.0422070426866412,ok
mixed-density,etaf,binary,16384,1,0.0420832112431526,ok
mixed-density,etaf,binary,16384,2,0.0422998275607824,ok
mixed-density,etaf,binary,16384,3,0.0421908292919397,ok
mixed-density,etaf,binary,16384,4,0.0418968051671981,ok
mixed-density,etaf,binary,32768,0,0.150627564638853,ok
mixed-density,etaf,binary,32768,1,0.150441013276577,ok
mixed-density,etaf,binary,32768,2,0.1503734225407242,ok
mixed-density,etaf,binary,32768,3,0.1493571940809488,ok
mixed-density,etaf,binary,32768,4,0.1517184041440487,ok
mixed-density,etaf,binary,65536,0,0.5308093633502722,ok
mixed-density,etaf,binary,65536,1,0.532414567656815,ok
mixed-density,etaf,binary,65536,2,0.5398536343127489,ok
mixed-density,etaf,binary,65536,3,0.5353286359459162,ok
mixed-density,etaf,binary,65536,4,0.5377724878489971,ok
mixed-density,etaf,binary,131072,0,2.04477222263813,ok
mixed-density,etaf,binary,131072,1,1.991929763928056,ok
mixed-density,etaf,binary,131072,2,2.0305948816239834,ok
mixed-density,etaf,binary,131072,3,1.9944002302363515,ok
mixed-density,etaf,binary,131072,4,1.997258718125522,ok
mixed-density,etaf,binary,262144,0,8.10006998386234,ok
mixed-density,etaf,binary,262144,1,8.063395691104233,ok
mixed-density,etaf,binary,262144,2,7.963492156006396,ok
mixed-density,etaf,binary,262144,3,7.988852888345718,ok
mixed-density,etaf,binary,262144,4,7.793493321165442,ok
mixed-density,etaf,binary,524288,0,31.07293927669525,ok
mixed-density,etaf,binary,524288,1,30.99191684741527,ok
mixed-density,etaf,binary,524288,2,30.876240391284227,ok
mixed-density,etaf,binary,524288,3,31.120132912881672,ok
mixed-density,etaf,binary,524288,4,31.09677706565708,ok
mixed-density,etaf,binary,1048576,0,125.97436488047242,ok
mixed-density,etaf,binary,1048576,1,126.42186583951116,ok
mixed-density,etaf,binary,1048576,2,126.06475553102791,ok
mixed-density,etaf,binary,1048576,3,122.72393503133208,ok
mixed-density,etaf,binary,1048576,4,125.37681812793016,ok
mixed-density,lsaf,binary,256,0,0.0005417205393314,ok
mixed-density,lsaf,binary,256,1,0.0004680389538407,ok
mixed-density,lsaf,binary,256,2,0.0004543839022517,ok
mixed-density,lsaf,binary,256,3,0.0004536882042884,ok
mixed-density,lsaf,binary,256,4,0.0004572765901684,ok
mixed-density,lsaf,binary,512,0,0.0005110306665301,ok
mixed-density,lsaf,binary,512,1,0.0005326997488737,ok
mixed-density,lsaf,binary,512,2,0.0004910323768854,ok
mixed-density,lsaf,binary,512,3,0.0004930598661303,ok
mixed-density,lsaf,binary,512,4,0.000490291044116,ok
mixed-density,lsaf,binary,1024,0,0.0005643470212817,ok
mixed-density,lsaf,binary,1024,1,0.0005572261288762,ok
mixed-density,lsaf,binary,1024,2,0.0006325617432594,ok
mixed-density,lsaf,binary,1024,3,0.0005526458844542,ok
mixed-density,lsaf,binary,1024,4,0.0005455408245325,ok
mixed-density,lsaf,binary,2048,0,0.0006949948146939,ok
mixed-density,lsaf,binary,2048,1,0.0006512207910418,ok
mixed-density,lsaf,binary,2048,2,0.0006333440542221,ok
mixed-density,lsaf,binary,2048,3,0.0006867758929729,ok
mixed-density,lsaf,binary,2048,4,0.0006302241235971,ok
mixed-density,lsaf,binary,4096,0,0.0008519627153873,ok
mixed-density,lsaf,binary,4096,1,0.0008179796859622,ok
mixed-density,lsaf,binary,4096,2,0.0008864030241966,ok
mixed-density,lsaf,binary,4096,3,0.0008205128833651,ok
mixed-density,lsaf,binary,4096,4,0.0008184555917978,ok
mixed-density,lsaf,binary,8192,0,0.0012152632698416,ok
mixed-density,lsaf,binary,8192,1,0.0012063318863511,ok
mixed-density,lsaf,binary,8192,2,0.0012087505310773,ok
mixed-density,lsaf,binary,8192,3,0.0014118170365691,ok
mixed-density,lsaf,binary,8192,4,0.0013254862278699,ok
mixed-density,lsaf,binary,16384,0,0.0021909940987825,ok
mixed-density,lsaf,binary,16384,1,0.0021407473832368,ok
mixed-density,lsaf,binary,16384,2,0.0021631745621562,ok
mixed-density,lsaf,binary,16384,3,0.0021408647298812,ok
mixed-density,lsaf,binary,16384,4,0.0021344255656003,ok
mixed-density,lsaf,binary,32768,0,0.0038311146199703,ok
mixed-density,lsaf,binary,32768,1,0.0037120264023542,ok
mixed-density,lsaf,binary,32768,2,0.0037196492776274,ok
mixed-density,lsaf,binary,32768,3,0.0037208572030067,ok
mixed-density,lsaf,binary,32768,4,0.0037430943921208,ok
mixed-density,lsaf,binary,65536,0,0.0069745387881994,ok
mixed-density,lsaf,binary,65536,1,0.0066123120486736,ok
mixed-density,lsaf,binary,65536,2,0.0065583707764744,ok
mixed-density,lsaf,binary,65536,3,0.0065441932529211,ok
mixed-density,lsaf,binary,65536,4,0.0062723150476813,ok
mixed-density,lsaf,binary,131072,0,0.0129567412659525,ok
mixed-density,lsaf,binary,131072,1,0.0123596526682376,ok
mixed-density,lsaf,binary,131072,2,0.0123778656125068,ok
mixed-density,lsaf,binary,131072,3,0.0123615516349673,ok
mixed-density,lsaf,binary,131072,4,0.0123715726658701,ok
mixed-density,lsaf,binary,262144,0,0.0244302563369274,ok
mixed-density,lsaf,binary,262144,1,0.0241343444213271,ok
mixed-density,lsaf,binary,262144,2,0.024370708502829,ok
mixed-density,lsaf,binary,262144,3,0.0244537843391299,ok
mixed-density,lsaf,binary,262144,4,0.0243124132975935,ok
mixed-density,lsaf,binary,524288,0,0.0487713580951094,ok
mixed-density,lsaf,binary,524288,1,0.0489273145794868,ok
mixed-density,lsaf,binary,524288,2,0.049008110538125,ok
mixed-density,lsaf,binary,524288,3,0.0486935870721936,ok
mixed-density,lsaf,binary,524288,4,0.0487015536054968,ok
mixed-density,lsaf,binary,1048576,0,0.0983041319996118,ok
mixed-density,lsaf,binary,1048576,1,0.0978731038048863,ok
mixed-density,lsaf,binary,1048576,2,0.0979781560599803,ok
mixed-density,lsaf,binary,1048576,3,0.0973397335037589,ok
mixed-density,lsaf,binary,1048576,4,0.0976189374923706,ok
mixed-density,mttd,binary,256,0,0.0005120197311043,ok
mixed-density,mttd,binary,256,1,0.0004035551100969,ok
mixed-density,mttd,binary,256,2,0.0003957543522119,ok
mixed-density,mttd,binary,256,3,0.0003951555117964,ok
mixed-density,mttd,binary,256,4,0.000458893366158,ok
mixed-density,mttd,binary,512,0,0.0004352051764726,ok
mixed-density,mttd,binary,512,1,0.0005209296941757,ok
mixed-density,mttd,binary,512,2,0.0004211049526929,ok
mixed-density,mttd,binary,512,3,0.0004203524440526,ok
mixed-density,mttd,binary,512,4,0.0004184385761618,ok
mixed-density,mttd,binary,1024,0,0.0004675798118114,ok
mixed-density,mttd,binary,1024,1,0.0005042012780904,ok
mixed-density,mttd,binary,1024,2,0.0004471987485885,ok
mixed-density,mttd,binary,1024,3,0.0004479279741644,ok
mixed-density,mttd,binary,1024,4,0.0005038771778345,ok
mixed-density,mttd,binary,2048,0,0.0005550514906644,ok
mixed-density,mttd,binary,2048,1,0.0004963735118508,ok
mixed-density,mttd,binary,2048,2,0.0004962217062711,ok
mixed-density,mttd,binary,2048,3,0.0004974994808435,ok
mixed-density,mttd,binary,2048,4,0.0004977872595191,ok
mixed-density,mttd,binary,4096,0,0.0006531588733196,ok
mixed-density,mttd,binary,4096,1,0.0006426125764846,ok
mixed-density,mttd,binary,4096,2,0.0006560487672686,ok
mixed-density,mttd,binary,4096,3,0.0005969163030385,ok
mixed-density,mttd,binary,4096,4,0.0005921619012951,ok
mixed-density,mttd,binary,8192,0,0.0008044056594371,ok
mixed-density,mttd,binary,8192,1,0.000853894278407,ok
mixed-density,mttd,binary,8192,2,0.000846485607326,ok
mixed-density,mttd,binary,8192,3,0.000791179947555,ok
mixed-density,mttd,binary,8192,4,0.0007959716022014,ok
mixed-density,mttd,binary,16384,0,0.0012450963258743,ok
mixed-density,mttd,binary,16384,1,0.0012017702683806,ok
mixed-density,mttd,binary,16384,2,0.0012186979874968,ok
mixed-density,mttd,binary,16384,3,0.0011680386960506,ok
mixed-density,mttd,binary,16384,4,0.0011747889220714,ok
mixed-density,mttd,binary,32768,0,0.0020293220877647,ok
mixed-density,mttd,binary,32768,1,0.0019975807517766,ok
mixed-density,mttd,binary,32768,2,0.0019912105053663,ok
mixed-density,mttd,binary,32768,3,0.0019255299121141,ok
mixed-density,mttd,binary,32768,4,0.0019403686746954,ok
mixed-density,mttd,binary,65536,0,0.0035652443766593,ok
mixed-density,mttd,binary,65536,1,0.0035003731027245,ok
mixed-density,mttd,binary,65536,2,0.0034644920378923,ok
mixed-density,mttd,binary,65536,3,0.0034957528114318,ok
mixed-density,mttd,binary,65536,4,0.003480770625174,ok
mixed-density,mttd,binary,131072,0,0.0072899963706731,ok
mixed-density,mttd,binary,131072,1,0.0077140219509601,ok
mixed-density,mttd,binary,131072,2,0.0071986056864261,ok
mixed-density,mttd,binary,131072,3,0.0072346767410635,ok
mixed-density,mttd,binary,131072,4,0.0071865515783429,ok
mixed-density,mttd,binary,262144,0,0.0141795044764876,ok
mixed-density,mttd,binary,262144,1,0.0140971969813108,ok
mixed-density,mttd,binary,262144,2,0.0140954218804836,ok
mixed-density,mttd,binary,262144,3,0.0140264593064785,ok
mixed-density,mttd,binary,262144,4,0.0141791915521025,ok
mixed-density,mttd,binary,524288,0,0.0281222984194755,ok
mixed-density,mttd,binary,524288,1,0.0282510258257389,ok
mixed-density,mttd,binary,524288,2,0.0283123850822448,ok
mixed-density,mttd,binary,524288,3,0.028174053877592,ok
mixed-density,mttd,binary,524288,4,0.0283279465511441,ok
mixed-density,mttd,binary,1048576,0,0.055460000410676,ok
mixed-density,mttd,binary,1048576,1,0.0555480411276221,ok
mixed-density,mttd,binary,1048576,2,0.0550807183608412,ok
mixed-density,mttd,binary,1048576,3,0.0555297965183854,ok
mixed-density,mttd,binary,1048576,4,0.0554490396752953,ok
mixed-density,nab_score,binary,256,0,0.0020102318376302,ok
mixed-density,nab_score,binary,256,1,0.001744576729834,ok
mixed-density,nab_score,binary,256,2,0.0017350604757666,ok
mixed-density,nab_score,binary,256,3,0.0017228126525878,ok
mixed-density,nab_score,binary,256,4,0.0017950544133782,ok
mixed-density,nab_score,binary,512,0,0.0035510612651705,ok
mixed-density,nab_score,binary,512,1,0.0034991772845387,ok
mixed-density,nab_score,binary,512,2,0.0035961782559752,ok
mixed-density,nab_score,binary,512,3,0.0035491483286023,ok
mixed-density,nab_score,binary,512,4,0.0035320064052939,ok
mixed-density,nab_score,binary,1024,0,0.0068668946623802,ok
mixed-density,nab_score,binary,1024,1,0.0068646622821688,ok
mixed-density,nab_score,binary,1024,2,0.0068793315440416,ok
mixed-density,nab_score,binary,1024,3,0.0069227367639541,ok
mixed-density,nab_score,binary,1024,4,0.0069269044324755,ok
mixed-density,nab_score,binary,2048,0,0.0135565316304564,ok
mixed-density,nab_score,binary,2048,1,0.0134764574468135,ok
mixed-density,nab_score,binary,2048,2,0.0134519757702946,ok
mixed-density,nab_score,binary,2048,3,0.0146373454481363,ok
mixed-density,nab_score,binary,2048,4,0.013599082827568,ok
mixed-density,nab_score,binary,4096,0,0.029089706018567,ok
mixed-density,nab_score,binary,4096,1,0.0287441918626427,ok
mixed-density,nab_score,binary,4096,2,0.0288223810493946,ok
mixed-density,nab_score,binary,4096,3,0.0285772522911429,ok
mixed-density,nab_score,binary,4096,4,0.0286257024854421,ok
mixed-density,nab_score,binary,8192,0,0.0659017544239759,ok
mixed-density,nab_score,binary,8192,1,0.0895882006734609,ok
mixed-density,nab_score,binary,8192,2,0.0654827272519469,ok
mixed-density,nab_score,binary,8192,3,0.0655109556391835,ok
mixed-density,nab_score,binary,8192,4,0.0649635381996631,ok
mixed-density,nab_score,binary,16384,0,0.1560304323211312,ok
mixed-density,nab_score,binary,16384,1,0.1683980636298656,ok
mixed-density,nab_score,binary,16384,2,0.1537612592801451,ok
mixed-density,nab_score,binary,16384,3,0.1703239623457193,ok
mixed-density,nab_score,binary,16384,4,0.1538066146895289,ok
mixed-density,nab_score,binary,32768,0,0.4538161400705576,ok
mixed-density,nab_score,binary,32768,1,0.432992503978312,ok
mixed-density,nab_score,binary,32768,2,0.4499534349888563,ok
mixed-density,nab_score,binary,32768,3,0.4492920041084289,ok
mixed-density,nab_score,binary,32768,4,0.43223060015589,ok
mixed-density,nab_score,binary,65536,0,1.3208870152011514,ok
mixed-density,nab_score,binary,65536,1,1.291748335584998,ok
mixed-density,nab_score,binary,65536,2,1.3173980852589011,ok
mixed-density,nab_score,binary,65536,3,1.2922555105760694,ok
mixed-density,nab_score,binary,65536,4,1.2961760396137834,ok
mixed-density,nab_score,binary,131072,0,4.382630897685885,ok
mixed-density,nab_score,binary,131072,1,4.384669121354818,ok
mixed-density,nab_score,binary,131072,2,4.371989406645298,ok
mixed-density,nab_score,binary,131072,3,4.372976335696876,ok
mixed-density,nab_score,binary,131072,4,4.349235411733389,ok
mixed-density,nab_score,binary,262144,0,15.633579316549003,ok
mixed-density,nab_score,binary,262144,1,15.666900808922946,ok
mixed-density,nab_score,binary,262144,2,15.59609486721456,ok
mixed-density,nab_score,binary,262144,3,15.627394967712462,ok
mixed-density,nab_score,binary,262144,4,15.67599563114345,ok
mixed-density,nab_score,binary,524288,0,60.3931687483564,ok
mixed-density,nab_score,binary,524288,1,60.40640745777637,ok
mixed-density,nab_score,binary,524288,2,60.32695111539215,ok
mixed-density,nab_score,binary,524288,3,60.415680373087525,ok
mixed-density,nab_score,binary,524288,4,60.42956387531012,ok
mixed-density,nab_score,binary,1048576,0,232.70243952050805,ok
mixed-density,nab_score,binary,1048576,1,232.7401784928516,ok
mixed-density,nab_score,binary,1048576,2,232.6041159639135,ok
mixed-density,nab_score,binary,1048576,3,232.81077365856615,ok
mixed-density,nab_score,binary,1048576,4,232.67846328672024,ok
mixed-density,naff_f,binary,256,0,0.0009221397340297,ok
mixed-density,naff_f,binary,256,1,0.0006757993251085,ok
mixed-density,naff_f,binary,256,2,0.0006055505946278,ok
mixed-density,naff_f,binary,256,3,0.0005927188321948,ok
mixed-density,naff_f,binary,256,4,0.0005987044423818,ok
mixed-density,naff_f,binary,512,0,0.0007480606436729,ok
mixed-density,naff_f,binary,512,1,0.0007721791043877,ok
mixed-density,naff_f,binary,512,2,0.0007100058719515,ok
mixed-density,naff_f,binary,512,3,0.0007074680179357,ok
mixed-density,naff_f,binary,512,4,0.0007066959515213,ok
mixed-density,naff_f,binary,1024,0,0.0010076016187667,ok
mixed-density,naff_f,binary,1024,1,0.0009271530434489,ok
mixed-density,naff_f,binary,1024,2,0.0009243804961442,ok
mixed-density,naff_f,binary,1024,3,0.0009254831820726,ok
mixed-density,naff_f,binary,1024,4,0.000997987575829,ok
mixed-density,naff_f,binary,2048,0,0.0013719433918595,ok
mixed-density,naff_f,binary,2048,1,0.0013513239100575,ok
mixed-density,naff_f,binary,2048,2,0.0013591349124908,ok
mixed-density,naff_f,binary,2048,3,0.0013632159680128,ok
mixed-density,naff_f,binary,2048,4,0.0013951919972896,ok
mixed-density,naff_f,binary,4096,0,0.0029098279774188,ok
mixed-density,naff_f,binary,4096,1,0.002826583571732,ok
mixed-density,naff_f,binary,4096,2,0.0028180498629808,ok
mixed-density,naff_f,binary,4096,3,0.0028291679918766,ok
mixed-density,naff_f,binary,4096,4,0.0027699880301952,ok
mixed-density,naff_f,binary,8192,0,0.0067026372998952,ok
mixed-density,naff_f,binary,8192,1,0.0065457243472337,ok
mixed-density,naff_f,binary,8192,2,0.0065348483622074,ok
mixed-density,naff_f,binary,8192,3,0.0065343156456947,ok
mixed-density,naff_f,binary,8192,4,0.0065909447148442,ok
mixed-density,naff_f,binary,16384,0,0.0210530161857604,ok
mixed-density,naff_f,binary,16384,1,0.0210555028170347,ok
mixed-density,naff_f,binary,16384,2,0.0210294676944613,ok
mixed-density,naff_f,binary,16384,3,0.0210597487166523,ok
mixed-density,naff_f,binary,16384,4,0.0209835357964038,ok
mixed-density,naff_f,binary,32768,0,0.0813576560467481,ok
mixed-density,naff_f,binary,32768,1,0.0808979859575629,ok
mixed-density,naff_f,binary,32768,2,0.0812647165730595,ok
mixed-density,naff_f,binary,32768,3,0.080529598519206,ok
mixed-density,naff_f,binary,32768,4,0.0807549078017473,ok
mixed-density,naff_f,binary,65536,0,0.2974506206810474,ok
mixed-density,naff_f,binary,65536,1,0.2989329900592565,ok
mixed-density,naff_f,binary,65536,2,0.2985485531389713,ok
mixed-density,naff_f,binary,65536,3,0.2999712489545345,ok
mixed-density,naff_f,binary,65536,4,0.2981596896424889,ok
mixed-density,naff_f,binary,131072,0,1.1570690739899874,ok
mixed-density,naff_f,binary,131072,1,1.1575320763513446,ok
mixed-density,naff_f,binary,131072,2,1.1556973038241267,ok
mixed-density,naff_f,binary,131072,3,1.1602176101878283,ok
mixed-density,naff_f,binary,131072,4,1.1616506399586797,ok
mixed-density,naff_f,binary,262144,0,4.570762289687991,ok
mixed-density,naff_f,binary,262144,1,4.611384451389313,ok
mixed-density,naff_f,binary,262144,2,4.568958145566285,ok
mixed-density,naff_f,binary,262144,3,4.574183351360261,ok
mixed-density,naff_f,binary,262144,4,4.575673837214708,ok
mixed-density,naff_f,binary,524288,0,17.729624840430915,ok
mixed-density,naff_f,binary,524288,1,17.641442509368062,ok
mixed-density,naff_f,binary,524288,2,17.63135746587068,ok
mixed-density,naff_f,binary,524288,3,17.769682760350406,ok
mixed-density,naff_f,binary,524288,4,17.673610636033118,ok
mixed-density,naff_f,binary,1048576,0,71.24800917692482,ok
mixed-density,naff_f,binary,1048576,1,72.01364910323173,ok
mixed-density,naff_f,binary,1048576,2,71.30239071324468,ok
mixed-density,naff_f,binary,1048576,3,72.94517885800451,ok
mixed-density,naff_f,binary,1048576,4,71.53745441325009,ok
mixed-density,pa_auc_pr,continuous,256,0,0.0067903231829404,ok
mixed-density,pa_auc_pr,continuous,256,1,0.0062239859253168,ok
mixed-density,pa_auc_pr,continuous,256,2,0.0062340665608644,ok
mixed-density,pa_auc_pr,continuous,256,3,0.0062903426587581,ok
mixed-density,pa_auc_pr,continuous,256,4,0.0062203779816627,ok
mixed-density,pa_auc_pr,continuous,512,0,0.0121418964117765,ok
mixed-density,pa_auc_pr,continuous,512,1,0.0120601179078221,ok
mixed-density,pa_auc_pr,continuous,512,2,0.0135564403608441,ok
mixed-density,pa_auc_pr,continuous,512,3,0.0120512852445244,ok
mixed-density,pa_auc_pr,continuous,512,4,0.0122146354988217,ok
mixed-density,pa_auc_pr,continuous,1024,0,0.0237027360126376,ok
mixed-density,pa_auc_pr,continuous,1024,1,0.0236821044236421,ok
mixed-density,pa_auc_pr,continuous,1024,2,0.0238997945562005,ok
mixed-density,pa_auc_pr,continuous,1024,3,0.0237589031457901,ok
mixed-density,pa_auc_pr,continuous,1024,4,0.0237530628219246,ok
mixed-density,pa_auc_pr,continuous,2048,0,0.0460771191865205,ok
mixed-density,pa_auc_pr,continuous,2048,1,0.045892821624875,ok
mixed-density,pa_auc_pr,continuous,2048,2,0.0458837319165468,ok
mixed-density,pa_auc_pr,continuous,2048,3,0.0461832238361239,ok
mixed-density,pa_auc_pr,continuous,2048,4,0.0460657579824328,ok
mixed-density,pa_auc_pr,continuous,4096,0,0.0923891924321651,ok
mixed-density,pa_auc_pr,continuous,4096,1,0.0922222547233104,ok
mixed-density,pa_auc_pr,continuous,4096,2,0.0917582307010889,ok
mixed-density,pa_auc_pr,continuous,4096,3,0.0913509288802743,ok
mixed-density,pa_auc_pr,continuous,4096,4,0.0917007997632026,ok
mixed-density,pa_auc_pr,continuous,8192,0,0.1824030904099345,ok
mixed-density,pa_auc_pr,continuous,8192,1,0.182902242988348,ok
mixed-density,pa_auc_pr,continuous,8192,2,0.183189358562231,ok
mixed-density,pa_auc_pr,continuous,8192,3,0.1816957499831915,ok
mixed-density,pa_auc_pr,continuous,8192,4,0.1822127224877476,ok
mixed-density,pa_auc_pr,continuous,16384,0,0.3646722184494138,ok
mixed-density,pa_auc_pr,continuous,16384,1,0.3624959997832775,ok
mixed-density,pa_auc_pr,continuous,16384,2,0.364854434505105,ok
mixed-density,pa_auc_pr,continuous,16384,3,0.3620500564575195,ok
mixed-density,pa_auc_pr,continuous,16384,4,0.3620027406141162,ok
mixed-density,pa_auc_pr,continuous,32768,0,0.7267261343076825,ok
mixed-density,pa_auc_pr,continuous,32768,1,0.7319933837279677,ok
mixed-density,pa_auc_pr,continuous,32768,2,0.7292339680716395,ok
mixed-density,pa_auc_pr,continuous,32768,3,0.7260289769619703,ok
mixed-density,pa_auc_pr,continuous,32768,4,0.7284780433401465,ok
mixed-density,pa_auc_pr,continuous,65536,0,1.4616290740668774,ok
mixed-density,pa_auc_pr,continuous,65536,1,1.443207892589271,ok
mixed-density,pa_auc_pr,continuous,65536,2,1.4460363602265716,ok
mixed-density,pa_auc_pr,continuous,65536,3,1.4544960875064137,ok
mixed-density,pa_auc_pr,continuous,65536,4,1.4565434223040938,ok
mixed-density,pa_auc_pr,continuous,131072,0,2.9070095159113407,ok
mixed-density,pa_auc_pr,continuous,131072,1,2.9174864385277037,ok
mixed-density,pa_auc_pr,continuous,131072,2,2.909935754723847,ok
mixed-density,pa_auc_pr,continuous,131072,3,2.9168093586340547,ok
mixed-density,pa_auc_pr,continuous,131072,4,2.9112431425601244,ok
mixed-density,pa_auc_pr,continuous,262144,0,5.803595293313265,ok
mixed-density,pa_auc_pr,continuous,262144,1,5.82032595295459,ok
mixed-density,pa_auc_pr,continuous,262144,2,5.843276496976614,ok
mixed-density,pa_auc_pr,continuous,262144,3,5.806096846237779,ok
mixed-density,pa_auc_pr,continuous,262144,4,5.8290225472301245,ok
mixed-density,pa_auc_pr,continuous,524288,0,11.706754538230598,ok
mixed-density,pa_auc_pr,continuous,524288,1,11.647403057664633,ok
mixed-density,pa_auc_pr,continuous,524288,2,11.77241624891758,ok
mixed-density,pa_auc_pr,continuous,524288,3,11.765207734890282,ok
mixed-density,pa_auc_pr,continuous,524288,4,11.724447371438146,ok
mixed-density,pa_auc_pr,continuous,1048576,0,23.29969981778413,ok
mixed-density,pa_auc_pr,continuous,1048576,1,23.217868035659198,ok
mixed-density,pa_auc_pr,continuous,1048576,2,23.20924756489694,ok
mixed-density,pa_auc_pr,continuous,1048576,3,23.387331343255937,ok
mixed-density,pa_auc_pr,continuous,1048576,4,23.37461020797491,ok
mixed-density,pa_auc_roc,continuous,256,0,0.0066191954538226,ok
mixed-density,pa_auc_roc,continuous,256,1,0.0062708808109164,ok
mixed-density,pa_auc_roc,continuous,256,2,0.0062317531555891,ok
mixed-density,pa_auc_roc,continuous,256,3,0.0062885656952857,ok
mixed-density,pa_auc_roc,continuous,256,4,0.0063319951295852,ok
mixed-density,pa_auc_roc,continuous,512,0,0.0121697979047894,ok
mixed-density,pa_auc_roc,continuous,512,1,0.0119540086016058,ok
mixed-density,pa_auc_roc,continuous,512,2,0.012031091377139,ok
mixed-density,pa_auc_roc,continuous,512,3,0.0120361447334289,ok
mixed-density,pa_auc_roc,continuous,512,4,0.0118698412552475,ok
mixed-density,pa_auc_roc,continuous,1024,0,0.0237125065177679,ok
mixed-density,pa_auc_roc,continuous,1024,1,0.0236482843756675,ok
mixed-density,pa_auc_roc,continuous,1024,2,0.0237341513857245,ok
mixed-density,pa_auc_roc,continuous,1024,3,0.0235864864662289,ok
mixed-density,pa_auc_roc,continuous,1024,4,0.0235468372702598,ok
mixed-density,pa_auc_roc,continuous,2048,0,0.0463636862114071,ok
mixed-density,pa_auc_roc,continuous,2048,1,0.0460729477927088,ok
mixed-density,pa_auc_roc,continuous,2048,2,0.0460114255547523,ok
mixed-density,pa_auc_roc,continuous,2048,3,0.0462448578327894,ok
mixed-density,pa_auc_roc,continuous,2048,4,0.0459864325821399,ok
mixed-density,pa_auc_roc,continuous,4096,0,0.0915316948667168,ok
mixed-density,pa_auc_roc,continuous,4096,1,0.0916625270619988,ok
mixed-density,pa_auc_roc,continuous,4096,2,0.0908468719571828,ok
mixed-density,pa_auc_roc,continuous,4096,3,0.0916161341592669,ok
mixed-density,pa_auc_roc,continuous,4096,4,0.0917414044961333,ok
mixed-density,pa_auc_roc,continuous,8192,0,0.1828492907807231,ok
mixed-density,pa_auc_roc,continuous,8192,1,0.1838609185069799,ok
mixed-density,pa_auc_roc,continuous,8192,2,0.1827601827681064,ok
mixed-density,pa_auc_roc,continuous,8192,3,0.1821502204984426,ok
mixed-density,pa_auc_roc,continuous,8192,4,0.1820192718878388,ok
mixed-density,pa_auc_roc,continuous,16384,0,0.3631669441238045,ok
mixed-density,pa_auc_roc,continuous,16384,1,0.3639963716268539,ok
mixed-density,pa_auc_roc,continuous,16384,2,0.360907438211143,ok
mixed-density,pa_auc_roc,continuous,16384,3,0.3629983812570572,ok
mixed-density,pa_auc_roc,continuous,16384,4,0.3622180502861738,ok
mixed-density,pa_auc_roc,continuous,32768,0,0.7257239250466228,ok
mixed-density,pa_auc_roc,continuous,32768,1,0.7328353878110647,ok
mixed-density,pa_auc_roc,continuous,32768,2,0.7289992291480303,ok
mixed-density,pa_auc_roc,continuous,32768,3,0.7271984834223986,ok
mixed-density,pa_auc_roc,continuous,32768,4,0.7267483379691839,ok
mixed-density,pa_auc_roc,continuous,65536,0,1.4488841332495213,ok
mixed-density,pa_auc_roc,continuous,65536,1,1.4565924340859056,ok
mixed-density,pa_auc_roc,continuous,65536,2,1.4499263428151608,ok
mixed-density,pa_auc_roc,continuous,65536,3,1.4489414552226665,ok
mixed-density,pa_auc_roc,continuous,65536,4,1.46956348977983,ok
mixed-density,pa_auc_roc,continuous,131072,0,2.8970777187496424,ok
mixed-density,pa_auc_roc,continuous,131072,1,2.895861185155809,ok
mixed-density,pa_auc_roc,continuous,131072,2,2.893406174145639,ok
mixed-density,pa_auc_roc,continuous,131072,3,2.893710169941187,ok
mixed-density,pa_auc_roc,continuous,131072,4,2.882117754779756,ok
mixed-density,pa_auc_roc,continuous,262144,0,5.832898596301675,ok
mixed-density,pa_auc_roc,continuous,262144,1,5.803822499699891,ok
mixed-density,pa_auc_roc,continuous,262144,2,5.7698173420503736,ok
mixed-density,pa_auc_roc,continuous,262144,3,5.799032457172871,ok
mixed-density,pa_auc_roc,continuous,262144,4,5.770059970207512,ok
mixed-density,pa_auc_roc,continuous,524288,0,11.626137259416282,ok
mixed-density,pa_auc_roc,continuous,524288,1,11.686619653366506,ok
mixed-density,pa_auc_roc,continuous,524288,2,11.724538192152975,ok
mixed-density,pa_auc_roc,continuous,524288,3,11.702358606271446,ok
mixed-density,pa_auc_roc,continuous,524288,4,11.711026325821877,ok
mixed-density,pa_auc_roc,continuous,1048576,0,23.33735916018486,ok
mixed-density,pa_auc_roc,continuous,1048576,1,23.209197047166526,ok
mixed-density,pa_auc_roc,continuous,1048576,2,23.144449001178145,ok
mixed-density,pa_auc_roc,continuous,1048576,3,23.33644207753241,ok
mixed-density,pa_auc_roc,continuous,1048576,4,23.182416756637394,ok
mixed-density,paf,binary,256,0,0.000783709809184,ok
mixed-density,paf,binary,256,1,0.0005183098837733,ok
mixed-density,paf,binary,256,2,0.000481336377561,ok
mixed-density,paf,binary,256,3,0.0004706643521785,ok
mixed-density,paf,binary,256,4,0.0004818616434931,ok
mixed-density,paf,binary,512,0,0.0005408031865954,ok
mixed-density,paf,binary,512,1,0.000493049621582,ok
mixed-density,paf,binary,512,2,0.0004921499639749,ok
mixed-density,paf,binary,512,3,0.0004941783845424,ok
mixed-density,paf,binary,512,4,0.0004945425316691,ok
mixed-density,paf,binary,1024,0,0.0005840426310896,ok
mixed-density,paf,binary,1024,1,0.0005372548475861,ok
mixed-density,paf,binary,1024,2,0.0005354061722755,ok
mixed-density,paf,binary,1024,3,0.0005347337573766,ok
mixed-density,paf,binary,1024,4,0.000533603131771,ok
mixed-density,paf,binary,2048,0,0.0006547644734382,ok
mixed-density,paf,binary,2048,1,0.0006456635892391,ok
mixed-density,paf,binary,2048,2,0.000638966448605,ok
mixed-density,paf,binary,2048,3,0.0005999635905027,ok
mixed-density,paf,binary,2048,4,0.0006052823737263,ok
mixed-density,paf,binary,4096,0,0.0008082268759608,ok
mixed-density,paf,binary,4096,1,0.000783110037446,ok
mixed-density,paf,binary,4096,2,0.0007322449237108,ok
mixed-density,paf,binary,4096,3,0.0007330244407057,ok
mixed-density,paf,binary,4096,4,0.000730475410819,ok
mixed-density,paf,binary,8192,0,0.0010951701551675,ok
mixed-density,paf,binary,8192,1,0.0010028965771198,ok
mixed-density,paf,binary,8192,2,0.0010018786415457,ok
mixed-density,paf,binary,8192,3,0.0010003400966525,ok
mixed-density,paf,binary,8192,4,0.0010024309158325,ok
mixed-density,paf,binary,16384,0,0.0016685221344232,ok
mixed-density,paf,binary,16384,1,0.0015687104314565,ok
mixed-density,paf,binary,16384,2,0.0015276260673999,ok
mixed-density,paf,binary,16384,3,0.0015732636675238,ok
mixed-density,paf,binary,16384,4,0.0015732422471046,ok
mixed-density,paf,binary,32768,0,0.0028694011270999,ok
mixed-density,paf,binary,32768,1,0.0025430601090192,ok
mixed-density,paf,binary,32768,2,0.002624362707138,ok
mixed-density,paf,binary,32768,3,0.0026144674047827,ok
mixed-density,paf,binary,32768,4,0.0025842422619462,ok
mixed-density,paf,binary,65536,0,0.0050162533298134,ok
mixed-density,paf,binary,65536,1,0.004623644053936,ok
mixed-density,paf,binary,65536,2,0.0046021649613976,ok
mixed-density,paf,binary,65536,3,0.0046564349904656,ok
mixed-density,paf,binary,65536,4,0.0046459343284368,ok
mixed-density,paf,binary,131072,0,0.0101031819358468,ok
mixed-density,paf,binary,131072,1,0.0094023905694484,ok
mixed-density,paf,binary,131072,2,0.0093538481742143,ok
mixed-density,paf,binary,131072,3,0.009303456172347,ok
mixed-density,paf,binary,131072,4,0.0093384413048625,ok
mixed-density,paf,binary,262144,0,0.0195245826616883,ok
mixed-density,paf,binary,262144,1,0.0182611150667071,ok
mixed-density,paf,binary,262144,2,0.0182624701410532,ok
mixed-density,paf,binary,262144,3,0.0182091509923338,ok
mixed-density,paf,binary,262144,4,0.0181998619809746,ok
mixed-density,paf,binary,524288,0,0.0393025455996394,ok
mixed-density,paf,binary,524288,1,0.0369348023086786,ok
mixed-density,paf,binary,524288,2,0.0367119051516056,ok
mixed-density,paf,binary,524288,3,0.0368200140073895,ok
mixed-density,paf,binary,524288,4,0.0367773389443755,ok
mixed-density,paf,binary,1048576,0,0.0758747644722461,ok
mixed-density,paf,binary,1048576,1,0.0727025205269455,ok
mixed-density,paf,binary,1048576,2,0.0728926286101341,ok
mixed-density,paf,binary,1048576,3,0.0729497978463769,ok
mixed-density,paf,binary,1048576,4,0.0726688606664538,ok
mixed-density,pak,continuous,256,0,0.0006282357499003,ok
mixed-density,pak,continuous,256,1,0.0002748547121882,ok
mixed-density,pak,continuous,256,2,0.0002770749852061,ok
mixed-density,pak,continuous,256,3,0.0002641007304191,ok
mixed-density,pak,continuous,256,4,0.0002763690426945,ok
mixed-density,pak,continuous,512,0,0.0002645431086421,ok
mixed-density,pak,continuous,512,1,0.0002879742532968,ok
mixed-density,pak,continuous,512,2,0.00028873141855,ok
mixed-density,pak,continuous,512,3,0.0002869311720132,ok
mixed-density,pak,continuous,512,4,0.0002890015020966,ok
mixed-density,pak,continuous,1024,0,0.0003915354609489,ok
mixed-density,pak,continuous,1024,1,0.0005810372531414,ok
mixed-density,pak,continuous,1024,2,0.0003498513251543,ok
mixed-density,pak,continuous,1024,3,0.0003514578565955,ok
mixed-density,pak,continuous,1024,4,0.0003492701798677,ok
mixed-density,pak,continuous,2048,0,0.0003977632150053,ok
mixed-density,pak,continuous,2048,1,0.0004035430029034,ok
mixed-density,pak,continuous,2048,2,0.0003220904618501,ok
mixed-density,pak,continuous,2048,3,0.0003280853852629,ok
mixed-density,pak,continuous,2048,4,0.00032246299088,ok
mixed-density,pak,continuous,4096,0,0.0004339748993515,ok
mixed-density,pak,continuous,4096,1,0.0004146760329604,ok
mixed-density,pak,continuous,4096,2,0.0003879694268107,ok
mixed-density,pak,continuous,4096,3,0.0004015667364001,ok
mixed-density,pak,continuous,4096,4,0.000396997667849,ok
mixed-density,pak,continuous,8192,0,0.0005416888743638,ok
mixed-density,pak,continuous,8192,1,0.0005976306274533,ok
mixed-density,pak,continuous,8192,2,0.0005847131833434,ok
mixed-density,pak,continuous,8192,3,0.0005856081843376,ok
mixed-density,pak,continuous,8192,4,0.0006071468815207,ok
mixed-density,pak,continuous,16384,0,0.0010931631550192,ok
mixed-density,pak,continuous,16384,1,0.0009326208382844,ok
mixed-density,pak,continuous,16384,2,0.0009304843842983,ok
mixed-density,pak,continuous,16384,3,0.0009233113378286,ok
mixed-density,pak,continuous,16384,4,0.0009246980771422,ok
mixed-density,pak,continuous,32768,0,0.0017874939367175,ok
mixed-density,pak,continuous,32768,1,0.001467834226787,ok
mixed-density,pak,continuous,32768,2,0.0014887107536196,ok
mixed-density,pak,continuous,32768,3,0.0015046894550323,ok
mixed-density,pak,continuous,32768,4,0.001503431238234,ok
mixed-density,pak,continuous,65536,0,0.0033417018130421,ok
mixed-density,pak,continuous,65536,1,0.0026927897706627,ok
mixed-density,pak,continuous,65536,2,0.0027240421622991,ok
mixed-density,pak,continuous,65536,3,0.0026858998462557,ok
mixed-density,pak,continuous,65536,4,0.002716252580285,ok
mixed-density,pak,continuous,131072,0,0.0055621303617954,ok
mixed-density,pak,continuous,131072,1,0.0045565832406282,ok
mixed-density,pak,continuous,131072,2,0.0045968880876898,ok
mixed-density,pak,continuous,131072,3,0.004586967639625,ok
mixed-density,pak,continuous,131072,4,0.0046213585883378,ok
mixed-density,pak,continuous,262144,0,0.0095583135262131,ok
mixed-density,pak,continuous,262144,1,0.0071643060073256,ok
mixed-density,pak,continuous,262144,2,0.0071248486638069,ok
mixed-density,pak,continuous,262144,3,0.0071163708344101,ok
mixed-density,pak,continuous,262144,4,0.0071592712774872,ok
mixed-density,pak,continuous,524288,0,0.0259656617417931,ok
mixed-density,pak,continuous,524288,1,0.0168835176154971,ok
mixed-density,pak,continuous,524288,2,0.0166529333218932,ok
mixed-density,pak,continuous,524288,3,0.0165730249136686,ok
mixed-density,pak,continuous,524288,4,0.0167647348716855,ok
mixed-density,pak,continuous,1048576,0,0.0537637406960129,ok
mixed-density,pak,continuous,1048576,1,0.0317619806155562,ok
mixed-density,pak,continuous,1048576,2,0.0314706806093454,ok
mixed-density,pak,continuous,1048576,3,0.0316947884857654,ok
mixed-density,pak,continuous,1048576,4,0.0317781008780002,ok
mixed-density,pakf,binary,256,0,0.00060167722404,ok
mixed-density,pakf,binary,256,1,0.0004737684503197,ok
mixed-density,pakf,binary,256,2,0.0004489561542868,ok
mixed-density,pakf,binary,256,3,0.0004499005153775,ok
mixed-density,pakf,binary,256,4,0.0005895104259252,ok
mixed-density,pakf,binary,512,0,0.000567989423871,ok
mixed-density,pakf,binary,512,1,0.0005816733464598,ok
mixed-density,pakf,binary,512,2,0.0005825804546475,ok
mixed-density,pakf,binary,512,3,0.0005839448422193,ok
mixed-density,pakf,binary,512,4,0.0005970327183604,ok
mixed-density,pakf,binary,1024,0,0.0005934182554483,ok
mixed-density,pakf,binary,1024,1,0.0006187399849295,ok
mixed-density,pakf,binary,1024,2,0.0006211558356881,ok
mixed-density,pakf,binary,1024,3,0.0006391992792487,ok
mixed-density,pakf,binary,1024,4,0.0006126929074525,ok
mixed-density,pakf,binary,2048,0,0.0006480626761913,ok
mixed-density,pakf,binary,2048,1,0.0006641494110226,ok
mixed-density,pakf,binary,2048,2,0.0006627710536122,ok
mixed-density,pakf,binary,2048,3,0.000665440224111,ok
mixed-density,pakf,binary,2048,4,0.0006629331037402,ok
mixed-density,pakf,binary,4096,0,0.0007340172305703,ok
mixed-density,pakf,binary,4096,1,0.0009293043985962,ok
mixed-density,pakf,binary,4096,2,0.0008295802399516,ok
mixed-density,pakf,binary,4096,3,0.0007923487573862,ok
mixed-density,pakf,binary,4096,4,0.0007889261469244,ok
mixed-density,pakf,binary,8192,0,0.0009709354490041,ok
mixed-density,pakf,binary,8192,1,0.0009787576273083,ok
mixed-density,pakf,binary,8192,2,0.0009798873215913,ok
mixed-density,pakf,binary,8192,3,0.0009772516787052,ok
mixed-density,pakf,binary,8192,4,0.0010009529069066,ok
mixed-density,pakf,binary,16384,0,0.0013946201652288,ok
mixed-density,pakf,binary,16384,1,0.0013741645961999,ok
mixed-density,pakf,binary,16384,2,0.0014084726572036,ok
mixed-density,pakf,binary,16384,3,0.0013767825439572,ok
mixed-density,pakf,binary,16384,4,0.0013723438605666,ok
mixed-density,pakf,binary,32768,0,0.0022008707746863,ok
mixed-density,pakf,binary,32768,1,0.0021604197099804,ok
mixed-density,pakf,binary,32768,2,0.0021271053701639,ok
mixed-density,pakf,binary,32768,3,0.0021249866113066,ok
mixed-density,pakf,binary,32768,4,0.0021611088886857,ok
mixed-density,pakf,binary,65536,0,0.0035800728946924,ok
mixed-density,pakf,binary,65536,1,0.003494287841022,ok
mixed-density,pakf,binary,65536,2,0.0035189082846045,ok
mixed-density,pakf,binary,65536,3,0.0035346755757927,ok
mixed-density,pakf,binary,65536,4,0.0035358546301722,ok
mixed-density,pakf,binary,131072,0,0.0078406548127532,ok
mixed-density,pakf,binary,131072,1,0.0073548099026083,ok
mixed-density,pakf,binary,131072,2,0.0073313936591148,ok
mixed-density,pakf,binary,131072,3,0.0073638269677758,ok
mixed-density,pakf,binary,131072,4,0.0073705306276679,ok
mixed-density,pakf,binary,262144,0,0.0143411625176668,ok
mixed-density,pakf,binary,262144,1,0.0141537422314286,ok
mixed-density,pakf,binary,262144,2,0.0141613846644759,ok
mixed-density,pakf,binary,262144,3,0.0141986357048153,ok
mixed-density,pakf,binary,262144,4,0.0141225280240178,ok
mixed-density,pakf,binary,524288,0,0.0270518343895673,ok
mixed-density,pakf,binary,524288,1,0.0268670236691832,ok
mixed-density,pakf,binary,524288,2,0.0269041359424591,ok
mixed-density,pakf,binary,524288,3,0.0268173338845372,ok
mixed-density,pakf,binary,524288,4,0.0269313314929604,ok
mixed-density,pakf,binary,1048576,0,0.0671743135899305,ok
mixed-density,pakf,binary,1048576,1,0.0697572398930788,ok
mixed-density,pakf,binary,1048576,2,0.0697013493627309,ok
mixed-density,pakf,binary,1048576,3,0.0696295984089374,ok
mixed-density,pakf,binary,1048576,4,0.0696427905932068,ok
mixed-density,paklf,binary,256,0,0.0007837573066353,ok
mixed-density,paklf,binary,256,1,0.000664041377604,ok
mixed-density,paklf,binary,256,2,0.0006472747772932,ok
mixed-density,paklf,binary,256,3,0.0006477255374193,ok
mixed-density,paklf,binary,256,4,0.0006524622440338,ok
mixed-density,paklf,binary,512,0,0.0008430210873484,ok
mixed-density,paklf,binary,512,1,0.0007488867267966,ok
mixed-density,paklf,binary,512,2,0.0007723346352577,ok
mixed-density,paklf,binary,512,3,0.0007746517658233,ok
mixed-density,paklf,binary,512,4,0.0008058752864599,ok
mixed-density,paklf,binary,1024,0,0.0010338267311453,ok
mixed-density,paklf,binary,1024,1,0.001034902408719,ok
mixed-density,paklf,binary,1024,2,0.0010281633585691,ok
mixed-density,paklf,binary,1024,3,0.001050922088325,ok
mixed-density,paklf,binary,1024,4,0.0010263873264193,ok
mixed-density,paklf,binary,2048,0,0.001161347143352,ok
mixed-density,paklf,binary,2048,1,0.0011505046859383,ok
mixed-density,paklf,binary,2048,2,0.0011369921267032,ok
mixed-density,paklf,binary,2048,3,0.0011355709284543,ok
mixed-density,paklf,binary,2048,4,0.0011415211483836,ok
mixed-density,paklf,binary,4096,0,0.0014467732980847,ok
mixed-density,paklf,binary,4096,1,0.0014285994693636,ok
mixed-density,paklf,binary,4096,2,0.0014426130801439,ok
mixed-density,paklf,binary,4096,3,0.0014228364452719,ok
mixed-density,paklf,binary,4096,4,0.0014334637671709,ok
mixed-density,paklf,binary,8192,0,0.0022394219413399,ok
mixed-density,paklf,binary,8192,1,0.0021564327180385,ok
mixed-density,paklf,binary,8192,2,0.0021469760686159,ok
mixed-density,paklf,binary,8192,3,0.0021638358011841,ok
mixed-density,paklf,binary,8192,4,0.0021772729232907,ok
mixed-density,paklf,binary,16384,0,0.0058701857924461,ok
mixed-density,paklf,binary,16384,1,0.0047864941880106,ok
mixed-density,paklf,binary,16384,2,0.0047597326338291,ok
mixed-density,paklf,binary,16384,3,0.00472626183182,ok
mixed-density,paklf,binary,16384,4,0.0047569815069437,ok
mixed-density,paklf,binary,32768,0,0.0081350961700081,ok
mixed-density,paklf,binary,32768,1,0.0074514336884021,ok
mixed-density,paklf,binary,32768,2,0.0074792746454477,ok
mixed-density,paklf,binary,32768,3,0.0074468906968832,ok
mixed-density,paklf,binary,32768,4,0.0073851132765412,ok
mixed-density,paklf,binary,65536,0,0.0146645978093147,ok
mixed-density,paklf,binary,65536,1,0.0144144231453537,ok
mixed-density,paklf,binary,65536,2,0.0145744001492857,ok
mixed-density,paklf,binary,65536,3,0.0143812894821167,ok
mixed-density,paklf,binary,65536,4,0.0144001636654138,ok
mixed-density,paklf,binary,131072,0,0.0308138169348239,ok
mixed-density,paklf,binary,131072,1,0.030319346114993,ok
mixed-density,paklf,binary,131072,2,0.0304752234369516,ok
mixed-density,paklf,binary,131072,3,0.0305902706459164,ok
mixed-density,paklf,binary,131072,4,0.0303718922659754,ok
mixed-density,paklf,binary,262144,0,0.0623309342190623,ok
mixed-density,paklf,binary,262144,1,0.062024338170886,ok
mixed-density,paklf,binary,262144,2,0.0620520943775773,ok
mixed-density,paklf,binary,262144,3,0.0616348600015044,ok
mixed-density,paklf,binary,262144,4,0.0619914820417761,ok
mixed-density,paklf,binary,524288,0,0.1223668316379189,ok
mixed-density,paklf,binary,524288,1,0.0980968978255987,ok
mixed-density,paklf,binary,524288,2,0.0977743873372674,ok
mixed-density,paklf,binary,524288,3,0.0983659271150827,ok
mixed-density,paklf,binary,524288,4,0.0977115361019969,ok
mixed-density,paklf,binary,1048576,0,0.2112388862296939,ok
mixed-density,paklf,binary,1048576,1,0.212446441873908,ok
mixed-density,paklf,binary,1048576,2,0.2113202670589089,ok
mixed-density,paklf,binary,1048576,3,0.2116764346137642,ok
mixed-density,paklf,binary,1048576,4,0.2114011952653527,ok
mixed-density,pate,continuous,256,0,0.3222537022083998,ok
mixed-density,pate,continuous,256,1,0.3209487022832036,ok
mixed-density,pate,continuous,256,2,0.3203621366992593,ok
mixed-density,pate,continuous,256,3,0.3205984197556972,ok
mixed-density,pate,continuous,256,4,0.3214898817241192,ok
mixed-density,pate,continuous,512,0,0.7018677033483982,ok
mixed-density,pate,continuous,512,1,0.6957981735467911,ok
mixed-density,pate,continuous,512,2,0.6944529637694359,ok
mixed-density,pate,continuous,512,3,0.6931668296456337,ok
mixed-density,pate,continuous,512,4,0.6946890037506819,ok
mixed-density,pate,continuous,1024,0,2.1719217617064714,ok
mixed-density,pate,continuous,1024,1,2.179273367859423,ok
mixed-density,pate,continuous,1024,2,2.171597739681601,ok
mixed-density,pate,continuous,1024,3,2.181016517803073,ok
mixed-density,pate,continuous,1024,4,2.1744380658492446,ok
mixed-density,pate,continuous,2048,0,6.838561799377203,ok
mixed-density,pate,continuous,2048,1,6.839666754938662,ok
mixed-density,pate,continuous,2048,2,6.840724045410752,ok
mixed-density,pate,continuous,2048,3,6.843691827729344,ok
mixed-density,pate,continuous,2048,4,6.836797161027789,ok
mixed-density,pate,continuous,4096,0,24.731532216072083,ok
mixed-density,pate,continuous,4096,1,24.756583002395928,ok
mixed-density,pate,continuous,4096,2,24.712491856887937,ok
mixed-density,pate,continuous,4096,3,24.744233035482463,ok
mixed-density,pate,continuous,4096,4,24.72287758998573,ok
mixed-density,pate,continuous,8192,0,95.5789020555094,ok
mixed-density,pate,continuous,8192,1,95.52082463353872,ok
mixed-density,pate,continuous,8192,2,95.55691567901522,ok
mixed-density,pate,continuous,8192,3,95.56602813582867,ok
mixed-density,pate,continuous,8192,4,95.56918947584929,ok
mixed-density,pate,continuous,16384,0,387.671809848398,ok
mixed-density,pate,continuous,16384,1,387.8127026269213,ok
mixed-density,pate,continuous,16384,2,387.6848132209852,ok
mixed-density,pate,continuous,16384,3,387.8069548243657,ok
mixed-density,pate,continuous,16384,4,387.7278884379193,ok
mixed-density,pate,continuous,32768,0,1532.9486802890897,ok
mixed-density,pate,continuous,32768,1,1533.3781716534868,ok
mixed-density,pate,continuous,32768,2,1533.0718951681629,ok
mixed-density,pate,continuous,32768,3,1533.641223573126,ok
mixed-density,pate,continuous,32768,4,1532.764555742964,ok
mixed-density,pate,continuous,65536,0,6288.263482894748,ok
mixed-density,pate,continuous,65536,1,6246.403169548139,ok
mixed-density,pate,continuous,65536,2,6252.389528696425,ok
mixed-density,pate,continuous,65536,3,6244.630001341924,ok
mixed-density,pate,continuous,65536,4,6273.022206658497,ok
mixed-density,pate,continuous,131072,0,25577.81162528321,ok
mixed-density,pate,continuous,131072,1,25377.0368177332,ok
mixed-density,pate,continuous,131072,2,25350.806739762425,ok
mixed-density,pate,continuous,131072,3,25374.23788565863,ok
mixed-density,pate,continuous,131072,4,25323.758865110576,ok
mixed-density,pate,continuous,262144,0,86400.0,timeout
mixed-density,pate,continuous,262144,1,86400.0,timeout
mixed-density,pate,continuous,262144,2,86400.0,timeout
mixed-density,pate,continuous,262144,3,86400.0,timeout
mixed-density,pate,continuous,262144,4,86400.0,timeout
mixed-density,pate,continuous,524288,0,86400.0,timeout
mixed-density,pate,continuous,524288,1,86400.0,timeout
mixed-density,pate,continuous,524288,2,86400.0,timeout
mixed-density,pate,continuous,524288,3,86400.0,timeout
mixed-density,pate,continuous,524288,4,86400.0,timeout
mixed-density,pate,continuous,1048576,0,86400.0,timeout
mixed-density,pate,continuous,1048576,1,86400.0,timeout
mixed-density,pate,continuous,1048576,2,86400.0,timeout
mixed-density,pate,continuous,1048576,3,86400.0,timeout
mixed-density,pate,continuous,1048576,4,86400.0,timeout
mixed-density,pate_f1,binary,256,0,0.0022903094068169,ok
mixed-density,pate_f1,binary,256,1,0.0015126466751098,ok
mixed-density,pate_f1,binary,256,2,0.0014899028465151,ok
mixed-density,pate_f1,binary,256,3,0.0015113884583115,ok
mixed-density,pate_f1,binary,256,4,0.001476801931858,ok
mixed-density,pate_f1,binary,512,0,0.0019551282748579,ok
mixed-density,pate_f1,binary,512,1,0.0018134284764528,ok
mixed-density,pate_f1,binary,512,2,0.0017361482605338,ok
mixed-density,pate_f1,binary,512,3,0.0017879698425531,ok
mixed-density,pate_f1,binary,512,4,0.0017970874905586,ok
mixed-density,pate_f1,binary,1024,0,0.0029441518709063,ok
mixed-density,pate_f1,binary,1024,1,0.002996027469635,ok
mixed-density,pate_f1,binary,1024,2,0.0029162010177969,ok
mixed-density,pate_f1,binary,1024,3,0.0029221214354038,ok
mixed-density,pate_f1,binary,1024,4,0.0029525598511099,ok
mixed-density,pate_f1,binary,2048,0,0.0069620227441191,ok
mixed-density,pate_f1,binary,2048,1,0.0067758429795503,ok
mixed-density,pate_f1,binary,2048,2,0.0069405985996127,ok
mixed-density,pate_f1,binary,2048,3,0.0068432623520493,ok
mixed-density,pate_f1,binary,2048,4,0.007170028053224,ok
mixed-density,pate_f1,binary,4096,0,0.0282341465353965,ok
mixed-density,pate_f1,binary,4096,1,0.0281222062185406,ok
mixed-density,pate_f1,binary,4096,2,0.0285737682133913,ok
mixed-density,pate_f1,binary,4096,3,0.0280116628855466,ok
mixed-density,pate_f1,binary,4096,4,0.0282730488106608,ok
mixed-density,pate_f1,binary,8192,0,0.0907093100249767,ok
mixed-density,pate_f1,binary,8192,1,0.090570724569261,ok
mixed-density,pate_f1,binary,8192,2,0.0904265930876135,ok
mixed-density,pate_f1,binary,8192,3,0.0912209991365671,ok
mixed-density,pate_f1,binary,8192,4,0.0903044436126947,ok
mixed-density,pate_f1,binary,16384,0,0.3107859026640653,ok
mixed-density,pate_f1,binary,16384,1,0.3101578475907445,ok
mixed-density,pate_f1,binary,16384,2,0.3097957158461213,ok
mixed-density,pate_f1,binary,16384,3,0.3097546705976128,ok
mixed-density,pate_f1,binary,16384,4,0.3100299770012498,ok
mixed-density,pate_f1,binary,32768,0,1.074511032551527,ok
mixed-density,pate_f1,binary,32768,1,1.1024564737454057,ok
mixed-density,pate_f1,binary,32768,2,1.0712677920237184,ok
mixed-density,pate_f1,binary,32768,3,1.0700693484395742,ok
mixed-density,pate_f1,binary,32768,4,1.0776154678314924,ok
mixed-density,pate_f1,binary,65536,0,4.703519308008254,ok
mixed-density,pate_f1,binary,65536,1,4.731105761602521,ok
mixed-density,pate_f1,binary,65536,2,4.699072567746043,ok
mixed-density,pate_f1,binary,65536,3,4.72396489046514,ok
mixed-density,pate_f1,binary,65536,4,4.729912065900862,ok
mixed-density,pate_f1,binary,131072,0,17.830239824950695,ok
mixed-density,pate_f1,binary,131072,1,17.788338981568813,ok
mixed-density,pate_f1,binary,131072,2,17.816560048609972,ok
mixed-density,pate_f1,binary,131072,3,17.828811401501298,ok
mixed-density,pate_f1,binary,131072,4,17.802052962593734,ok
mixed-density,pate_f1,binary,262144,0,69.97266714647412,ok
mixed-density,pate_f1,binary,262144,1,70.07827349193394,ok
mixed-density,pate_f1,binary,262144,2,69.87846327852458,ok
mixed-density,pate_f1,binary,262144,3,70.1232252586633,ok
mixed-density,pate_f1,binary,262144,4,70.17507303506136,ok
mixed-density,pate_f1,binary,524288,0,285.9204293834045,ok
mixed-density,pate_f1,binary,524288,1,286.6769639700651,ok
mixed-density,pate_f1,binary,524288,2,287.2409555362537,ok
mixed-density,pate_f1,binary,524288,3,286.4527951581404,ok
mixed-density,pate_f1,binary,524288,4,286.5366528984159,ok
mixed-density,pate_f1,binary,1048576,0,1144.944757968187,ok
mixed-density,pate_f1,binary,1048576,1,1144.06256151665,ok
mixed-density,pate_f1,binary,1048576,2,1145.9823571387678,ok
mixed-density,pate_f1,binary,1048576,3,1143.892883054912,ok
mixed-density,pate_f1,binary,1048576,4,1143.8176156682894,ok
mixed-density,pw_auc_pr,continuous,256,0,0.0006344830617308,ok
mixed-density,pw_auc_pr,continuous,256,1,0.0003988295793533,ok
mixed-density,pw_auc_pr,continuous,256,2,0.0003934362903237,ok
mixed-density,pw_auc_pr,continuous,256,3,0.0003912271931767,ok
mixed-density,pw_auc_pr,continuous,256,4,0.0004006931558251,ok
mixed-density,pw_auc_pr,continuous,512,0,0.0005099764093756,ok
mixed-density,pw_auc_pr,continuous,512,1,0.0004446078091859,ok
mixed-density,pw_auc_pr,continuous,512,2,0.0004232106730341,ok
mixed-density,pw_auc_pr,continuous,512,3,0.0004428224638104,ok
mixed-density,pw_auc_pr,continuous,512,4,0.0004312088713049,ok
mixed-density,pw_auc_pr,continuous,1024,0,0.0005821725353598,ok
mixed-density,pw_auc_pr,continuous,1024,1,0.0004854714497923,ok
mixed-density,pw_auc_pr,continuous,1024,2,0.0004820441827178,ok
mixed-density,pw_auc_pr,continuous,1024,3,0.0004841526970267,ok
mixed-density,pw_auc_pr,continuous,1024,4,0.0004852963611483,ok
mixed-density,pw_auc_pr,continuous,2048,0,0.0007280278950929,ok
mixed-density,pw_auc_pr,continuous,2048,1,0.0005989326164126,ok
mixed-density,pw_auc_pr,continuous,2048,2,0.0006327703595161,ok
mixed-density,pw_auc_pr,continuous,2048,3,0.0006497930735349,ok
mixed-density,pw_auc_pr,continuous,2048,4,0.0006498731672763,ok
mixed-density,pw_auc_pr,continuous,4096,0,0.000987458974123,ok
mixed-density,pw_auc_pr,continuous,4096,1,0.000844283029437,ok
mixed-density,pw_auc_pr,continuous,4096,2,0.0008434504270553,ok
mixed-density,pw_auc_pr,continuous,4096,3,0.0008617471903562,ok
mixed-density,pw_auc_pr,continuous,4096,4,0.0008449302986264,ok
mixed-density,pw_auc_pr,continuous,8192,0,0.0021668653935194,ok
mixed-density,pw_auc_pr,continuous,8192,1,0.0018550893291831,ok
mixed-density,pw_auc_pr,continuous,8192,2,0.0018612351268529,ok
mixed-density,pw_auc_pr,continuous,8192,3,0.0018710633739829,ok
mixed-density,pw_auc_pr,continuous,8192,4,0.0018565393984317,ok
mixed-density,pw_auc_pr,continuous,16384,0,0.0039332685992121,ok
mixed-density,pw_auc_pr,continuous,16384,1,0.0026520537212491,ok
mixed-density,pw_auc_pr,continuous,16384,2,0.0031981458887457,ok
mixed-density,pw_auc_pr,continuous,16384,3,0.0030400548130273,ok
mixed-density,pw_auc_pr,continuous,16384,4,0.0030165817588567,ok
mixed-density,pw_auc_pr,continuous,32768,0,0.0059465598315,ok
mixed-density,pw_auc_pr,continuous,32768,1,0.0052190320566296,ok
mixed-density,pw_auc_pr,continuous,32768,2,0.0050104456022381,ok
mixed-density,pw_auc_pr,continuous,32768,3,0.0049696648493409,ok
mixed-density,pw_auc_pr,continuous,32768,4,0.0049836868420243,ok
mixed-density,pw_auc_pr,continuous,65536,0,0.0120068723335862,ok
mixed-density,pw_auc_pr,continuous,65536,1,0.0102560231462121,ok
mixed-density,pw_auc_pr,continuous,65536,2,0.0102127622812986,ok
mixed-density,pw_auc_pr,continuous,65536,3,0.0101924417540431,ok
mixed-density,pw_auc_pr,continuous,65536,4,0.0101665155962109,ok
mixed-density,pw_auc_pr,continuous,131072,0,0.0242568058893084,ok
mixed-density,pw_auc_pr,continuous,131072,1,0.0215546339750289,ok
mixed-density,pw_auc_pr,continuous,131072,2,0.0215298580005764,ok
mixed-density,pw_auc_pr,continuous,131072,3,0.0215518092736601,ok
mixed-density,pw_auc_pr,continuous,131072,4,0.0215661888942122,ok
mixed-density,pw_auc_pr,continuous,262144,0,0.0518273562192916,ok
mixed-density,pw_auc_pr,continuous,262144,1,0.0460428856313228,ok
mixed-density,pw_auc_pr,continuous,262144,2,0.0461116787046194,ok
mixed-density,pw_auc_pr,continuous,262144,3,0.0460331290960311,ok
mixed-density,pw_auc_pr,continuous,262144,4,0.0460268016904592,ok
mixed-density,pw_auc_pr,continuous,524288,0,0.1104246340692043,ok
mixed-density,pw_auc_pr,continuous,524288,1,0.1016162801533937,ok
mixed-density,pw_auc_pr,continuous,524288,2,0.101403146982193,ok
mixed-density,pw_auc_pr,continuous,524288,3,0.1015938315540552,ok
mixed-density,pw_auc_pr,continuous,524288,4,0.1014680629596114,ok
mixed-density,pw_auc_pr,continuous,1048576,0,0.2102819327265024,ok
mixed-density,pw_auc_pr,continuous,1048576,1,0.2103848634287715,ok
mixed-density,pw_auc_pr,continuous,1048576,2,0.2130070952698588,ok
mixed-density,pw_auc_pr,continuous,1048576,3,0.2128258189186453,ok
mixed-density,pw_auc_pr,continuous,1048576,4,0.2103174235671758,ok
mixed-density,pw_auc_roc,continuous,256,0,0.001427755691111,ok
mixed-density,pw_auc_roc,continuous,256,1,0.0006399080157279,ok
mixed-density,pw_auc_roc,continuous,256,2,0.0006518475711345,ok
mixed-density,pw_auc_roc,continuous,256,3,0.0006168335676193,ok
mixed-density,pw_auc_roc,continuous,256,4,0.00062997918576,ok
mixed-density,pw_auc_roc,continuous,512,0,0.0007417611777782,ok
mixed-density,pw_auc_roc,continuous,512,1,0.0006589163094758,ok
mixed-density,pw_auc_roc,continuous,512,2,0.0006804652512073,ok
mixed-density,pw_auc_roc,continuous,512,3,0.0006578071042895,ok
mixed-density,pw_auc_roc,continuous,512,4,0.0006872601807117,ok
mixed-density,pw_auc_roc,continuous,1024,0,0.0007863109931349,ok
mixed-density,pw_auc_roc,continuous,1024,1,0.0009720399975776,ok
mixed-density,pw_auc_roc,continuous,1024,2,0.0009003719314932,ok
mixed-density,pw_auc_roc,continuous,1024,3,0.0009028445929288,ok
mixed-density,pw_auc_roc,continuous,1024,4,0.0009143911302089,ok
mixed-density,pw_auc_roc,continuous,2048,0,0.0010476475581526,ok
mixed-density,pw_auc_roc,continuous,2048,1,0.0010734442621469,ok
mixed-density,pw_auc_roc,continuous,2048,2,0.0010740971192717,ok
mixed-density,pw_auc_roc,continuous,2048,3,0.0011062454432249,ok
mixed-density,pw_auc_roc,continuous,2048,4,0.0010721962898969,ok
mixed-density,pw_auc_roc,continuous,4096,0,0.0014449022710323,ok
mixed-density,pw_auc_roc,continuous,4096,1,0.0014271885156631,ok
mixed-density,pw_auc_roc,continuous,4096,2,0.0014541652053594,ok
mixed-density,pw_auc_roc,continuous,4096,3,0.0014235712587833,ok
mixed-density,pw_auc_roc,continuous,4096,4,0.001428609713912,ok
mixed-density,pw_auc_roc,continuous,8192,0,0.0023209284991025,ok
mixed-density,pw_auc_roc,continuous,8192,1,0.0022093439474701,ok
mixed-density,pw_auc_roc,continuous,8192,2,0.0021835537627339,ok
mixed-density,pw_auc_roc,continuous,8192,3,0.0021793423220515,ok
mixed-density,pw_auc_roc,continuous,8192,4,0.0021769274026155,ok
mixed-density,pw_auc_roc,continuous,16384,0,0.0039501013234257,ok
mixed-density,pw_auc_roc,continuous,16384,1,0.0037589333951473,ok
mixed-density,pw_auc_roc,continuous,16384,2,0.0037638377398252,ok
mixed-density,pw_auc_roc,continuous,16384,3,0.0037706866860389,ok
mixed-density,pw_auc_roc,continuous,16384,4,0.0037657720968127,ok
mixed-density,pw_auc_roc,continuous,32768,0,0.0071610026061534,ok
mixed-density,pw_auc_roc,continuous,32768,1,0.0069526899605989,ok
mixed-density,pw_auc_roc,continuous,32768,2,0.0065835965797305,ok
mixed-density,pw_auc_roc,continuous,32768,3,0.0065609803423285,ok
mixed-density,pw_auc_roc,continuous,32768,4,0.0065802792087197,ok
mixed-density,pw_auc_roc,continuous,65536,0,0.0135362446308135,ok
mixed-density,pw_auc_roc,continuous,65536,1,0.012020512484014,ok
mixed-density,pw_auc_roc,continuous,65536,2,0.011405392549932,ok
mixed-density,pw_auc_roc,continuous,65536,3,0.0151872849091887,ok
mixed-density,pw_auc_roc,continuous,65536,4,0.0114591000601649,ok
mixed-density,pw_auc_roc,continuous,131072,0,0.0276182042434811,ok
mixed-density,pw_auc_roc,continuous,131072,1,0.023675980977714,ok
mixed-density,pw_auc_roc,continuous,131072,2,0.0237229680642485,ok
mixed-density,pw_auc_roc,continuous,131072,3,0.0236570332199335,ok
mixed-density,pw_auc_roc,continuous,131072,4,0.0236144056543707,ok
mixed-density,pw_auc_roc,continuous,262144,0,0.0575468866154551,ok
mixed-density,pw_auc_roc,continuous,262144,1,0.0498202629387378,ok
mixed-density,pw_auc_roc,continuous,262144,2,0.0499870218336582,ok
mixed-density,pw_auc_roc,continuous,262144,3,0.0498141525313258,ok
mixed-density,pw_auc_roc,continuous,262144,4,0.0498571377247571,ok
mixed-density,pw_auc_roc,continuous,524288,0,0.1146809114143252,ok
mixed-density,pw_auc_roc,continuous,524288,1,0.1011030972003936,ok
mixed-density,pw_auc_roc,continuous,524288,2,0.1010805377736687,ok
mixed-density,pw_auc_roc,continuous,524288,3,0.0976173747330904,ok
mixed-density,pw_auc_roc,continuous,524288,4,0.0824789991602301,ok
mixed-density,pw_auc_roc,continuous,1048576,0,0.2032573260366916,ok
mixed-density,pw_auc_roc,continuous,1048576,1,0.1997461887076497,ok
mixed-density,pw_auc_roc,continuous,1048576,2,0.1970510249957442,ok
mixed-density,pw_auc_roc,continuous,1048576,3,0.1970916371792554,ok
mixed-density,pw_auc_roc,continuous,1048576,4,0.1972428979352116,ok
mixed-density,pwf,binary,256,0,0.000988564454019,ok
mixed-density,pwf,binary,256,1,0.0003803307190537,ok
mixed-density,pwf,binary,256,2,0.00037691462785,ok
mixed-density,pwf,binary,256,3,0.0003338856622576,ok
mixed-density,pwf,binary,256,4,0.0003374116495251,ok
mixed-density,pwf,binary,512,0,0.0003594513982534,ok
mixed-density,pwf,binary,512,1,0.0003592809662222,ok
mixed-density,pwf,binary,512,2,0.0003520864993333,ok
mixed-density,pwf,binary,512,3,0.0003520539030432,ok
mixed-density,pwf,binary,512,4,0.0003498941659927,ok
mixed-density,pwf,binary,1024,0,0.0003838688135147,ok
mixed-density,pwf,binary,1024,1,0.0003754347562789,ok
mixed-density,pwf,binary,1024,2,0.0003683920949697,ok
mixed-density,pwf,binary,1024,3,0.0003714803606271,ok
mixed-density,pwf,binary,1024,4,0.0004129819571971,ok
mixed-density,pwf,binary,2048,0,0.0004208413884043,ok
mixed-density,pwf,binary,2048,1,0.0003922972828149,ok
mixed-density,pwf,binary,2048,2,0.0003926791250705,ok
mixed-density,pwf,binary,2048,3,0.0003930814564228,ok
mixed-density,pwf,binary,2048,4,0.0003920961171388,ok
mixed-density,pwf,binary,4096,0,0.0004603965207934,ok
mixed-density,pwf,binary,4096,1,0.0004354193806648,ok
mixed-density,pwf,binary,4096,2,0.0005369922146201,ok
mixed-density,pwf,binary,4096,3,0.0005625179037451,ok
mixed-density,pwf,binary,4096,4,0.000507628545165,ok
mixed-density,pwf,binary,8192,0,0.0006957398727536,ok
mixed-density,pwf,binary,8192,1,0.0006349040195345,ok
mixed-density,pwf,binary,8192,2,0.0006308620795607,ok
mixed-density,pwf,binary,8192,3,0.0005364995449781,ok
mixed-density,pwf,binary,8192,4,0.0005204789340496,ok
mixed-density,pwf,binary,16384,0,0.0007948456332087,ok
mixed-density,pwf,binary,16384,1,0.0006893584504723,ok
mixed-density,pwf,binary,16384,2,0.0007157903164625,ok
mixed-density,pwf,binary,16384,3,0.0009903106838464,ok
mixed-density,pwf,binary,16384,4,0.0009359205141663,ok
mixed-density,pwf,binary,32768,0,0.0017759930342435,ok
mixed-density,pwf,binary,32768,1,0.0014264369383454,ok
mixed-density,pwf,binary,32768,2,0.0014099786058068,ok
mixed-density,pwf,binary,32768,3,0.0014096470549702,ok
mixed-density,pwf,binary,32768,4,0.0014319773763418,ok
mixed-density,pwf,binary,65536,0,0.0027656285092234,ok
mixed-density,pwf,binary,65536,1,0.0022638561204075,ok
mixed-density,pwf,binary,65536,2,0.0022800164297223,ok
mixed-density,pwf,binary,65536,3,0.00230314116925,ok
mixed-density,pwf,binary,65536,4,0.0022627785801887,ok
mixed-density,pwf,binary,131072,0,0.0054645035415887,ok
mixed-density,pwf,binary,131072,1,0.0045058745890855,ok
mixed-density,pwf,binary,131072,2,0.0045207552611827,ok
mixed-density,pwf,binary,131072,3,0.0044876709580421,ok
mixed-density,pwf,binary,131072,4,0.0053176172077655,ok
mixed-density,pwf,binary,262144,0,0.0091314204037189,ok
mixed-density,pwf,binary,262144,1,0.0084323808550834,ok
mixed-density,pwf,binary,262144,2,0.0083603244274854,ok
mixed-density,pwf,binary,262144,3,0.0083605498075485,ok
mixed-density,pwf,binary,262144,4,0.0083793019875884,ok
mixed-density,pwf,binary,524288,0,0.0158526236191391,ok
mixed-density,pwf,binary,524288,1,0.015704870223999,ok
mixed-density,pwf,binary,524288,2,0.0143530312925577,ok
mixed-density,pwf,binary,524288,3,0.0143581684678792,ok
mixed-density,pwf,binary,524288,4,0.0143606988713145,ok
mixed-density,pwf,binary,1048576,0,0.0304909273982048,ok
mixed-density,pwf,binary,1048576,1,0.030441204085946,ok
mixed-density,pwf,binary,1048576,2,0.0304061667993664,ok
mixed-density,pwf,binary,1048576,3,0.0303552951663732,ok
mixed-density,pwf,binary,1048576,4,0.0303992424160242,ok
mixed-density,rbf,binary,256,0,0.0012401165440678,ok
mixed-density,rbf,binary,256,1,0.0008241645991802,ok
mixed-density,rbf,binary,256,2,0.0008127652108669,ok
mixed-density,rbf,binary,256,3,0.0008055102080106,ok
mixed-density,rbf,binary,256,4,0.0008082259446382,ok
mixed-density,rbf,binary,512,0,0.0011906148865818,ok
mixed-density,rbf,binary,512,1,0.0010189888998866,ok
mixed-density,rbf,binary,512,2,0.0010385168716311,ok
mixed-density,rbf,binary,512,3,0.0010116687044501,ok
mixed-density,rbf,binary,512,4,0.0010142177343368,ok
mixed-density,rbf,binary,1024,0,0.0012962045148015,ok
mixed-density,rbf,binary,1024,1,0.0012291576713323,ok
mixed-density,rbf,binary,1024,2,0.0012243241071701,ok
mixed-density,rbf,binary,1024,3,0.0014014448970556,ok
mixed-density,rbf,binary,1024,4,0.0012979106977581,ok
mixed-density,rbf,binary,2048,0,0.0019645914435386,ok
mixed-density,rbf,binary,2048,1,0.0019018491730093,ok
mixed-density,rbf,binary,2048,2,0.0018735919147729,ok
mixed-density,rbf,binary,2048,3,0.0018742624670267,ok
mixed-density,rbf,binary,2048,4,0.0021194275468587,ok
mixed-density,rbf,binary,4096,0,0.0042525455355644,ok
mixed-density,rbf,binary,4096,1,0.0040020737797021,ok
mixed-density,rbf,binary,4096,2,0.0039953757077455,ok
mixed-density,rbf,binary,4096,3,0.0040015019476413,ok
mixed-density,rbf,binary,4096,4,0.0037810551002621,ok
mixed-density,rbf,binary,8192,0,0.0102897612378001,ok
mixed-density,rbf,binary,8192,1,0.0098029496148228,ok
mixed-density,rbf,binary,8192,2,0.009373783133924,ok
mixed-density,rbf,binary,8192,3,0.00938006862998,ok
mixed-density,rbf,binary,8192,4,0.0093393670395016,ok
mixed-density,rbf,binary,16384,0,0.0351164955645799,ok
mixed-density,rbf,binary,16384,1,0.0350843630731105,ok
mixed-density,rbf,binary,16384,2,0.0352436108514666,ok
mixed-density,rbf,binary,16384,3,0.0350877633318305,ok
mixed-density,rbf,binary,16384,4,0.0350999403744936,ok
mixed-density,rbf,binary,32768,0,0.1521120797842741,ok
mixed-density,rbf,binary,32768,1,0.1515697119757533,ok
mixed-density,rbf,binary,32768,2,0.1526261260733008,ok
mixed-density,rbf,binary,32768,3,0.142705937847495,ok
mixed-density,rbf,binary,32768,4,0.1230451632291078,ok
mixed-density,rbf,binary,65536,0,0.4734466141089797,ok
mixed-density,rbf,binary,65536,1,0.476663364097476,ok
mixed-density,rbf,binary,65536,2,0.4761870484799146,ok
mixed-density,rbf,binary,65536,3,0.474641852080822,ok
mixed-density,rbf,binary,65536,4,0.4740663887932896,ok
mixed-density,rbf,binary,131072,0,1.8533662809059024,ok
mixed-density,rbf,binary,131072,1,1.858470099978149,ok
mixed-density,rbf,binary,131072,2,1.843873000703752,ok
mixed-density,rbf,binary,131072,3,1.8531012274324892,ok
mixed-density,rbf,binary,131072,4,1.8469567401334643,ok
mixed-density,rbf,binary,262144,0,7.449783169664442,ok
mixed-density,rbf,binary,262144,1,7.453843494877219,ok
mixed-density,rbf,binary,262144,2,7.451984763145447,ok
mixed-density,rbf,binary,262144,3,7.436069098301232,ok
mixed-density,rbf,binary,262144,4,7.4326625587418675,ok
mixed-density,rbf,binary,524288,0,28.88328484632075,ok
mixed-density,rbf,binary,524288,1,28.749370318837464,ok
mixed-density,rbf,binary,524288,2,28.933295578695837,ok
mixed-density,rbf,binary,524288,3,28.793329800479118,ok
mixed-density,rbf,binary,524288,4,28.87746573332697,ok
mixed-density,rbf,binary,1048576,0,117.35220318939535,ok
mixed-density,rbf,binary,1048576,1,116.97115656081588,ok
mixed-density,rbf,binary,1048576,2,117.44818907417356,ok
mixed-density,rbf,binary,1048576,3,117.11154660582542,ok
mixed-density,rbf,binary,1048576,4,116.98389465734364,ok
mixed-density,swf,binary,256,0,0.000820486806333,ok
mixed-density,swf,binary,256,1,0.0004854556173086,ok
mixed-density,swf,binary,256,2,0.0005107186734676,ok
mixed-density,swf,binary,256,3,0.0005291923880577,ok
mixed-density,swf,binary,256,4,0.0005611507222056,ok
mixed-density,swf,binary,512,0,0.0005848351866006,ok
mixed-density,swf,binary,512,1,0.0005574198439717,ok
mixed-density,swf,binary,512,2,0.0005136467516422,ok
mixed-density,swf,binary,512,3,0.0005046324804425,ok
mixed-density,swf,binary,512,4,0.0005044089630246,ok
mixed-density,swf,binary,1024,0,0.0005867853760719,ok
mixed-density,swf,binary,1024,1,0.000533390790224,ok
mixed-density,swf,binary,1024,2,0.0007330337539315,ok
mixed-density,swf,binary,1024,3,0.0007337378337979,ok
mixed-density,swf,binary,1024,4,0.0007320838049054,ok
mixed-density,swf,binary,2048,0,0.0008277278393507,ok
mixed-density,swf,binary,2048,1,0.0008057225495576,ok
mixed-density,swf,binary,2048,2,0.000801695510745,ok
mixed-density,swf,binary,2048,3,0.0008014505729079,ok
mixed-density,swf,binary,2048,4,0.0008308636024594,ok
mixed-density,swf,binary,4096,0,0.0009906822815537,ok
mixed-density,swf,binary,4096,1,0.0009390143677592,ok
mixed-density,swf,binary,4096,2,0.0009726583957672,ok
mixed-density,swf,binary,4096,3,0.0009349668398499,ok
mixed-density,swf,binary,4096,4,0.0009387442842125,ok
mixed-density,swf,binary,8192,0,0.0012783771380782,ok
mixed-density,swf,binary,8192,1,0.0011909138411283,ok
mixed-density,swf,binary,8192,2,0.0011754399165511,ok
mixed-density,swf,binary,8192,3,0.0011845780536532,ok
mixed-density,swf,binary,8192,4,0.0011873738840222,ok
mixed-density,swf,binary,16384,0,0.0018524527549743,ok
mixed-density,swf,binary,16384,1,0.0017578648403286,ok
mixed-density,swf,binary,16384,2,0.001719550229609,ok
mixed-density,swf,binary,16384,3,0.0017207199707627,ok
mixed-density,swf,binary,16384,4,0.0017415499314665,ok
mixed-density,swf,binary,32768,0,0.0031084874644875,ok
mixed-density,swf,binary,32768,1,0.0028300751000642,ok
mixed-density,swf,binary,32768,2,0.00278065726161,ok
mixed-density,swf,binary,32768,3,0.0028175739571452,ok
mixed-density,swf,binary,32768,4,0.0027890568599104,ok
mixed-density,swf,binary,65536,0,0.0051645599305629,ok
mixed-density,swf,binary,65536,1,0.0047059645876288,ok
mixed-density,swf,binary,65536,2,0.0047013284638524,ok
mixed-density,swf,binary,65536,3,0.0046940278261899,ok
mixed-density,swf,binary,65536,4,0.0046944022178649,ok
mixed-density,swf,binary,131072,0,0.0110316565260291,ok
mixed-density,swf,binary,131072,1,0.0096234874799847,ok
mixed-density,swf,binary,131072,2,0.0096317566931247,ok
mixed-density,swf,binary,131072,3,0.0091888643801212,ok
mixed-density,swf,binary,131072,4,0.0091952541843056,ok
mixed-density,swf,binary,262144,0,0.0194500954821705,ok
mixed-density,swf,binary,262144,1,0.0178098138421773,ok
mixed-density,swf,binary,262144,2,0.0178269175812602,ok
mixed-density,swf,binary,262144,3,0.0177892353385686,ok
mixed-density,swf,binary,262144,4,0.0178363546729087,ok
mixed-density,swf,binary,524288,0,0.038589253090322,ok
mixed-density,swf,binary,524288,1,0.0355958705767989,ok
mixed-density,swf,binary,524288,2,0.0354185886681079,ok
mixed-density,swf,binary,524288,3,0.0357225704938173,ok
mixed-density,swf,binary,524288,4,0.0354751460254192,ok
mixed-density,swf,binary,1048576,0,0.0740501657128334,ok
mixed-density,swf,binary,1048576,1,0.0676322150975465,ok
mixed-density,swf,binary,1048576,2,0.0678597679361701,ok
mixed-density,swf,binary,1048576,3,0.0678397845476865,ok
mixed-density,swf,binary,1048576,4,0.0675709033384919,ok
mixed-density,taf,binary,256,0,0.0010389648377895,ok
mixed-density,taf,binary,256,1,0.0008752895519137,ok
mixed-density,taf,binary,256,2,0.0009625628590583,ok
mixed-density,taf,binary,256,3,0.0009591691195964,ok
mixed-density,taf,binary,256,4,0.0009584054350852,ok
mixed-density,taf,binary,512,0,0.0014392239972949,ok
mixed-density,taf,binary,512,1,0.0014392547309398,ok
mixed-density,taf,binary,512,2,0.0014279000461101,ok
mixed-density,taf,binary,512,3,0.0014286832883954,ok
mixed-density,taf,binary,512,4,0.0014399169012904,ok
mixed-density,taf,binary,1024,0,0.0033408235758543,ok
mixed-density,taf,binary,1024,1,0.0033684810623526,ok
mixed-density,taf,binary,1024,2,0.003382041119039,ok
mixed-density,taf,binary,1024,3,0.0033392962068319,ok
mixed-density,taf,binary,1024,4,0.0033577242866158,ok
mixed-density,taf,binary,2048,0,0.0062174489721655,ok
mixed-density,taf,binary,2048,1,0.0062635103240609,ok
mixed-density,taf,binary,2048,2,0.006286553107202,ok
mixed-density,taf,binary,2048,3,0.0062546543776988,ok
mixed-density,taf,binary,2048,4,0.006222914904356,ok
mixed-density,taf,binary,4096,0,0.0152910305187106,ok
mixed-density,taf,binary,4096,1,0.0152795165777206,ok
mixed-density,taf,binary,4096,2,0.0153009882196784,ok
mixed-density,taf,binary,4096,3,0.0153193017467856,ok
mixed-density,taf,binary,4096,4,0.0153142791241407,ok
mixed-density,taf,binary,8192,0,0.0368156572803854,ok
mixed-density,taf,binary,8192,1,0.0367642007768154,ok
mixed-density,taf,binary,8192,2,0.0364012131467461,ok
mixed-density,taf,binary,8192,3,0.0364087112247943,ok
mixed-density,taf,binary,8192,4,0.0365538019686937,ok
mixed-density,taf,binary,16384,0,0.1182609014213085,ok
mixed-density,taf,binary,16384,1,0.1176256453618407,ok
mixed-density,taf,binary,16384,2,0.1140660364180803,ok
mixed-density,taf,binary,16384,3,0.0954934163019061,ok
mixed-density,taf,binary,16384,4,0.0955242030322551,ok
mixed-density,taf,binary,32768,0,0.3495514439418912,ok
mixed-density,taf,binary,32768,1,0.3488964326679706,ok
mixed-density,taf,binary,32768,2,0.3503263127058744,ok
mixed-density,taf,binary,32768,3,0.3475429154932499,ok
mixed-density,taf,binary,32768,4,0.3499339316040277,ok
mixed-density,taf,binary,65536,0,1.2455496983602643,ok
mixed-density,taf,binary,65536,1,1.2493536118417978,ok
mixed-density,taf,binary,65536,2,1.2502054404467344,ok
mixed-density,taf,binary,65536,3,1.2508785901591182,ok
mixed-density,taf,binary,65536,4,1.248434640467167,ok
mixed-density,taf,binary,131072,0,4.682009428739548,ok
mixed-density,taf,binary,131072,1,4.698850398883224,ok
mixed-density,taf,binary,131072,2,4.68216226156801,ok
mixed-density,taf,binary,131072,3,4.654821909964085,ok
mixed-density,taf,binary,131072,4,4.735071491450071,ok
mixed-density,taf,binary,262144,0,18.277342387475077,ok
mixed-density,taf,binary,262144,1,18.35155979637057,ok
mixed-density,taf,binary,262144,2,18.35067160334438,ok
mixed-density,taf,binary,262144,3,18.380201417952776,ok
mixed-density,taf,binary,262144,4,18.355948415584862,ok
mixed-density,taf,binary,524288,0,70.31803543586284,ok
mixed-density,taf,binary,524288,1,70.35106608085334,ok
mixed-density,taf,binary,524288,2,70.77441605553031,ok
mixed-density,taf,binary,524288,3,70.9708043942228,ok
mixed-density,taf,binary,524288,4,70.61468071676791,ok
mixed-density,taf,binary,1048576,0,284.9889256032184,ok
mixed-density,taf,binary,1048576,1,283.5438667610288,ok
mixed-density,taf,binary,1048576,2,281.87235320545733,ok
mixed-density,taf,binary,1048576,3,283.18676158133894,ok
mixed-density,taf,binary,1048576,4,283.9492024835199,ok
mixed-density,td,binary,256,0,0.0004704007878899,ok
mixed-density,td,binary,256,1,0.0004565184935927,ok
mixed-density,td,binary,256,2,0.0004122033715248,ok
mixed-density,td,binary,256,3,0.0004250044003129,ok
mixed-density,td,binary,256,4,0.0004464164376258,ok
mixed-density,td,binary,512,0,0.0004948889836668,ok
mixed-density,td,binary,512,1,0.000470052473247,ok
mixed-density,td,binary,512,2,0.0004724003374576,ok
mixed-density,td,binary,512,3,0.0004710126668214,ok
mixed-density,td,binary,512,4,0.000471550039947,ok
mixed-density,td,binary,1024,0,0.0007447302341461,ok
mixed-density,td,binary,1024,1,0.0007241033017635,ok
mixed-density,td,binary,1024,2,0.0007939208298921,ok
mixed-density,td,binary,1024,3,0.0007229773327708,ok
mixed-density,td,binary,1024,4,0.0007201889529824,ok
mixed-density,td,binary,2048,0,0.0010739080607891,ok
mixed-density,td,binary,2048,1,0.0010535297915339,ok
mixed-density,td,binary,2048,2,0.0011256132274866,ok
mixed-density,td,binary,2048,3,0.0010520974174141,ok
mixed-density,td,binary,2048,4,0.0011117849498987,ok
mixed-density,td,binary,4096,0,0.0018689529970288,ok
mixed-density,td,binary,4096,1,0.0018850062042474,ok
mixed-density,td,binary,4096,2,0.0018415870144963,ok
mixed-density,td,binary,4096,3,0.0018412927165627,ok
mixed-density,td,binary,4096,4,0.00191171746701,ok
mixed-density,td,binary,8192,0,0.0032506715506315,ok
mixed-density,td,binary,8192,1,0.0031905462965369,ok
mixed-density,td,binary,8192,2,0.0031526396051049,ok
mixed-density,td,binary,8192,3,0.003213451243937,ok
mixed-density,td,binary,8192,4,0.0032116528600454,ok
mixed-density,td,binary,16384,0,0.0068375607952475,ok
mixed-density,td,binary,16384,1,0.0067666070535779,ok
mixed-density,td,binary,16384,2,0.0067004766315221,ok
mixed-density,td,binary,16384,3,0.0067865941673517,ok
mixed-density,td,binary,16384,4,0.0067986752837896,ok
mixed-density,td,binary,32768,0,0.0129619492217898,ok
mixed-density,td,binary,32768,1,0.0128497099503874,ok
mixed-density,td,binary,32768,2,0.0130965523421764,ok
mixed-density,td,binary,32768,3,0.0128461522981524,ok
mixed-density,td,binary,32768,4,0.0129016563296318,ok
mixed-density,td,binary,65536,0,0.0251344954594969,ok
mixed-density,td,binary,65536,1,0.0250922450795769,ok
mixed-density,td,binary,65536,2,0.025097144767642,ok
mixed-density,td,binary,65536,3,0.0250846678391098,ok
mixed-density,td,binary,65536,4,0.0251002367585897,ok
mixed-density,td,binary,131072,0,0.0505459168925881,ok
mixed-density,td,binary,131072,1,0.0507269725203514,ok
mixed-density,td,binary,131072,2,0.0505021465942263,ok
mixed-density,td,binary,131072,3,0.0505834827199578,ok
mixed-density,td,binary,131072,4,0.0505158873274922,ok
mixed-density,td,binary,262144,0,0.1020616544410586,ok
mixed-density,td,binary,262144,1,0.1019700644537806,ok
mixed-density,td,binary,262144,2,0.1018493827432394,ok
mixed-density,td,binary,262144,3,0.1019729226827621,ok
mixed-density,td,binary,262144,4,0.1018526358529925,ok
mixed-density,td,binary,524288,0,0.2020355947315693,ok
mixed-density,td,binary,524288,1,0.2014435743913054,ok
mixed-density,td,binary,524288,2,0.2013580026105046,ok
mixed-density,td,binary,524288,3,0.2013030182570219,ok
mixed-density,td,binary,524288,4,0.2013926105573773,ok
mixed-density,td,binary,1048576,0,0.4062045784667134,ok
mixed-density,td,binary,1048576,1,0.4060742948204279,ok
mixed-density,td,binary,1048576,2,0.4060310302302241,ok
mixed-density,td,binary,1048576,3,0.4060400845482945,ok
mixed-density,td,binary,1048576,4,0.4060318218544125,ok
mixed-density,tdir,binary,256,0,0.0006243847310543,ok
mixed-density,tdir,binary,256,1,0.0003967694938182,ok
mixed-density,tdir,binary,256,2,0.0003842553123831,ok
mixed-density,tdir,binary,256,3,0.0003854027017951,ok
mixed-density,tdir,binary,256,4,0.0004067448899149,ok
mixed-density,tdir,binary,512,0,0.0005137808620929,ok
mixed-density,tdir,binary,512,1,0.0004418101161718,ok
mixed-density,tdir,binary,512,2,0.0004725474864244,ok
mixed-density,tdir,binary,512,3,0.000442324206233,ok
mixed-density,tdir,binary,512,4,0.000490684993565,ok
mixed-density,tdir,binary,1024,0,0.0005184058099985,ok
mixed-density,tdir,binary,1024,1,0.0004665171727538,ok
mixed-density,tdir,binary,1024,2,0.0004666298627853,ok
mixed-density,tdir,binary,1024,3,0.0004691174253821,ok
mixed-density,tdir,binary,1024,4,0.0004666531458497,ok
mixed-density,tdir,binary,2048,0,0.0006686029955744,ok
mixed-density,tdir,binary,2048,1,0.0006183255463838,ok
mixed-density,tdir,binary,2048,2,0.000620974227786,ok
mixed-density,tdir,binary,2048,3,0.0006229039281606,ok
mixed-density,tdir,binary,2048,4,0.0006190408021211,ok
mixed-density,tdir,binary,4096,0,0.0008768448606133,ok
mixed-density,tdir,binary,4096,1,0.0008130185306072,ok
mixed-density,tdir,binary,4096,2,0.0008107712492346,ok
mixed-density,tdir,binary,4096,3,0.0010097669437527,ok
mixed-density,tdir,binary,4096,4,0.0010194135829806,ok
mixed-density,tdir,binary,8192,0,0.0018050922080874,ok
mixed-density,tdir,binary,8192,1,0.0017461339011788,ok
mixed-density,tdir,binary,8192,2,0.0017644986510276,ok
mixed-density,tdir,binary,8192,3,0.0017407834529876,ok
mixed-density,tdir,binary,8192,4,0.0017333151772618,ok
mixed-density,tdir,binary,16384,0,0.0026344284415245,ok
mixed-density,tdir,binary,16384,1,0.0025048200041055,ok
mixed-density,tdir,binary,16384,2,0.002539936453104,ok
mixed-density,tdir,binary,16384,3,0.0025220904499292,ok
mixed-density,tdir,binary,16384,4,0.0025352053344249,ok
mixed-density,tdir,binary,32768,0,0.0052276067435741,ok
mixed-density,tdir,binary,32768,1,0.0049206614494323,ok
mixed-density,tdir,binary,32768,2,0.0049461564049124,ok
mixed-density,tdir,binary,32768,3,0.0049669072031974,ok
mixed-density,tdir,binary,32768,4,0.0049486253410577,ok
mixed-density,tdir,binary,65536,0,0.0099293263629078,ok
mixed-density,tdir,binary,65536,1,0.0094559714198112,ok
mixed-density,tdir,binary,65536,2,0.009390627965331,ok
mixed-density,tdir,binary,65536,3,0.0094867115840315,ok
mixed-density,tdir,binary,65536,4,0.009479203261435,ok
mixed-density,tdir,binary,131072,0,0.0195644181221723,ok
mixed-density,tdir,binary,131072,1,0.018707632087171,ok
mixed-density,tdir,binary,131072,2,0.018739421851933,ok
mixed-density,tdir,binary,131072,3,0.018579819239676,ok
mixed-density,tdir,binary,131072,4,0.0187495630234479,ok
mixed-density,tdir,binary,262144,0,0.0374250020831823,ok
mixed-density,tdir,binary,262144,1,0.0352778825908899,ok
mixed-density,tdir,binary,262144,2,0.0355306966230273,ok
mixed-density,tdir,binary,262144,3,0.0354480147361755,ok
mixed-density,tdir,binary,262144,4,0.0353037212044,ok
mixed-density,tdir,binary,524288,0,0.0762869985774159,ok
mixed-density,tdir,binary,524288,1,0.0728223649784922,ok
mixed-density,tdir,binary,524288,2,0.0724296048283577,ok
mixed-density,tdir,binary,524288,3,0.0726446621119976,ok
mixed-density,tdir,binary,524288,4,0.059189511463046,ok
mixed-density,tdir,binary,1048576,0,0.1255503576248884,ok
mixed-density,tdir,binary,1048576,1,0.1203582594171166,ok
mixed-density,tdir,binary,1048576,2,0.1208721827715635,ok
mixed-density,tdir,binary,1048576,3,0.1203414052724838,ok
mixed-density,tdir,binary,1048576,4,0.1213610712438821,ok
mixed-density,ttf,binary,256,0,0.0008621532469987,ok
mixed-density,ttf,binary,256,1,0.000622902996838,ok
mixed-density,ttf,binary,256,2,0.0006054192781448,ok
mixed-density,ttf,binary,256,3,0.0006016856059432,ok
mixed-density,ttf,binary,256,4,0.0005650464445352,ok
mixed-density,ttf,binary,512,0,0.0006272355094552,ok
mixed-density,ttf,binary,512,1,0.0005794484168291,ok
mixed-density,ttf,binary,512,2,0.0006190286949276,ok
mixed-density,ttf,binary,512,3,0.0006003128364682,ok
mixed-density,ttf,binary,512,4,0.000576976686716,ok
mixed-density,ttf,binary,1024,0,0.0006832815706729,ok
mixed-density,ttf,binary,1024,1,0.0006317617371678,ok
mixed-density,ttf,binary,1024,2,0.0006283419206738,ok
mixed-density,ttf,binary,1024,3,0.0006310455501079,ok
mixed-density,ttf,binary,1024,4,0.0006575044244527,ok
mixed-density,ttf,binary,2048,0,0.0007383897900581,ok
mixed-density,ttf,binary,2048,1,0.0007142703980207,ok
mixed-density,ttf,binary,2048,2,0.0007113358005881,ok
mixed-density,ttf,binary,2048,3,0.0007086042314767,ok
mixed-density,ttf,binary,2048,4,0.0007106494158506,ok
mixed-density,ttf,binary,4096,0,0.0010151900351047,ok
mixed-density,ttf,binary,4096,1,0.0008875466883182,ok
mixed-density,ttf,binary,4096,2,0.0008847517892718,ok
mixed-density,ttf,binary,4096,3,0.0009013274684548,ok
mixed-density,ttf,binary,4096,4,0.0008808998391032,ok
mixed-density,ttf,binary,8192,0,0.0013109147548675,ok
mixed-density,ttf,binary,8192,1,0.0011856192722916,ok
mixed-density,ttf,binary,8192,2,0.0011774655431509,ok
mixed-density,ttf,binary,8192,3,0.0011832481250166,ok
mixed-density,ttf,binary,8192,4,0.0011836802586913,ok
mixed-density,ttf,binary,16384,0,0.0020346213132143,ok
mixed-density,ttf,binary,16384,1,0.0018626386299729,ok
mixed-density,ttf,binary,16384,2,0.0019057020545005,ok
mixed-density,ttf,binary,16384,3,0.0018694829195737,ok
mixed-density,ttf,binary,16384,4,0.0019065970554947,ok
mixed-density,ttf,binary,32768,0,0.0033937450498342,ok
mixed-density,ttf,binary,32768,1,0.0031136749312281,ok
mixed-density,ttf,binary,32768,2,0.0031530195847153,ok
mixed-density,ttf,binary,32768,3,0.003080460242927,ok
mixed-density,ttf,binary,32768,4,0.003146999515593,ok
mixed-density,ttf,binary,65536,0,0.0059918342158198,ok
mixed-density,ttf,binary,65536,1,0.0055239349603652,ok
mixed-density,ttf,binary,65536,2,0.0056178430095314,ok
mixed-density,ttf,binary,65536,3,0.0055326772853732,ok
mixed-density,ttf,binary,65536,4,0.0055889645591378,ok
mixed-density,ttf,binary,131072,0,0.0117578906938433,ok
mixed-density,ttf,binary,131072,1,0.0108893467113375,ok
mixed-density,ttf,binary,131072,2,0.0108591886237263,ok
mixed-density,ttf,binary,131072,3,0.0108882831409573,ok
mixed-density,ttf,binary,131072,4,0.0109195876866579,ok
mixed-density,ttf,binary,262144,0,0.0228370185941457,ok
mixed-density,ttf,binary,262144,1,0.021462301723659,ok
mixed-density,ttf,binary,262144,2,0.021473865956068,ok
mixed-density,ttf,binary,262144,3,0.021406409330666,ok
mixed-density,ttf,binary,262144,4,0.0214294539764523,ok
mixed-density,ttf,binary,524288,0,0.0448509203270077,ok
mixed-density,ttf,binary,524288,1,0.0433464748784899,ok
mixed-density,ttf,binary,524288,2,0.0425840187817812,ok
mixed-density,ttf,binary,524288,3,0.042658818885684,ok
mixed-density,ttf,binary,524288,4,0.0425677057355642,ok
mixed-density,ttf,binary,1048576,0,0.0927228983491659,ok
mixed-density,ttf,binary,1048576,1,0.0880039827898144,ok
mixed-density,ttf,binary,1048576,2,0.0879403436556458,ok
mixed-density,ttf,binary,1048576,3,0.0878895856440067,ok
mixed-density,ttf,binary,1048576,4,0.0880300812423229,ok
mixed-density,vus_pr,continuous,256,0,0.0654723243787884,ok
mixed-density,vus_pr,continuous,256,1,0.0649334173649549,ok
mixed-density,vus_pr,continuous,256,2,0.0653901062905788,ok
mixed-density,vus_pr,continuous,256,3,0.0653348825871944,ok
mixed-density,vus_pr,continuous,256,4,0.0655234642326831,ok
mixed-density,vus_pr,continuous,512,0,0.1076091565191745,ok
mixed-density,vus_pr,continuous,512,1,0.1075615817680955,ok
mixed-density,vus_pr,continuous,512,2,0.1069373115897178,ok
mixed-density,vus_pr,continuous,512,3,0.1073304275050759,ok
mixed-density,vus_pr,continuous,512,4,0.1076121181249618,ok
mixed-density,vus_pr,continuous,1024,0,0.1862661698833108,ok
mixed-density,vus_pr,continuous,1024,1,0.1868792278692126,ok
mixed-density,vus_pr,continuous,1024,2,0.1866037128493189,ok
mixed-density,vus_pr,continuous,1024,3,0.186486929655075,ok
mixed-density,vus_pr,continuous,1024,4,0.1867148419842124,ok
mixed-density,vus_pr,continuous,2048,0,0.305954004637897,ok
mixed-density,vus_pr,continuous,2048,1,0.3061177274212241,ok
mixed-density,vus_pr,continuous,2048,2,0.3044555624946952,ok
mixed-density,vus_pr,continuous,2048,3,0.3061007792130112,ok
mixed-density,vus_pr,continuous,2048,4,0.3039480475708842,ok
mixed-density,vus_pr,continuous,4096,0,0.5732721406966448,ok
mixed-density,vus_pr,continuous,4096,1,0.5728157507255673,ok
mixed-density,vus_pr,continuous,4096,2,0.5767548950389028,ok
mixed-density,vus_pr,continuous,4096,3,0.5761795984581113,ok
mixed-density,vus_pr,continuous,4096,4,0.575997662730515,ok
mixed-density,vus_pr,continuous,8192,0,1.1012577395886185,ok
mixed-density,vus_pr,continuous,8192,1,1.0956895286217332,ok
mixed-density,vus_pr,continuous,8192,2,1.0950139593333006,ok
mixed-density,vus_pr,continuous,8192,3,1.089877082966268,ok
mixed-density,vus_pr,continuous,8192,4,1.10007406771183,ok
mixed-density,vus_pr,continuous,16384,0,2.213188551366329,ok
mixed-density,vus_pr,continuous,16384,1,2.2131668515503407,ok
mixed-density,vus_pr,continuous,16384,2,2.204222277738154,ok
mixed-density,vus_pr,continuous,16384,3,2.1906159417703748,ok
mixed-density,vus_pr,continuous,16384,4,2.185836542397737,ok
mixed-density,vus_pr,continuous,32768,0,4.356889299117029,ok
mixed-density,vus_pr,continuous,32768,1,4.421145337633789,ok
mixed-density,vus_pr,continuous,32768,2,4.3791543282568455,ok
mixed-density,vus_pr,continuous,32768,3,4.394821957685053,ok
mixed-density,vus_pr,continuous,32768,4,4.384459964931011,ok
mixed-density,vus_pr,continuous,65536,0,8.752348711714149,ok
mixed-density,vus_pr,continuous,65536,1,8.878151730634272,ok
mixed-density,vus_pr,continuous,65536,2,8.778351177461445,ok
mixed-density,vus_pr,continuous,65536,3,8.733997523784637,ok
mixed-density,vus_pr,continuous,65536,4,8.733736185356975,ok
mixed-density,vus_pr,continuous,131072,0,17.538590553216636,ok
mixed-density,vus_pr,continuous,131072,1,17.684112291783094,ok
mixed-density,vus_pr,continuous,131072,2,17.600502118468285,ok
mixed-density,vus_pr,continuous,131072,3,17.579012157395482,ok
mixed-density,vus_pr,continuous,131072,4,17.70033425092697,ok
mixed-density,vus_pr,continuous,262144,0,35.13703936710954,ok
mixed-density,vus_pr,continuous,262144,1,35.21071491483599,ok
mixed-density,vus_pr,continuous,262144,2,35.28553476836532,ok
mixed-density,vus_pr,continuous,262144,3,35.15494465548545,ok
mixed-density,vus_pr,continuous,262144,4,35.29814906232059,ok
mixed-density,vus_pr,continuous,524288,0,70.83397287596017,ok
mixed-density,vus_pr,continuous,524288,1,70.78536046948284,ok
mixed-density,vus_pr,continuous,524288,2,70.97524811234325,ok
mixed-density,vus_pr,continuous,524288,3,70.90299460384995,ok
mixed-density,vus_pr,continuous,524288,4,71.07444681506604,ok
mixed-density,vus_pr,continuous,1048576,0,143.79729020409286,ok
mixed-density,vus_pr,continuous,1048576,1,144.54628890566528,ok
mixed-density,vus_pr,continuous,1048576,2,143.51457376033068,ok
mixed-density,vus_pr,continuous,1048576,3,144.42306093033403,ok
mixed-density,vus_pr,continuous,1048576,4,144.80880034342408,ok
mixed-density,vus_roc,continuous,256,0,0.0657362388446927,ok
mixed-density,vus_roc,continuous,256,1,0.0653171753510832,ok
mixed-density,vus_roc,continuous,256,2,0.0652307728305459,ok
mixed-density,vus_roc,continuous,256,3,0.0667932545766234,ok
mixed-density,vus_roc,continuous,256,4,0.0654363613575697,ok
mixed-density,vus_roc,continuous,512,0,0.1072926642373204,ok
mixed-density,vus_roc,continuous,512,1,0.1070659337565302,ok
mixed-density,vus_roc,continuous,512,2,0.1076744431629777,ok
mixed-density,vus_roc,continuous,512,3,0.1073531843721866,ok
mixed-density,vus_roc,continuous,512,4,0.1071110926568508,ok
mixed-density,vus_roc,continuous,1024,0,0.18552484549582,ok
mixed-density,vus_roc,continuous,1024,1,0.1867784364148974,ok
mixed-density,vus_roc,continuous,1024,2,0.186247537843883,ok
mixed-density,vus_roc,continuous,1024,3,0.1881459280848503,ok
mixed-density,vus_roc,continuous,1024,4,0.1869590543210506,ok
mixed-density,vus_roc,continuous,2048,0,0.3054990628734231,ok
mixed-density,vus_roc,continuous,2048,1,0.3036393336951732,ok
mixed-density,vus_roc,continuous,2048,2,0.3029739968478679,ok
mixed-density,vus_roc,continuous,2048,3,0.3047196324914694,ok
mixed-density,vus_roc,continuous,2048,4,0.3040631711483001,ok
mixed-density,vus_roc,continuous,4096,0,0.5761162731796503,ok
mixed-density,vus_roc,continuous,4096,1,0.5768624488264322,ok
mixed-density,vus_roc,continuous,4096,2,0.5798554895445704,ok
mixed-density,vus_roc,continuous,4096,3,0.5757298851385713,ok
mixed-density,vus_roc,continuous,4096,4,0.5772921275347471,ok
mixed-density,vus_roc,continuous,8192,0,1.1004432067275047,ok
mixed-density,vus_roc,continuous,8192,1,1.1030368013307452,ok
mixed-density,vus_roc,continuous,8192,2,1.101873490028083,ok
mixed-density,vus_roc,continuous,8192,3,1.098529851064086,ok
mixed-density,vus_roc,continuous,8192,4,1.1017373008653522,ok
mixed-density,vus_roc,continuous,16384,0,2.202157733030617,ok
mixed-density,vus_roc,continuous,16384,1,2.201179957948625,ok
mixed-density,vus_roc,continuous,16384,2,2.1984708020463586,ok
mixed-density,vus_roc,continuous,16384,3,2.2066268157213926,ok
mixed-density,vus_roc,continuous,16384,4,2.2058895509690046,ok
mixed-density,vus_roc,continuous,32768,0,4.415041885338724,ok
mixed-density,vus_roc,continuous,32768,1,4.379650687798858,ok
mixed-density,vus_roc,continuous,32768,2,4.377511349506676,ok
mixed-density,vus_roc,continuous,32768,3,4.413970293477178,ok
mixed-density,vus_roc,continuous,32768,4,4.393790987320244,ok
mixed-density,vus_roc,continuous,65536,0,8.780229516327381,ok
mixed-density,vus_roc,continuous,65536,1,8.836956290528178,ok
mixed-density,vus_roc,continuous,65536,2,8.753981844522059,ok
mixed-density,vus_roc,continuous,65536,3,8.740292496047914,ok
mixed-density,vus_roc,continuous,65536,4,8.714014490135014,ok
mixed-density,vus_roc,continuous,131072,0,17.589914568699896,ok
mixed-density,vus_roc,continuous,131072,1,17.57732310052961,ok
mixed-density,vus_roc,continuous,131072,2,17.55332355480641,ok
mixed-density,vus_roc,continuous,131072,3,17.52472078707069,ok
mixed-density,vus_roc,continuous,131072,4,17.567138749174774,ok
mixed-density,vus_roc,continuous,262144,0,35.142269290052354,ok
mixed-density,vus_roc,continuous,262144,1,35.3007153859362,ok
mixed-density,vus_roc,continuous,262144,2,35.48973191250116,ok
mixed-density,vus_roc,continuous,262144,3,35.495686375536025,ok
mixed-density,vus_roc,continuous,262144,4,35.478401405736804,ok
mixed-density,vus_roc,continuous,524288,0,70.40885944478214,ok
mixed-density,vus_roc,continuous,524288,1,71.03932234831154,ok
mixed-density,vus_roc,continuous,524288,2,70.91578154824674,ok
mixed-density,vus_roc,continuous,524288,3,71.06884776614606,ok
mixed-density,vus_roc,continuous,524288,4,71.32054920122027,ok
mixed-density,vus_roc,continuous,1048576,0,142.5436462489888,ok
mixed-density,vus_roc,continuous,1048576,1,144.79016858432442,ok
mixed-density,vus_roc,continuous,1048576,2,144.29985714145005,ok
mixed-density,vus_roc,continuous,1048576,3,144.82491541933268,ok
mixed-density,vus_roc,continuous,1048576,4,144.06932866200805,ok
mixed-density,wdd,binary,256,0,0.0026635024696588,ok
mixed-density,wdd,binary,256,1,0.002563695423305,ok
mixed-density,wdd,binary,256,2,0.0025330437347292,ok
mixed-density,wdd,binary,256,3,0.0025400854647159,ok
mixed-density,wdd,binary,256,4,0.0024589542299509,ok
mixed-density,wdd,binary,512,0,0.004467892460525,ok
mixed-density,wdd,binary,512,1,0.0045332200825214,ok
mixed-density,wdd,binary,512,2,0.0044268034398555,ok
mixed-density,wdd,binary,512,3,0.0043870322406291,ok
mixed-density,wdd,binary,512,4,0.0044846665114164,ok
mixed-density,wdd,binary,1024,0,0.008653363212943,ok
mixed-density,wdd,binary,1024,1,0.0086912782862782,ok
mixed-density,wdd,binary,1024,2,0.0087388586252927,ok
mixed-density,wdd,binary,1024,3,0.0086563788354396,ok
mixed-density,wdd,binary,1024,4,0.0086423326283693,ok
mixed-density,wdd,binary,2048,0,0.0169640462845563,ok
mixed-density,wdd,binary,2048,1,0.016696274280548,ok
mixed-density,wdd,binary,2048,2,0.0166229661554098,ok
mixed-density,wdd,binary,2048,3,0.0168221285566687,ok
mixed-density,wdd,binary,2048,4,0.0167233599349856,ok
mixed-density,wdd,binary,4096,0,0.0335877444595098,ok
mixed-density,wdd,binary,4096,1,0.0333566134795546,ok
mixed-density,wdd,binary,4096,2,0.0332021275535225,ok
mixed-density,wdd,binary,4096,3,0.0331891737878322,ok
mixed-density,wdd,binary,4096,4,0.033181901089847,ok
mixed-density,wdd,binary,8192,0,0.0661559412255883,ok
mixed-density,wdd,binary,8192,1,0.0661471001803875,ok
mixed-density,wdd,binary,8192,2,0.066606018692255,ok
mixed-density,wdd,binary,8192,3,0.0656802663579583,ok
mixed-density,wdd,binary,8192,4,0.0661188112571835,ok
mixed-density,wdd,binary,16384,0,0.1316212434321642,ok
mixed-density,wdd,binary,16384,1,0.1325534079223871,ok
mixed-density,wdd,binary,16384,2,0.1328899171203375,ok
mixed-density,wdd,binary,16384,3,0.1339381719008088,ok
mixed-density,wdd,binary,16384,4,0.1316927876323461,ok
mixed-density,wdd,binary,32768,0,0.2653317423537373,ok
mixed-density,wdd,binary,32768,1,0.2650085212662816,ok
mixed-density,wdd,binary,32768,2,0.2656500628218055,ok
mixed-density,wdd,binary,32768,3,0.2642112243920564,ok
mixed-density,wdd,binary,32768,4,0.2645083293318748,ok
mixed-density,wdd,binary,65536,0,0.5293161114677787,ok
mixed-density,wdd,binary,65536,1,0.531319105066359,ok
mixed-density,wdd,binary,65536,2,0.5283576874062419,ok
mixed-density,wdd,binary,65536,3,0.5288300570100546,ok
mixed-density,wdd,binary,65536,4,0.5360838565975428,ok
mixed-density,wdd,binary,131072,0,1.0603935308754444,ok
mixed-density,wdd,binary,131072,1,1.0484600951895118,ok
mixed-density,wdd,binary,131072,2,1.058956083841622,ok
mixed-density,wdd,binary,131072,3,1.0663316724821923,ok
mixed-density,wdd,binary,131072,4,1.056066636927426,ok
mixed-density,wdd,binary,262144,0,2.105901782400906,ok
mixed-density,wdd,binary,262144,1,2.12479607667774,ok
mixed-density,wdd,binary,262144,2,2.107900219038129,ok
mixed-density,wdd,binary,262144,3,2.113425919786096,ok
mixed-density,wdd,binary,262144,4,2.108291574753821,ok
mixed-density,wdd,binary,524288,0,4.184253266081214,ok
mixed-density,wdd,binary,524288,1,4.216245562769473,ok
mixed-density,wdd,binary,524288,2,4.197030450217426,ok
mixed-density,wdd,binary,524288,3,4.208460867404938,ok
mixed-density,wdd,binary,524288,4,4.212360159493983,ok
mixed-density,wdd,binary,1048576,0,8.4694092432037,ok
mixed-density,wdd,binary,1048576,1,8.436844206415117,ok
mixed-density,wdd,binary,1048576,2,8.438865393400192,ok
mixed-density,wdd,binary,1048576,3,8.39801971334964,ok
mixed-density,wdd,binary,1048576,4,8.386512162163854,ok
short-bursts,adc,binary,256,0,0.0005526356399059,ok
short-bursts,adc,binary,256,1,0.0004789941012859,ok
short-bursts,adc,binary,256,2,0.0004686005413532,ok
short-bursts,adc,binary,256,3,0.0004694266244769,ok
short-bursts,adc,binary,256,4,0.0004729339852929,ok
short-bursts,adc,binary,512,0,0.0005196267738938,ok
short-bursts,adc,binary,512,1,0.0004910426214337,ok
short-bursts,adc,binary,512,2,0.0004914663732051,ok
short-bursts,adc,binary,512,3,0.0005403161048889,ok
short-bursts,adc,binary,512,4,0.0004926165565848,ok
short-bursts,adc,binary,1024,0,0.0005385028198361,ok
short-bursts,adc,binary,1024,1,0.0005857069045305,ok
short-bursts,adc,binary,1024,2,0.0005088532343506,ok
short-bursts,adc,binary,1024,3,0.0005069375038146,ok
short-bursts,adc,binary,1024,4,0.0005152318626642,ok
short-bursts,adc,binary,2048,0,0.0005623567849397,ok
short-bursts,adc,binary,2048,1,0.0005417326465249,ok
short-bursts,adc,binary,2048,2,0.0005409065634012,ok
short-bursts,adc,binary,2048,3,0.0005417270585894,ok
short-bursts,adc,binary,2048,4,0.0005412511527538,ok
short-bursts,adc,binary,4096,0,0.0006209183484315,ok
short-bursts,adc,binary,4096,1,0.0006560515612363,ok
short-bursts,adc,binary,4096,2,0.0006760889664292,ok
short-bursts,adc,binary,4096,3,0.0006402758881449,ok
short-bursts,adc,binary,4096,4,0.0006783055141568,ok
short-bursts,adc,binary,8192,0,0.0007464028894901,ok
short-bursts,adc,binary,8192,1,0.0007160669192671,ok
short-bursts,adc,binary,8192,2,0.0007662149146199,ok
short-bursts,adc,binary,8192,3,0.0007143300026655,ok
short-bursts,adc,binary,8192,4,0.0008047465234994,ok
short-bursts,adc,binary,16384,0,0.0009694555774331,ok
short-bursts,adc,binary,16384,1,0.0009561106562614,ok
short-bursts,adc,binary,16384,2,0.0009332662448287,ok
short-bursts,adc,binary,16384,3,0.0009390329942107,ok
short-bursts,adc,binary,16384,4,0.0009428756311535,ok
short-bursts,adc,binary,32768,0,0.0014589494094252,ok
short-bursts,adc,binary,32768,1,0.0013954266905784,ok
short-bursts,adc,binary,32768,2,0.0014702621847391,ok
short-bursts,adc,binary,32768,3,0.0013931039720773,ok
short-bursts,adc,binary,32768,4,0.0014778599143028,ok
short-bursts,adc,binary,65536,0,0.0023601157590746,ok
short-bursts,adc,binary,65536,1,0.0022057257592678,ok
short-bursts,adc,binary,65536,2,0.0022617131471633,ok
short-bursts,adc,binary,65536,3,0.0022080997005105,ok
short-bursts,adc,binary,65536,4,0.0022497409954667,ok
short-bursts,adc,binary,131072,0,0.0048190243542194,ok
short-bursts,adc,binary,131072,1,0.0047507183626294,ok
short-bursts,adc,binary,131072,2,0.0047404430806636,ok
short-bursts,adc,binary,131072,3,0.0047432212159037,ok
short-bursts,adc,binary,131072,4,0.0047402484342455,ok
short-bursts,adc,binary,262144,0,0.009093347005546,ok
short-bursts,adc,binary,262144,1,0.0089411679655313,ok
short-bursts,adc,binary,262144,2,0.0088768266141414,ok
short-bursts,adc,binary,262144,3,0.0089089851826429,ok
short-bursts,adc,binary,262144,4,0.0089863510802388,ok
short-bursts,adc,binary,524288,0,0.0180454943329095,ok
short-bursts,adc,binary,524288,1,0.0182302817702293,ok
short-bursts,adc,binary,524288,2,0.0182167161256074,ok
short-bursts,adc,binary,524288,3,0.0182830309495329,ok
short-bursts,adc,binary,524288,4,0.0181563924998044,ok
short-bursts,adc,binary,1048576,0,0.0355300400406122,ok
short-bursts,adc,binary,1048576,1,0.0355269769206643,ok
short-bursts,adc,binary,1048576,2,0.0358180664479732,ok
short-bursts,adc,binary,1048576,3,0.0357352467253804,ok
short-bursts,adc,binary,1048576,4,0.0359071949496865,ok
short-bursts,add,binary,256,0,0.0008000424131751,ok
short-bursts,add,binary,256,1,0.0005356818437576,ok
short-bursts,add,binary,256,2,0.0005280254408717,ok
short-bursts,add,binary,256,3,0.000526949763298,ok
short-bursts,add,binary,256,4,0.0005348734557628,ok
short-bursts,add,binary,512,0,0.0006900066509842,ok
short-bursts,add,binary,512,1,0.0006475299596786,ok
short-bursts,add,binary,512,2,0.0006357906386256,ok
short-bursts,add,binary,512,3,0.0006984360516071,ok
short-bursts,add,binary,512,4,0.0006367564201354,ok
short-bursts,add,binary,1024,0,0.0009070243686437,ok
short-bursts,add,binary,1024,1,0.0008258540183305,ok
short-bursts,add,binary,1024,2,0.0008148644119501,ok
short-bursts,add,binary,1024,3,0.000877333804965,ok
short-bursts,add,binary,1024,4,0.0008117873221635,ok
short-bursts,add,binary,2048,0,0.0011763107031583,ok
short-bursts,add,binary,2048,1,0.0011228285729885,ok
short-bursts,add,binary,2048,2,0.001120344735682,ok
short-bursts,add,binary,2048,3,0.0011204732581973,ok
short-bursts,add,binary,2048,4,0.0011182101443409,ok
short-bursts,add,binary,4096,0,0.0018418235704302,ok
short-bursts,add,binary,4096,1,0.0017720432952046,ok
short-bursts,add,binary,4096,2,0.0017737625166773,ok
short-bursts,add,binary,4096,3,0.0017675152048468,ok
short-bursts,add,binary,4096,4,0.0017744405195116,ok
short-bursts,add,binary,8192,0,0.0032891929149627,ok
short-bursts,add,binary,8192,1,0.0031804600730538,ok
short-bursts,add,binary,8192,2,0.0032237162813544,ok
short-bursts,add,binary,8192,3,0.0031246915459632,ok
short-bursts,add,binary,8192,4,0.0031948443502187,ok
short-bursts,add,binary,16384,0,0.0060923816636204,ok
short-bursts,add,binary,16384,1,0.0072957938537001,ok
short-bursts,add,binary,16384,2,0.0066836224868893,ok
short-bursts,add,binary,16384,3,0.0063945287838578,ok
short-bursts,add,binary,16384,4,0.0063741384074091,ok
short-bursts,add,binary,32768,0,0.0127330617979168,ok
short-bursts,add,binary,32768,1,0.0120597928762435,ok
short-bursts,add,binary,32768,2,0.0121149411424994,ok
short-bursts,add,binary,32768,3,0.01170733012259,ok
short-bursts,add,binary,32768,4,0.011696645990014,ok
short-bursts,add,binary,65536,0,0.0229088263586163,ok
short-bursts,add,binary,65536,1,0.0223956191912293,ok
short-bursts,add,binary,65536,2,0.0224613603204488,ok
short-bursts,add,binary,65536,3,0.0225342707708477,ok
short-bursts,add,binary,65536,4,0.022466386668384,ok
short-bursts,add,binary,131072,0,0.0453440994024276,ok
short-bursts,add,binary,131072,1,0.0446364125236868,ok
short-bursts,add,binary,131072,2,0.0450565358623862,ok
short-bursts,add,binary,131072,3,0.0450911466032266,ok
short-bursts,add,binary,131072,4,0.044782125391066,ok
short-bursts,add,binary,262144,0,0.0899981372058391,ok
short-bursts,add,binary,262144,1,0.0885898256674408,ok
short-bursts,add,binary,262144,2,0.0893012136220932,ok
short-bursts,add,binary,262144,3,0.0884944899007678,ok
short-bursts,add,binary,262144,4,0.0886725848540663,ok
short-bursts,add,binary,524288,0,0.1804292304441332,ok
short-bursts,add,binary,524288,1,0.1790929334238171,ok
short-bursts,add,binary,524288,2,0.179042249917984,ok
short-bursts,add,binary,524288,3,0.1783114168792963,ok
short-bursts,add,binary,524288,4,0.1788700548931956,ok
short-bursts,add,binary,1048576,0,0.3603263078257441,ok
short-bursts,add,binary,1048576,1,0.3582477178424597,ok
short-bursts,add,binary,1048576,2,0.3573782378807664,ok
short-bursts,add,binary,1048576,3,0.3579701334238052,ok
short-bursts,add,binary,1048576,4,0.3575834399089217,ok
short-bursts,aff_f,binary,256,0,0.0009178146719932,ok
short-bursts,aff_f,binary,256,1,0.0007095765322446,ok
short-bursts,aff_f,binary,256,2,0.0007053473964333,ok
short-bursts,aff_f,binary,256,3,0.0007132468745112,ok
short-bursts,aff_f,binary,256,4,0.0006987759843468,ok
short-bursts,aff_f,binary,512,0,0.0010766563937067,ok
short-bursts,aff_f,binary,512,1,0.001012934371829,ok
short-bursts,aff_f,binary,512,2,0.0010098600760102,ok
short-bursts,aff_f,binary,512,3,0.0010115420445799,ok
short-bursts,aff_f,binary,512,4,0.0010121306404471,ok
short-bursts,aff_f,binary,1024,0,0.0016981195658445,ok
short-bursts,aff_f,binary,1024,1,0.0016631772741675,ok
short-bursts,aff_f,binary,1024,2,0.0017159739509224,ok
short-bursts,aff_f,binary,1024,3,0.0017417296767234,ok
short-bursts,aff_f,binary,1024,4,0.0016879243776202,ok
short-bursts,aff_f,binary,2048,0,0.0049563348293304,ok
short-bursts,aff_f,binary,2048,1,0.0045412946492433,ok
short-bursts,aff_f,binary,2048,2,0.0045150527730584,ok
short-bursts,aff_f,binary,2048,3,0.004051212221384,ok
short-bursts,aff_f,binary,2048,4,0.004037489183247,ok
short-bursts,aff_f,binary,4096,0,0.0117914676666259,ok
short-bursts,aff_f,binary,4096,1,0.0117325773462653,ok
short-bursts,aff_f,binary,4096,2,0.0117471469566226,ok
short-bursts,aff_f,binary,4096,3,0.0117971887812018,ok
short-bursts,aff_f,binary,4096,4,0.0122390491887927,ok
short-bursts,aff_f,binary,8192,0,0.0410596616566181,ok
short-bursts,aff_f,binary,8192,1,0.0409611221402883,ok
short-bursts,aff_f,binary,8192,2,0.0407436667010188,ok
short-bursts,aff_f,binary,8192,3,0.0411665346473455,ok
short-bursts,aff_f,binary,8192,4,0.0408986061811447,ok
short-bursts,aff_f,binary,16384,0,0.1515272567048669,ok
short-bursts,aff_f,binary,16384,1,0.1517620766535401,ok
short-bursts,aff_f,binary,16384,2,0.1507540792226791,ok
short-bursts,aff_f,binary,16384,3,0.1506699873134493,ok
short-bursts,aff_f,binary,16384,4,0.1526191616430878,ok
short-bursts,aff_f,binary,32768,0,0.6697276988998055,ok
short-bursts,aff_f,binary,32768,1,0.668768996372819,ok
short-bursts,aff_f,binary,32768,2,0.6683624684810638,ok
short-bursts,aff_f,binary,32768,3,0.6669240472838283,ok
short-bursts,aff_f,binary,32768,4,0.6664590612053871,ok
short-bursts,aff_f,binary,65536,0,2.512439797632396,ok
short-bursts,aff_f,binary,65536,1,2.5122772874310613,ok
short-bursts,aff_f,binary,65536,2,2.5038707992061973,ok
short-bursts,aff_f,binary,65536,3,2.5097147384658456,ok
short-bursts,aff_f,binary,65536,4,2.500242286361754,ok
short-bursts,aff_f,binary,131072,0,9.783049745485188,ok
short-bursts,aff_f,binary,131072,1,9.799445415847003,ok
short-bursts,aff_f,binary,131072,2,9.796360272914171,ok
short-bursts,aff_f,binary,131072,3,9.755305637605488,ok
short-bursts,aff_f,binary,131072,4,9.787421206012368,ok
short-bursts,aff_f,binary,262144,0,39.08613441884518,ok
short-bursts,aff_f,binary,262144,1,38.70688635483384,ok
short-bursts,aff_f,binary,262144,2,38.51982937380672,ok
short-bursts,aff_f,binary,262144,3,38.73403359390795,ok
short-bursts,aff_f,binary,262144,4,38.60813847742975,ok
short-bursts,aff_f,binary,524288,0,154.2304568812251,ok
short-bursts,aff_f,binary,524288,1,154.1791944913566,ok
short-bursts,aff_f,binary,524288,2,154.35773267783225,ok
short-bursts,aff_f,binary,524288,3,154.42883186601102,ok
short-bursts,aff_f,binary,524288,4,154.51735391560942,ok
short-bursts,aff_f,binary,1048576,0,619.6414427403361,ok
short-bursts,aff_f,binary,1048576,1,621.9144788933918,ok
short-bursts,aff_f,binary,1048576,2,622.3196930130944,ok
short-bursts,aff_f,binary,1048576,3,619.7415523407981,ok
short-bursts,aff_f,binary,1048576,4,620.5026592398062,ok
short-bursts,bpaf,binary,256,0,0.0006274366751313,ok
short-bursts,bpaf,binary,256,1,0.0006034318357706,ok
short-bursts,bpaf,binary,256,2,0.0005756868049502,ok
short-bursts,bpaf,binary,256,3,0.0005343612283468,ok
short-bursts,bpaf,binary,256,4,0.0005697226151823,ok
short-bursts,bpaf,binary,512,0,0.0006675319746136,ok
short-bursts,bpaf,binary,512,1,0.0006369845941662,ok
short-bursts,bpaf,binary,512,2,0.0006365766748785,ok
short-bursts,bpaf,binary,512,3,0.0006347578018903,ok
short-bursts,bpaf,binary,512,4,0.0006350688636302,ok
short-bursts,bpaf,binary,1024,0,0.000876230187714,ok
short-bursts,bpaf,binary,1024,1,0.0007795933634042,ok
short-bursts,bpaf,binary,1024,2,0.000797132961452,ok
short-bursts,bpaf,binary,1024,3,0.000779265537858,ok
short-bursts,bpaf,binary,1024,4,0.0007766503840684,ok
short-bursts,bpaf,binary,2048,0,0.0010981783270835,ok
short-bursts,bpaf,binary,2048,1,0.0010649506002664,ok
short-bursts,bpaf,binary,2048,2,0.0011300211772322,ok
short-bursts,bpaf,binary,2048,3,0.0010529458522796,ok
short-bursts,bpaf,binary,2048,4,0.0011384021490812,ok
short-bursts,bpaf,binary,4096,0,0.001683147624135,ok
short-bursts,bpaf,binary,4096,1,0.0015766872093081,ok
short-bursts,bpaf,binary,4096,2,0.0015813633799552,ok
short-bursts,bpaf,binary,4096,3,0.0015900135040283,ok
short-bursts,bpaf,binary,4096,4,0.0016279993578791,ok
short-bursts,bpaf,binary,8192,0,0.0027657141909003,ok
short-bursts,bpaf,binary,8192,1,0.0027294335886836,ok
short-bursts,bpaf,binary,8192,2,0.0027344040572643,ok
short-bursts,bpaf,binary,8192,3,0.0027723535895347,ok
short-bursts,bpaf,binary,8192,4,0.002754570916295,ok
short-bursts,bpaf,binary,16384,0,0.0049451645463705,ok
short-bursts,bpaf,binary,16384,1,0.0049615846946835,ok
short-bursts,bpaf,binary,16384,2,0.0048265382647514,ok
short-bursts,bpaf,binary,16384,3,0.0049551194533705,ok
short-bursts,bpaf,binary,16384,4,0.0049319816753268,ok
short-bursts,bpaf,binary,32768,0,0.0093510840088129,ok
short-bursts,bpaf,binary,32768,1,0.0093942340463399,ok
short-bursts,bpaf,binary,32768,2,0.0093805948272347,ok
short-bursts,bpaf,binary,32768,3,0.0093125188723206,ok
short-bursts,bpaf,binary,32768,4,0.0094036366790533,ok
short-bursts,bpaf,binary,65536,0,0.0178968124091625,ok
short-bursts,bpaf,binary,65536,1,0.017880349420011,ok
short-bursts,bpaf,binary,65536,2,0.0180333396419882,ok
short-bursts,bpaf,binary,65536,3,0.0179048106074333,ok
short-bursts,bpaf,binary,65536,4,0.0179671570658683,ok
short-bursts,bpaf,binary,131072,0,0.0367691367864608,ok
short-bursts,bpaf,binary,131072,1,0.0360931903123855,ok
short-bursts,bpaf,binary,131072,2,0.0360565781593322,ok
short-bursts,bpaf,binary,131072,3,0.0359730450436472,ok
short-bursts,bpaf,binary,131072,4,0.0357503490522503,ok
short-bursts,bpaf,binary,262144,0,0.0710564339533448,ok
short-bursts,bpaf,binary,262144,1,0.0710757486522197,ok
short-bursts,bpaf,binary,262144,2,0.0707033593207597,ok
short-bursts,bpaf,binary,262144,3,0.0713204639032483,ok
short-bursts,bpaf,binary,262144,4,0.0719190239906311,ok
short-bursts,bpaf,binary,524288,0,0.1436893250793218,ok
short-bursts,bpaf,binary,524288,1,0.1441170619800686,ok
short-bursts,bpaf,binary,524288,2,0.1437518233433365,ok
short-bursts,bpaf,binary,524288,3,0.1430188687518239,ok
short-bursts,bpaf,binary,524288,4,0.1426230855286121,ok
short-bursts,bpaf,binary,1048576,0,0.2869184277951717,ok
short-bursts,bpaf,binary,1048576,1,0.2833387115970254,ok
short-bursts,bpaf,binary,1048576,2,0.2873035604134202,ok
short-bursts,bpaf,binary,1048576,3,0.2876621419563889,ok
short-bursts,bpaf,binary,1048576,4,0.2871534861624241,ok
short-bursts,cf,binary,256,0,0.0005727475509047,ok
short-bursts,cf,binary,256,1,0.0005447082221508,ok
short-bursts,cf,binary,256,2,0.0005185129120945,ok
short-bursts,cf,binary,256,3,0.0005220081657171,ok
short-bursts,cf,binary,256,4,0.0005312310531735,ok
short-bursts,cf,binary,512,0,0.0006408523768186,ok
short-bursts,cf,binary,512,1,0.0006487760692834,ok
short-bursts,cf,binary,512,2,0.0006667729467153,ok
short-bursts,cf,binary,512,3,0.0006500286981463,ok
short-bursts,cf,binary,512,4,0.000653232447803,ok
short-bursts,cf,binary,1024,0,0.0008252216503024,ok
short-bursts,cf,binary,1024,1,0.0008482839912176,ok
short-bursts,cf,binary,1024,2,0.000844701193273,ok
short-bursts,cf,binary,1024,3,0.0008454425260424,ok
short-bursts,cf,binary,1024,4,0.0008473834022879,ok
short-bursts,cf,binary,2048,0,0.0012323483824729,ok
short-bursts,cf,binary,2048,1,0.0012455312535166,ok
short-bursts,cf,binary,2048,2,0.0012453868985176,ok
short-bursts,cf,binary,2048,3,0.0012441733852028,ok
short-bursts,cf,binary,2048,4,0.0012792171910405,ok
short-bursts,cf,binary,4096,0,0.0020242240279912,ok
short-bursts,cf,binary,4096,1,0.0020234957337379,ok
short-bursts,cf,binary,4096,2,0.0020425282418727,ok
short-bursts,cf,binary,4096,3,0.002033345401287,ok
short-bursts,cf,binary,4096,4,0.0020169587805867,ok
short-bursts,cf,binary,8192,0,0.0036019394174218,ok
short-bursts,cf,binary,8192,1,0.0036056637763977,ok
short-bursts,cf,binary,8192,2,0.003604426048696,ok
short-bursts,cf,binary,8192,3,0.0036029629409313,ok
short-bursts,cf,binary,8192,4,0.0036014756187796,ok
short-bursts,cf,binary,16384,0,0.0067314654588699,ok
short-bursts,cf,binary,16384,1,0.0067493496462702,ok
short-bursts,cf,binary,16384,2,0.0068486528471112,ok
short-bursts,cf,binary,16384,3,0.006741315126419,ok
short-bursts,cf,binary,16384,4,0.006722830235958,ok
short-bursts,cf,binary,32768,0,0.0130273308604955,ok
short-bursts,cf,binary,32768,1,0.0130411125719547,ok
short-bursts,cf,binary,32768,2,0.012940770946443,ok
short-bursts,cf,binary,32768,3,0.0129412841051816,ok
short-bursts,cf,binary,32768,4,0.0129533112049102,ok
short-bursts,cf,binary,65536,0,0.0255117760971188,ok
short-bursts,cf,binary,65536,1,0.025325727649033,ok
short-bursts,cf,binary,65536,2,0.0253300452604889,ok
short-bursts,cf,binary,65536,3,0.0253308108076453,ok
short-bursts,cf,binary,65536,4,0.025334732607007,ok
short-bursts,cf,binary,131072,0,0.0507979849353432,ok
short-bursts,cf,binary,131072,1,0.0504944855347275,ok
short-bursts,cf,binary,131072,2,0.0504960687831044,ok
short-bursts,cf,binary,131072,3,0.0484923087060451,ok
short-bursts,cf,binary,131072,4,0.041025448590517,ok
short-bursts,cf,binary,262144,0,0.0818108422681689,ok
short-bursts,cf,binary,262144,1,0.0814994126558303,ok
short-bursts,cf,binary,262144,2,0.0811965819448232,ok
short-bursts,cf,binary,262144,3,0.0813377620652318,ok
short-bursts,cf,binary,262144,4,0.1047550980001688,ok
short-bursts,cf,binary,524288,0,0.1681846873834729,ok
short-bursts,cf,binary,524288,1,0.1636224491521716,ok
short-bursts,cf,binary,524288,2,0.1629657559096813,ok
short-bursts,cf,binary,524288,3,0.1630247831344604,ok
short-bursts,cf,binary,524288,4,0.1631584335118532,ok
short-bursts,cf,binary,1048576,0,0.3320127967745065,ok
short-bursts,cf,binary,1048576,1,0.3286790112033486,ok
short-bursts,cf,binary,1048576,2,0.3527821041643619,ok
short-bursts,cf,binary,1048576,3,0.3285790458321571,ok
short-bursts,cf,binary,1048576,4,0.3283040858805179,ok
short-bursts,dair,binary,256,0,0.0004914989694952,ok
short-bursts,dair,binary,256,1,0.0004505943506956,ok
short-bursts,dair,binary,256,2,0.000444739125669,ok
short-bursts,dair,binary,256,3,0.0004438646137714,ok
short-bursts,dair,binary,256,4,0.000446100719273,ok
short-bursts,dair,binary,512,0,0.000483107753098,ok
short-bursts,dair,binary,512,1,0.000530881807208,ok
short-bursts,dair,binary,512,2,0.0005020098760724,ok
short-bursts,dair,binary,512,3,0.0005023274570703,ok
short-bursts,dair,binary,512,4,0.0005021672695875,ok
short-bursts,dair,binary,1024,0,0.0005444539710879,ok
short-bursts,dair,binary,1024,1,0.0005669379606842,ok
short-bursts,dair,binary,1024,2,0.0005772458389401,ok
short-bursts,dair,binary,1024,3,0.0005611237138509,ok
short-bursts,dair,binary,1024,4,0.0005656406283378,ok
short-bursts,dair,binary,2048,0,0.0007133707404136,ok
short-bursts,dair,binary,2048,1,0.0007169498130679,ok
short-bursts,dair,binary,2048,2,0.0007212050259113,ok
short-bursts,dair,binary,2048,3,0.0007184706628322,ok
short-bursts,dair,binary,2048,4,0.0006342381238937,ok
short-bursts,dair,binary,4096,0,0.0008873585611581,ok
short-bursts,dair,binary,4096,1,0.0008546849712729,ok
short-bursts,dair,binary,4096,2,0.0009277816861867,ok
short-bursts,dair,binary,4096,3,0.0008514886721968,ok
short-bursts,dair,binary,4096,4,0.0008531939238309,ok
short-bursts,dair,binary,8192,0,0.0013317996636033,ok
short-bursts,dair,binary,8192,1,0.001297396607697,ok
short-bursts,dair,binary,8192,2,0.0013573905453085,ok
short-bursts,dair,binary,8192,3,0.0012978194281458,ok
short-bursts,dair,binary,8192,4,0.0013087289407849,ok
short-bursts,dair,binary,16384,0,0.0024367934092879,ok
short-bursts,dair,binary,16384,1,0.0023598494008183,ok
short-bursts,dair,binary,16384,2,0.0023648552596569,ok
short-bursts,dair,binary,16384,3,0.0032963650301098,ok
short-bursts,dair,binary,16384,4,0.0028819255530834,ok
short-bursts,dair,binary,32768,0,0.0048411544412374,ok
short-bursts,dair,binary,32768,1,0.0047376407310366,ok
short-bursts,dair,binary,32768,2,0.004775964654982,ok
short-bursts,dair,binary,32768,3,0.0047341668978333,ok
short-bursts,dair,binary,32768,4,0.0047526210546493,ok
short-bursts,dair,binary,65536,0,0.0094173485413193,ok
short-bursts,dair,binary,65536,1,0.0089810509234666,ok
short-bursts,dair,binary,65536,2,0.0089680505916476,ok
short-bursts,dair,binary,65536,3,0.0090024080127477,ok
short-bursts,dair,binary,65536,4,0.008965658955276,ok
short-bursts,dair,binary,131072,0,0.0183497006073594,ok
short-bursts,dair,binary,131072,1,0.0183845208957791,ok
short-bursts,dair,binary,131072,2,0.0182672850787639,ok
short-bursts,dair,binary,131072,3,0.0185265420004725,ok
short-bursts,dair,binary,131072,4,0.018289528787136,ok
short-bursts,dair,binary,262144,0,0.0371516868472099,ok
short-bursts,dair,binary,262144,1,0.0364770041778683,ok
short-bursts,dair,binary,262144,2,0.0366514064371585,ok
short-bursts,dair,binary,262144,3,0.0365006309002637,ok
short-bursts,dair,binary,262144,4,0.0364422295242548,ok
short-bursts,dair,binary,524288,0,0.0725359702482819,ok
short-bursts,dair,binary,524288,1,0.0726686250418424,ok
short-bursts,dair,binary,524288,2,0.0725532788783311,ok
short-bursts,dair,binary,524288,3,0.0708379354327917,ok
short-bursts,dair,binary,524288,4,0.0588027415797114,ok
short-bursts,dair,binary,1048576,0,0.1206985795870423,ok
short-bursts,dair,binary,1048576,1,0.1210045302286744,ok
short-bursts,dair,binary,1048576,2,0.1217684131115675,ok
short-bursts,dair,binary,1048576,3,0.1205925308167934,ok
short-bursts,dair,binary,1048576,4,0.1207738202065229,ok
short-bursts,dicec,binary,256,0,0.0004158411175012,ok
short-bursts,dicec,binary,256,1,0.0003692535683512,ok
short-bursts,dicec,binary,256,2,0.0003560092300176,ok
short-bursts,dicec,binary,256,3,0.0003572907298803,ok
short-bursts,dicec,binary,256,4,0.0003609117120504,ok
short-bursts,dicec,binary,512,0,0.0003826543688774,ok
short-bursts,dicec,binary,512,1,0.0003467574715614,ok
short-bursts,dicec,binary,512,2,0.0003465535119175,ok
short-bursts,dicec,binary,512,3,0.0003462061285972,ok
short-bursts,dicec,binary,512,4,0.0003466168418526,ok
short-bursts,dicec,binary,1024,0,0.0004265932366251,ok
short-bursts,dicec,binary,1024,1,0.0003589782863855,ok
short-bursts,dicec,binary,1024,2,0.000362055376172,ok
short-bursts,dicec,binary,1024,3,0.0003589009866118,ok
short-bursts,dicec,binary,1024,4,0.0003577126190066,ok
short-bursts,dicec,binary,2048,0,0.0004518823698163,ok
short-bursts,dicec,binary,2048,1,0.0003820620477199,ok
short-bursts,dicec,binary,2048,2,0.0003833649680018,ok
short-bursts,dicec,binary,2048,3,0.0003825714811682,ok
short-bursts,dicec,binary,2048,4,0.0003835679963231,ok
short-bursts,dicec,binary,4096,0,0.0005043828859925,ok
short-bursts,dicec,binary,4096,1,0.0004242723807692,ok
short-bursts,dicec,binary,4096,2,0.0004263175651431,ok
short-bursts,dicec,binary,4096,3,0.0004250518977642,ok
short-bursts,dicec,binary,4096,4,0.0005933726206421,ok
short-bursts,dicec,binary,8192,0,0.0007875310257077,ok
short-bursts,dicec,binary,8192,1,0.0007740976288914,ok
short-bursts,dicec,binary,8192,2,0.000775558874011,ok
short-bursts,dicec,binary,8192,3,0.0007751239463686,ok
short-bursts,dicec,binary,8192,4,0.0007738312706351,ok
short-bursts,dicec,binary,16384,0,0.0011614076793193,ok
short-bursts,dicec,binary,16384,1,0.0010189609602093,ok
short-bursts,dicec,binary,16384,2,0.0010424964129924,ok
short-bursts,dicec,binary,16384,3,0.001048369333148,ok
short-bursts,dicec,binary,16384,4,0.0010436838492751,ok
short-bursts,dicec,binary,32768,0,0.0017864108085632,ok
short-bursts,dicec,binary,32768,1,0.0015393523499369,ok
short-bursts,dicec,binary,32768,2,0.001540707424283,ok
short-bursts,dicec,binary,32768,3,0.0015327567234635,ok
short-bursts,dicec,binary,32768,4,0.001514165662229,ok
short-bursts,dicec,binary,65536,0,0.002910110168159,ok
short-bursts,dicec,binary,65536,1,0.0023977877572178,ok
short-bursts,dicec,binary,65536,2,0.0023991083726286,ok
short-bursts,dicec,binary,65536,3,0.0024193357676267,ok
short-bursts,dicec,binary,65536,4,0.0023904340341687,ok
short-bursts,dicec,binary,131072,0,0.0056342743337154,ok
short-bursts,dicec,binary,131072,1,0.0046309558674693,ok
short-bursts,dicec,binary,131072,2,0.0046388274058699,ok
short-bursts,dicec,binary,131072,3,0.0046301558613777,ok
short-bursts,dicec,binary,131072,4,0.0046480437740683,ok
short-bursts,dicec,binary,262144,0,0.0106158507987856,ok
short-bursts,dicec,binary,262144,1,0.0077536040917038,ok
short-bursts,dicec,binary,262144,2,0.0077705718576908,ok
short-bursts,dicec,binary,262144,3,0.0077382717281579,ok
short-bursts,dicec,binary,262144,4,0.0073931030929088,ok
short-bursts,dicec,binary,524288,0,0.0179502721875906,ok
short-bursts,dicec,binary,524288,1,0.0140489479526877,ok
short-bursts,dicec,binary,524288,2,0.0140439234673976,ok
short-bursts,dicec,binary,524288,3,0.0139968357980251,ok
short-bursts,dicec,binary,524288,4,0.0140454936772584,ok
short-bursts,dicec,binary,1048576,0,0.0297167915850877,ok
short-bursts,dicec,binary,1048576,1,0.029507334344089,ok
short-bursts,dicec,binary,1048576,2,0.0294031659141182,ok
short-bursts,dicec,binary,1048576,3,0.0294218901544809,ok
short-bursts,dicec,binary,1048576,4,0.0294212466105818,ok
short-bursts,dtpaf,binary,256,0,0.0007390435785055,ok
short-bursts,dtpaf,binary,256,1,0.0004387265071272,ok
short-bursts,dtpaf,binary,256,2,0.0004374682903289,ok
short-bursts,dtpaf,binary,256,3,0.0004770094528794,ok
short-bursts,dtpaf,binary,256,4,0.0004827892407774,ok
short-bursts,dtpaf,binary,512,0,0.0004964172840118,ok
short-bursts,dtpaf,binary,512,1,0.0004549659788608,ok
short-bursts,dtpaf,binary,512,2,0.0005626240745186,ok
short-bursts,dtpaf,binary,512,3,0.000553204677999,ok
short-bursts,dtpaf,binary,512,4,0.0004530167207121,ok
short-bursts,dtpaf,binary,1024,0,0.0005129165947437,ok
short-bursts,dtpaf,binary,1024,1,0.0004778346046805,ok
short-bursts,dtpaf,binary,1024,2,0.000475070439279,ok
short-bursts,dtpaf,binary,1024,3,0.0004750629886984,ok
short-bursts,dtpaf,binary,1024,4,0.0004748851060867,ok
short-bursts,dtpaf,binary,2048,0,0.0006189513951539,ok
short-bursts,dtpaf,binary,2048,1,0.0005693426355719,ok
short-bursts,dtpaf,binary,2048,2,0.0005306927487254,ok
short-bursts,dtpaf,binary,2048,3,0.0005669612437486,ok
short-bursts,dtpaf,binary,2048,4,0.0005790684372186,ok
short-bursts,dtpaf,binary,4096,0,0.0006745280697941,ok
short-bursts,dtpaf,binary,4096,1,0.0006326474249362,ok
short-bursts,dtpaf,binary,4096,2,0.0006205281242728,ok
short-bursts,dtpaf,binary,4096,3,0.0006037056446075,ok
short-bursts,dtpaf,binary,4096,4,0.0006218217313289,ok
short-bursts,dtpaf,binary,8192,0,0.0008073076605796,ok
short-bursts,dtpaf,binary,8192,1,0.0007426794618368,ok
short-bursts,dtpaf,binary,8192,2,0.0007725693285465,ok
short-bursts,dtpaf,binary,8192,3,0.0007250476628541,ok
short-bursts,dtpaf,binary,8192,4,0.0007242774590849,ok
short-bursts,dtpaf,binary,16384,0,0.001126917079091,ok
short-bursts,dtpaf,binary,16384,1,0.0010573957115411,ok
short-bursts,dtpaf,binary,16384,2,0.0010675089433789,ok
short-bursts,dtpaf,binary,16384,3,0.0010106153786182,ok
short-bursts,dtpaf,binary,16384,4,0.0010111313313245,ok
short-bursts,dtpaf,binary,32768,0,0.0018603224307298,ok
short-bursts,dtpaf,binary,32768,1,0.0015641981735825,ok
short-bursts,dtpaf,binary,32768,2,0.0016027316451072,ok
short-bursts,dtpaf,binary,32768,3,0.0015542041510343,ok
short-bursts,dtpaf,binary,32768,4,0.0016290228813886,ok
short-bursts,dtpaf,binary,65536,0,0.0029996298253536,ok
short-bursts,dtpaf,binary,65536,1,0.0025797272101044,ok
short-bursts,dtpaf,binary,65536,2,0.0026228241622447,ok
short-bursts,dtpaf,binary,65536,3,0.0026597622781991,ok
short-bursts,dtpaf,binary,65536,4,0.0025880597531795,ok
short-bursts,dtpaf,binary,131072,0,0.0060367211699485,ok
short-bursts,dtpaf,binary,131072,1,0.0053803073242306,ok
short-bursts,dtpaf,binary,131072,2,0.0053860135376453,ok
short-bursts,dtpaf,binary,131072,3,0.0053369356319308,ok
short-bursts,dtpaf,binary,131072,4,0.0054002869874238,ok
short-bursts,dtpaf,binary,262144,0,0.0115643171593546,ok
short-bursts,dtpaf,binary,262144,1,0.0102188969030976,ok
short-bursts,dtpaf,binary,262144,2,0.0103263305500149,ok
short-bursts,dtpaf,binary,262144,3,0.0102830007672309,ok
short-bursts,dtpaf,binary,262144,4,0.010228426195681,ok
short-bursts,dtpaf,binary,524288,0,0.023289174772799,ok
short-bursts,dtpaf,binary,524288,1,0.0212139636278152,ok
short-bursts,dtpaf,binary,524288,2,0.0213136551901698,ok
short-bursts,dtpaf,binary,524288,3,0.0210517141968011,ok
short-bursts,dtpaf,binary,524288,4,0.0209934264421463,ok
short-bursts,dtpaf,binary,1048576,0,0.0444943066686391,ok
short-bursts,dtpaf,binary,1048576,1,0.0414948025718331,ok
short-bursts,dtpaf,binary,1048576,2,0.0413435827940702,ok
short-bursts,dtpaf,binary,1048576,3,0.0413398882374167,ok
short-bursts,dtpaf,binary,1048576,4,0.0413277158513665,ok
short-bursts,eds,binary,256,0,0.0007475158199667,ok
short-bursts,eds,binary,256,1,0.0004788478836417,ok
short-bursts,eds,binary,256,2,0.0004573017358779,ok
short-bursts,eds,binary,256,3,0.0004607606679201,ok
short-bursts,eds,binary,256,4,0.0004610968753695,ok
short-bursts,eds,binary,512,0,0.0006067333742976,ok
short-bursts,eds,binary,512,1,0.0005399687215685,ok
short-bursts,eds,binary,512,2,0.0005227094516158,ok
short-bursts,eds,binary,512,3,0.0005243942141532,ok
short-bursts,eds,binary,512,4,0.0005733054131269,ok
short-bursts,eds,binary,1024,0,0.0007837349548935,ok
short-bursts,eds,binary,1024,1,0.0006482675671577,ok
short-bursts,eds,binary,1024,2,0.0006490871310234,ok
short-bursts,eds,binary,1024,3,0.0006579644978046,ok
short-bursts,eds,binary,1024,4,0.0006610956043004,ok
short-bursts,eds,binary,2048,0,0.0008843373507261,ok
short-bursts,eds,binary,2048,1,0.0008332356810569,ok
short-bursts,eds,binary,2048,2,0.000833005644381,ok
short-bursts,eds,binary,2048,3,0.0008428189903497,ok
short-bursts,eds,binary,2048,4,0.0008296277374029,ok
short-bursts,eds,binary,4096,0,0.0014431253075599,ok
short-bursts,eds,binary,4096,1,0.0012489864602684,ok
short-bursts,eds,binary,4096,2,0.0012476565316319,ok
short-bursts,eds,binary,4096,3,0.0012107612565159,ok
short-bursts,eds,binary,4096,4,0.0012674145400524,ok
short-bursts,eds,binary,8192,0,0.0019833780825138,ok
short-bursts,eds,binary,8192,1,0.0019116401672363,ok
short-bursts,eds,binary,8192,2,0.0019184257835149,ok
short-bursts,eds,binary,8192,3,0.0020079147070646,ok
short-bursts,eds,binary,8192,4,0.0019861403852701,ok
short-bursts,eds,binary,16384,0,0.0038244472816586,ok
short-bursts,eds,binary,16384,1,0.0037139151245355,ok
short-bursts,eds,binary,16384,2,0.003730091266334,ok
short-bursts,eds,binary,16384,3,0.0037307161837816,ok
short-bursts,eds,binary,16384,4,0.0037217726930975,ok
short-bursts,eds,binary,32768,0,0.0076166624203324,ok
short-bursts,eds,binary,32768,1,0.0074078748002648,ok
short-bursts,eds,binary,32768,2,0.0074542947113513,ok
short-bursts,eds,binary,32768,3,0.0074185309931635,ok
short-bursts,eds,binary,32768,4,0.0074469009414315,ok
short-bursts,eds,binary,65536,0,0.0144672049209475,ok
short-bursts,eds,binary,65536,1,0.0140584353357553,ok
short-bursts,eds,binary,65536,2,0.0139910643920302,ok
short-bursts,eds,binary,65536,3,0.014039228670299,ok
short-bursts,eds,binary,65536,4,0.0141107831150293,ok
short-bursts,eds,binary,131072,0,0.0288407374173402,ok
short-bursts,eds,binary,131072,1,0.0279817059636116,ok
short-bursts,eds,binary,131072,2,0.0279769310727715,ok
short-bursts,eds,binary,131072,3,0.0280847018584609,ok
short-bursts,eds,binary,131072,4,0.0280956886708736,ok
short-bursts,eds,binary,262144,0,0.0562844416126608,ok
short-bursts,eds,binary,262144,1,0.0551348235458135,ok
short-bursts,eds,binary,262144,2,0.0552187273278832,ok
short-bursts,eds,binary,262144,3,0.054241987876594,ok
short-bursts,eds,binary,262144,4,0.0554015524685382,ok
short-bursts,eds,binary,524288,0,0.1112597463652491,ok
short-bursts,eds,binary,524288,1,0.1104600923135876,ok
short-bursts,eds,binary,524288,2,0.1103097228333354,ok
short-bursts,eds,binary,524288,3,0.1107223890721798,ok
short-bursts,eds,binary,524288,4,0.1122102113440632,ok
short-bursts,eds,binary,1048576,0,0.2266782149672508,ok
short-bursts,eds,binary,1048576,1,0.2200071401894092,ok
short-bursts,eds,binary,1048576,2,0.2200555056333542,ok
short-bursts,eds,binary,1048576,3,0.2200760133564472,ok
short-bursts,eds,binary,1048576,4,0.2208382524549961,ok
short-bursts,etaf,binary,256,0,0.001195641234517,ok
short-bursts,etaf,binary,256,1,0.0010301833972334,ok
short-bursts,etaf,binary,256,2,0.0010046260431408,ok
short-bursts,etaf,binary,256,3,0.0010032663121819,ok
short-bursts,etaf,binary,256,4,0.0010067978873848,ok
short-bursts,etaf,binary,512,0,0.0015049129724502,ok
short-bursts,etaf,binary,512,1,0.0014203190803527,ok
short-bursts,etaf,binary,512,2,0.0014193011447787,ok
short-bursts,etaf,binary,512,3,0.0014164028689265,ok
short-bursts,etaf,binary,512,4,0.0014123665168881,ok
short-bursts,etaf,binary,1024,0,0.002617479301989,ok
short-bursts,etaf,binary,1024,1,0.0026536080986261,ok
short-bursts,etaf,binary,1024,2,0.0025650290772318,ok
short-bursts,etaf,binary,1024,3,0.0026181302964687,ok
short-bursts,etaf,binary,1024,4,0.0025525521486997,ok
short-bursts,etaf,binary,2048,0,0.0063314773142337,ok
short-bursts,etaf,binary,2048,1,0.0062571698799729,ok
short-bursts,etaf,binary,2048,2,0.0063051767647266,ok
short-bursts,etaf,binary,2048,3,0.0062436610460281,ok
short-bursts,etaf,binary,2048,4,0.0062899719923734,ok
short-bursts,etaf,binary,4096,0,0.0193093651905655,ok
short-bursts,etaf,binary,4096,1,0.0191690577194094,ok
short-bursts,etaf,binary,4096,2,0.0193170625716447,ok
short-bursts,etaf,binary,4096,3,0.0191528433933854,ok
short-bursts,etaf,binary,4096,4,0.019297513179481,ok
short-bursts,etaf,binary,8192,0,0.068484116345644,ok
short-bursts,etaf,binary,8192,1,0.0687328409403562,ok
short-bursts,etaf,binary,8192,2,0.0679671447724103,ok
short-bursts,etaf,binary,8192,3,0.0687801297754049,ok
short-bursts,etaf,binary,8192,4,0.0686049032956361,ok
short-bursts,etaf,binary,16384,0,0.2578785307705402,ok
short-bursts,etaf,binary,16384,1,0.2594663500785827,ok
short-bursts,etaf,binary,16384,2,0.2565343929454684,ok
short-bursts,etaf,binary,16384,3,0.2580136964097619,ok
short-bursts,etaf,binary,16384,4,0.2574010733515024,ok
short-bursts,etaf,binary,32768,0,1.162399453110993,ok
short-bursts,etaf,binary,32768,1,1.1510701943188906,ok
short-bursts,etaf,binary,32768,2,1.16351773776114,ok
short-bursts,etaf,binary,32768,3,1.1511641796678305,ok
short-bursts,etaf,binary,32768,4,1.1685303784906864,ok
short-bursts,etaf,binary,65536,0,4.438390872441232,ok
short-bursts,etaf,binary,65536,1,4.454656953923404,ok
short-bursts,etaf,binary,65536,2,4.334186017513275,ok
short-bursts,etaf,binary,65536,3,4.446588677354157,ok
short-bursts,etaf,binary,65536,4,4.354242570698261,ok
short-bursts,etaf,binary,131072,0,17.417859464883804,ok
short-bursts,etaf,binary,131072,1,17.378589660860598,ok
short-bursts,etaf,binary,131072,2,17.594417217187583,ok
short-bursts,etaf,binary,131072,3,17.67018986493349,ok
short-bursts,etaf,binary,131072,4,17.321744117885828,ok
short-bursts,etaf,binary,262144,0,68.93651349376887,ok
short-bursts,etaf,binary,262144,1,68.55112390313298,ok
short-bursts,etaf,binary,262144,2,68.8595483135432,ok
short-bursts,etaf,binary,262144,3,68.59568906016648,ok
short-bursts,etaf,binary,262144,4,68.06133462116122,ok
short-bursts,etaf,binary,524288,0,277.2077940683812,ok
short-bursts,etaf,binary,524288,1,278.9001767123118,ok
short-bursts,etaf,binary,524288,2,278.8244136739522,ok
short-bursts,etaf,binary,524288,3,277.5353156076744,ok
short-bursts,etaf,binary,524288,4,276.49977176077664,ok
short-bursts,etaf,binary,1048576,0,1103.5055192066357,ok
short-bursts,etaf,binary,1048576,1,1103.464607055299,ok
short-bursts,etaf,binary,1048576,2,1127.4711472233755,ok
short-bursts,etaf,binary,1048576,3,1130.7900708084926,ok
short-bursts,etaf,binary,1048576,4,1125.742228702642,ok
short-bursts,lsaf,binary,256,0,0.0006108283996582,ok
short-bursts,lsaf,binary,256,1,0.000528872013092,ok
short-bursts,lsaf,binary,256,2,0.0005206419155001,ok
short-bursts,lsaf,binary,256,3,0.0005178097635507,ok
short-bursts,lsaf,binary,256,4,0.0005226721987128,ok
short-bursts,lsaf,binary,512,0,0.0006499271839857,ok
short-bursts,lsaf,binary,512,1,0.0006329994648694,ok
short-bursts,lsaf,binary,512,2,0.0006604129448533,ok
short-bursts,lsaf,binary,512,3,0.0006327014416456,ok
short-bursts,lsaf,binary,512,4,0.00063107162714,ok
short-bursts,lsaf,binary,1024,0,0.000833585858345,ok
short-bursts,lsaf,binary,1024,1,0.0008210930973291,ok
short-bursts,lsaf,binary,1024,2,0.0008331518620252,ok
short-bursts,lsaf,binary,1024,3,0.0008159913122653,ok
short-bursts,lsaf,binary,1024,4,0.0008844202384352,ok
short-bursts,lsaf,binary,2048,0,0.001150595024228,ok
short-bursts,lsaf,binary,2048,1,0.0011347411200404,ok
short-bursts,lsaf,binary,2048,2,0.0011617578566074,ok
short-bursts,lsaf,binary,2048,3,0.0011369669809937,ok
short-bursts,lsaf,binary,2048,4,0.001177828758955,ok
short-bursts,lsaf,binary,4096,0,0.0018729083240032,ok
short-bursts,lsaf,binary,4096,1,0.0017733555287122,ok
short-bursts,lsaf,binary,4096,2,0.0017819255590438,ok
short-bursts,lsaf,binary,4096,3,0.0018645646050572,ok
short-bursts,lsaf,binary,4096,4,0.001774214208126,ok
short-bursts,lsaf,binary,8192,0,0.0031805830076336,ok
short-bursts,lsaf,binary,8192,1,0.0031838212162256,ok
short-bursts,lsaf,binary,8192,2,0.0032002534717321,ok
short-bursts,lsaf,binary,8192,3,0.0032005533576011,ok
short-bursts,lsaf,binary,8192,4,0.0031612617895007,ok
short-bursts,lsaf,binary,16384,0,0.0059062000364065,ok
short-bursts,lsaf,binary,16384,1,0.0059974901378154,ok
short-bursts,lsaf,binary,16384,2,0.0059922179207205,ok
short-bursts,lsaf,binary,16384,3,0.0059163058176636,ok
short-bursts,lsaf,binary,16384,4,0.0059342086315155,ok
short-bursts,lsaf,binary,32768,0,0.01158067304641,ok
short-bursts,lsaf,binary,32768,1,0.011580049060285,ok
short-bursts,lsaf,binary,32768,2,0.0134685495868325,ok
short-bursts,lsaf,binary,32768,3,0.011585178785026,ok
short-bursts,lsaf,binary,32768,4,0.0115251597017049,ok
short-bursts,lsaf,binary,65536,0,0.0225476901978254,ok
short-bursts,lsaf,binary,65536,1,0.0222495477646589,ok
short-bursts,lsaf,binary,65536,2,0.022338836453855,ok
short-bursts,lsaf,binary,65536,3,0.0222851457074284,ok
short-bursts,lsaf,binary,65536,4,0.0223502768203616,ok
short-bursts,lsaf,binary,131072,0,0.0443262495100498,ok
short-bursts,lsaf,binary,131072,1,0.0444476529955863,ok
short-bursts,lsaf,binary,131072,2,0.0445053642615675,ok
short-bursts,lsaf,binary,131072,3,0.0441617062315344,ok
short-bursts,lsaf,binary,131072,4,0.0447393218055367,ok
short-bursts,lsaf,binary,262144,0,0.0887257065623998,ok
short-bursts,lsaf,binary,262144,1,0.0880375010892748,ok
short-bursts,lsaf,binary,262144,2,0.0879471991211175,ok
short-bursts,lsaf,binary,262144,3,0.0883968826383352,ok
short-bursts,lsaf,binary,262144,4,0.0882577849552035,ok
short-bursts,lsaf,binary,524288,0,0.1772970994934439,ok
short-bursts,lsaf,binary,524288,1,0.1760949753224849,ok
short-bursts,lsaf,binary,524288,2,0.177064006216824,ok
short-bursts,lsaf,binary,524288,3,0.1776769738644361,ok
short-bursts,lsaf,binary,524288,4,0.1771913282573223,ok
short-bursts,lsaf,binary,1048576,0,0.3540215631946921,ok
short-bursts,lsaf,binary,1048576,1,0.3558411113917827,ok
short-bursts,lsaf,binary,1048576,2,0.3565714685246348,ok
short-bursts,lsaf,binary,1048576,3,0.3556294403970241,ok
short-bursts,lsaf,binary,1048576,4,0.3545560482889414,ok
short-bursts,mttd,binary,256,0,0.0004922738298773,ok
short-bursts,mttd,binary,256,1,0.0004275441169738,ok
short-bursts,mttd,binary,256,2,0.0004212176427245,ok
short-bursts,mttd,binary,256,3,0.0004205480217933,ok
short-bursts,mttd,binary,256,4,0.0004245536401867,ok
short-bursts,mttd,binary,512,0,0.0005142269656062,ok
short-bursts,mttd,binary,512,1,0.0004776054993271,ok
short-bursts,mttd,binary,512,2,0.0004710322245955,ok
short-bursts,mttd,binary,512,3,0.000471506267786,ok
short-bursts,mttd,binary,512,4,0.0004728585481643,ok
short-bursts,mttd,binary,1024,0,0.0005813967436552,ok
short-bursts,mttd,binary,1024,1,0.0005455771461129,ok
short-bursts,mttd,binary,1024,2,0.0005494114011526,ok
short-bursts,mttd,binary,1024,3,0.0005455203354358,ok
short-bursts,mttd,binary,1024,4,0.0005430877208709,ok
short-bursts,mttd,binary,2048,0,0.0007301988080143,ok
short-bursts,mttd,binary,2048,1,0.0006788801401853,ok
short-bursts,mttd,binary,2048,2,0.0006936583667993,ok
short-bursts,mttd,binary,2048,3,0.0007061464712023,ok
short-bursts,mttd,binary,2048,4,0.0006766133010387,ok
short-bursts,mttd,binary,4096,0,0.0009987605735659,ok
short-bursts,mttd,binary,4096,1,0.0009420048445463,ok
short-bursts,mttd,binary,4096,2,0.0009367922320961,ok
short-bursts,mttd,binary,4096,3,0.0010029561817646,ok
short-bursts,mttd,binary,4096,4,0.0009309025481343,ok
short-bursts,mttd,binary,8192,0,0.0015719672664999,ok
short-bursts,mttd,binary,8192,1,0.0015013134106993,ok
short-bursts,mttd,binary,8192,2,0.0014944327995181,ok
short-bursts,mttd,binary,8192,3,0.0014890972524881,ok
short-bursts,mttd,binary,8192,4,0.0014903517439961,ok
short-bursts,mttd,binary,16384,0,0.0027852235361933,ok
short-bursts,mttd,binary,16384,1,0.0026583345606923,ok
short-bursts,mttd,binary,16384,2,0.0025642961263656,ok
short-bursts,mttd,binary,16384,3,0.0026356363669037,ok
short-bursts,mttd,binary,16384,4,0.0026350626721978,ok
short-bursts,mttd,binary,32768,0,0.005014544352889,ok
short-bursts,mttd,binary,32768,1,0.0047928523272275,ok
short-bursts,mttd,binary,32768,2,0.0048236045986413,ok
short-bursts,mttd,binary,32768,3,0.0048034247010946,ok
short-bursts,mttd,binary,32768,4,0.0048331581056118,ok
short-bursts,mttd,binary,65536,0,0.009522346779704,ok
short-bursts,mttd,binary,65536,1,0.0091577405110001,ok
short-bursts,mttd,binary,65536,2,0.0090317064896225,ok
short-bursts,mttd,binary,65536,3,0.0091108512133359,ok
short-bursts,mttd,binary,65536,4,0.0090561769902706,ok
short-bursts,mttd,binary,131072,0,0.0192653648555278,ok
short-bursts,mttd,binary,131072,1,0.0185545049607753,ok
short-bursts,mttd,binary,131072,2,0.0183925414457917,ok
short-bursts,mttd,binary,131072,3,0.0184523565694689,ok
short-bursts,mttd,binary,131072,4,0.0185554577037692,ok
short-bursts,mttd,binary,262144,0,0.0375633239746093,ok
short-bursts,mttd,binary,262144,1,0.0362276025116443,ok
short-bursts,mttd,binary,262144,2,0.0363777130842208,ok
short-bursts,mttd,binary,262144,3,0.036201974377036,ok
short-bursts,mttd,binary,262144,4,0.0364545797929167,ok
short-bursts,mttd,binary,524288,0,0.0758919520303607,ok
short-bursts,mttd,binary,524288,1,0.0730216465890407,ok
short-bursts,mttd,binary,524288,2,0.0732586197555065,ok
short-bursts,mttd,binary,524288,3,0.0730554396286606,ok
short-bursts,mttd,binary,524288,4,0.0727739855647087,ok
short-bursts,mttd,binary,1048576,0,0.1456708079203963,ok
short-bursts,mttd,binary,1048576,1,0.1449491297826171,ok
short-bursts,mttd,binary,1048576,2,0.1443409919738769,ok
short-bursts,mttd,binary,1048576,3,0.1446759961545467,ok
short-bursts,mttd,binary,1048576,4,0.1446306258440017,ok
short-bursts,nab_score,binary,256,0,0.0029436787590384,ok
short-bursts,nab_score,binary,256,1,0.0025015622377395,ok
short-bursts,nab_score,binary,256,2,0.0024395724758505,ok
short-bursts,nab_score,binary,256,3,0.0031891502439975,ok
short-bursts,nab_score,binary,256,4,0.0027716951444745,ok
short-bursts,nab_score,binary,512,0,0.0057541048154234,ok
short-bursts,nab_score,binary,512,1,0.0056337630376219,ok
short-bursts,nab_score,binary,512,2,0.0056617567315697,ok
short-bursts,nab_score,binary,512,3,0.005735014565289,ok
short-bursts,nab_score,binary,512,4,0.0050974246114492,ok
short-bursts,nab_score,binary,1024,0,0.0104414522647857,ok
short-bursts,nab_score,binary,1024,1,0.0103887701407074,ok
short-bursts,nab_score,binary,1024,2,0.0103295566514134,ok
short-bursts,nab_score,binary,1024,3,0.0103520303964614,ok
short-bursts,nab_score,binary,1024,4,0.010341664776206,ok
short-bursts,nab_score,binary,2048,0,0.045944470912218,ok
short-bursts,nab_score,binary,2048,1,0.0218430971726775,ok
short-bursts,nab_score,binary,2048,2,0.021905593574047,ok
short-bursts,nab_score,binary,2048,3,0.0217981627210974,ok
short-bursts,nab_score,binary,2048,4,0.0218548215925693,ok
short-bursts,nab_score,binary,4096,0,0.0519350273534655,ok
short-bursts,nab_score,binary,4096,1,0.0517279161140322,ok
short-bursts,nab_score,binary,4096,2,0.0516490619629621,ok
short-bursts,nab_score,binary,4096,3,0.0515471678227186,ok
short-bursts,nab_score,binary,4096,4,0.0520155522972345,ok
short-bursts,nab_score,binary,8192,0,0.1385727580636739,ok
short-bursts,nab_score,binary,8192,1,0.1382072754204273,ok
short-bursts,nab_score,binary,8192,2,0.1530830906704068,ok
short-bursts,nab_score,binary,8192,3,0.1388454157859087,ok
short-bursts,nab_score,binary,8192,4,0.1414873236790299,ok
short-bursts,nab_score,binary,16384,0,0.4133382188156247,ok
short-bursts,nab_score,binary,16384,1,0.436356108635664,ok
short-bursts,nab_score,binary,16384,2,0.4117534821853041,ok
short-bursts,nab_score,binary,16384,3,0.4120707111433148,ok
short-bursts,nab_score,binary,16384,4,0.4267000099644065,ok
short-bursts,nab_score,binary,32768,0,1.3846086580306292,ok
short-bursts,nab_score,binary,32768,1,1.3964897152036428,ok
short-bursts,nab_score,binary,32768,2,1.394164307974279,ok
short-bursts,nab_score,binary,32768,3,1.3828940661624074,ok
short-bursts,nab_score,binary,32768,4,1.402148257009685,ok
short-bursts,nab_score,binary,65536,0,4.862260256893933,ok
short-bursts,nab_score,binary,65536,1,4.847418535500765,ok
short-bursts,nab_score,binary,65536,2,4.826916591264308,ok
short-bursts,nab_score,binary,65536,3,4.844165083952248,ok
short-bursts,nab_score,binary,65536,4,4.854069399647415,ok
short-bursts,nab_score,binary,131072,0,18.52541747689247,ok
short-bursts,nab_score,binary,131072,1,18.52924872841686,ok
short-bursts,nab_score,binary,131072,2,18.49652139469981,ok
short-bursts,nab_score,binary,131072,3,18.5086133312434,ok
short-bursts,nab_score,binary,131072,4,18.498002969659865,ok
short-bursts,nab_score,binary,262144,0,71.41434897948056,ok
short-bursts,nab_score,binary,262144,1,71.43615711573511,ok
short-bursts,nab_score,binary,262144,2,71.44503558985889,ok
short-bursts,nab_score,binary,262144,3,71.46338703017682,ok
short-bursts,nab_score,binary,262144,4,71.38252252992243,ok
short-bursts,nab_score,binary,524288,0,285.5464692991227,ok
short-bursts,nab_score,binary,524288,1,285.587436132133,ok
short-bursts,nab_score,binary,524288,2,285.3424824522808,ok
short-bursts,nab_score,binary,524288,3,285.63540312461555,ok
short-bursts,nab_score,binary,524288,4,285.57509052567184,ok
short-bursts,nab_score,binary,1048576,0,1132.6699648853391,ok
short-bursts,nab_score,binary,1048576,1,1132.9610323971135,ok
short-bursts,nab_score,binary,1048576,2,1133.3325401470065,ok
short-bursts,nab_score,binary,1048576,3,1133.0197162535042,ok
short-bursts,nab_score,binary,1048576,4,1133.4512364240363,ok
short-bursts,naff_f,binary,256,0,0.0009852461516857,ok
short-bursts,naff_f,binary,256,1,0.0007178736850619,ok
short-bursts,naff_f,binary,256,2,0.0007083993405103,ok
short-bursts,naff_f,binary,256,3,0.0007122810930013,ok
short-bursts,naff_f,binary,256,4,0.0009191744029521,ok
short-bursts,naff_f,binary,512,0,0.0011691786348819,ok
short-bursts,naff_f,binary,512,1,0.0011535016819834,ok
short-bursts,naff_f,binary,512,2,0.0011895783245563,ok
short-bursts,naff_f,binary,512,3,0.0011528292670845,ok
short-bursts,naff_f,binary,512,4,0.001151256263256,ok
short-bursts,naff_f,binary,1024,0,0.0018933843821287,ok
short-bursts,naff_f,binary,1024,1,0.0019069043919444,ok
short-bursts,naff_f,binary,1024,2,0.0019001271575689,ok
short-bursts,naff_f,binary,1024,3,0.0019233021885156,ok
short-bursts,naff_f,binary,1024,4,0.0019033150747418,ok
short-bursts,naff_f,binary,2048,0,0.0045530907809734,ok
short-bursts,naff_f,binary,2048,1,0.0044960789382457,ok
short-bursts,naff_f,binary,2048,2,0.0040129413828253,ok
short-bursts,naff_f,binary,2048,3,0.0040119746699929,ok
short-bursts,naff_f,binary,2048,4,0.0049216393381357,ok
short-bursts,naff_f,binary,4096,0,0.0131782786920666,ok
short-bursts,naff_f,binary,4096,1,0.0130755938589572,ok
short-bursts,naff_f,binary,4096,2,0.0119384294375777,ok
short-bursts,naff_f,binary,4096,3,0.0116757396608591,ok
short-bursts,naff_f,binary,4096,4,0.0117385210469365,ok
short-bursts,naff_f,binary,8192,0,0.0407593445852398,ok
short-bursts,naff_f,binary,8192,1,0.0405260492116212,ok
short-bursts,naff_f,binary,8192,2,0.0406093979254365,ok
short-bursts,naff_f,binary,8192,3,0.0405601924285292,ok
short-bursts,naff_f,binary,8192,4,0.0406026849523186,ok
short-bursts,naff_f,binary,16384,0,0.1504722200334072,ok
short-bursts,naff_f,binary,16384,1,0.1495870063081383,ok
short-bursts,naff_f,binary,16384,2,0.1502890726551413,ok
short-bursts,naff_f,binary,16384,3,0.1504299622029066,ok
short-bursts,naff_f,binary,16384,4,0.1500840354710817,ok
short-bursts,naff_f,binary,32768,0,0.6667184447869658,ok
short-bursts,naff_f,binary,32768,1,0.675991877913475,ok
short-bursts,naff_f,binary,32768,2,0.6646904926747084,ok
short-bursts,naff_f,binary,32768,3,0.6627609673887491,ok
short-bursts,naff_f,binary,32768,4,0.6654115933924913,ok
short-bursts,naff_f,binary,65536,0,2.48710254393518,ok
short-bursts,naff_f,binary,65536,1,2.5006571859121323,ok
short-bursts,naff_f,binary,65536,2,2.4887359868735075,ok
short-bursts,naff_f,binary,65536,3,2.503017181530595,ok
short-bursts,naff_f,binary,65536,4,2.4984044302254915,ok
short-bursts,naff_f,binary,131072,0,9.77000717073679,ok
short-bursts,naff_f,binary,131072,1,9.782000568695366,ok
short-bursts,naff_f,binary,131072,2,9.7864929465577,ok
short-bursts,naff_f,binary,131072,3,9.758139392361045,ok
short-bursts,naff_f,binary,131072,4,9.763319506309928,ok
short-bursts,naff_f,binary,262144,0,38.51643450465053,ok
short-bursts,naff_f,binary,262144,1,38.61795347183943,ok
short-bursts,naff_f,binary,262144,2,38.41188517585397,ok
short-bursts,naff_f,binary,262144,3,38.56742639560253,ok
short-bursts,naff_f,binary,262144,4,38.44810062460601,ok
short-bursts,naff_f,binary,524288,0,154.05259000509977,ok
short-bursts,naff_f,binary,524288,1,153.76795541215688,ok
short-bursts,naff_f,binary,524288,2,154.2802132498473,ok
short-bursts,naff_f,binary,524288,3,153.5477854721248,ok
short-bursts,naff_f,binary,524288,4,154.09164659306407,ok
short-bursts,naff_f,binary,1048576,0,619.0411780094728,ok
short-bursts,naff_f,binary,1048576,1,620.4545419700444,ok
short-bursts,naff_f,binary,1048576,2,622.3340497417375,ok
short-bursts,naff_f,binary,1048576,3,619.4912215340883,ok
short-bursts,naff_f,binary,1048576,4,619.2011091373861,ok
short-bursts,pa_auc_pr,continuous,256,0,0.0065402230247855,ok
short-bursts,pa_auc_pr,continuous,256,1,0.0064170407131314,ok
short-bursts,pa_auc_pr,continuous,256,2,0.0063944989815354,ok
short-bursts,pa_auc_pr,continuous,256,3,0.0063783954828977,ok
short-bursts,pa_auc_pr,continuous,256,4,0.0063801566138863,ok
short-bursts,pa_auc_pr,continuous,512,0,0.0122217964380979,ok
short-bursts,pa_auc_pr,continuous,512,1,0.012157249264419,ok
short-bursts,pa_auc_pr,continuous,512,2,0.0122693879529833,ok
short-bursts,pa_auc_pr,continuous,512,3,0.012113126926124,ok
short-bursts,pa_auc_pr,continuous,512,4,0.0122243659570813,ok
short-bursts,pa_auc_pr,continuous,1024,0,0.0236913925036788,ok
short-bursts,pa_auc_pr,continuous,1024,1,0.023647217079997,ok
short-bursts,pa_auc_pr,continuous,1024,2,0.0235582077875733,ok
short-bursts,pa_auc_pr,continuous,1024,3,0.0236736070364713,ok
short-bursts,pa_auc_pr,continuous,1024,4,0.0237398920580744,ok
short-bursts,pa_auc_pr,continuous,2048,0,0.0467757442966103,ok
short-bursts,pa_auc_pr,continuous,2048,1,0.0463981656357646,ok
short-bursts,pa_auc_pr,continuous,2048,2,0.0465418631210923,ok
short-bursts,pa_auc_pr,continuous,2048,3,0.0463751787319779,ok
short-bursts,pa_auc_pr,continuous,2048,4,0.0466506853699684,ok
short-bursts,pa_auc_pr,continuous,4096,0,0.093978801742196,ok
short-bursts,pa_auc_pr,continuous,4096,1,0.0934509951621294,ok
short-bursts,pa_auc_pr,continuous,4096,2,0.0932576535269618,ok
short-bursts,pa_auc_pr,continuous,4096,3,0.0934994053095579,ok
short-bursts,pa_auc_pr,continuous,4096,4,0.0937488013878464,ok
short-bursts,pa_auc_pr,continuous,8192,0,0.1851262729614973,ok
short-bursts,pa_auc_pr,continuous,8192,1,0.1857682466506958,ok
short-bursts,pa_auc_pr,continuous,8192,2,0.1848721466958522,ok
short-bursts,pa_auc_pr,continuous,8192,3,0.1840345151722431,ok
short-bursts,pa_auc_pr,continuous,8192,4,0.1868893075734377,ok
short-bursts,pa_auc_pr,continuous,16384,0,0.3695345027372241,ok
short-bursts,pa_auc_pr,continuous,16384,1,0.3693822948262095,ok
short-bursts,pa_auc_pr,continuous,16384,2,0.3707647109404206,ok
short-bursts,pa_auc_pr,continuous,16384,3,0.3709850581362843,ok
short-bursts,pa_auc_pr,continuous,16384,4,0.3707535173743963,ok
short-bursts,pa_auc_pr,continuous,32768,0,0.7411721348762512,ok
short-bursts,pa_auc_pr,continuous,32768,1,0.7375940922647715,ok
short-bursts,pa_auc_pr,continuous,32768,2,0.7397278239950538,ok
short-bursts,pa_auc_pr,continuous,32768,3,0.7413260946050286,ok
short-bursts,pa_auc_pr,continuous,32768,4,0.7382413158193231,ok
short-bursts,pa_auc_pr,continuous,65536,0,1.4751688912510872,ok
short-bursts,pa_auc_pr,continuous,65536,1,1.4747521420940757,ok
short-bursts,pa_auc_pr,continuous,65536,2,1.4822866981849074,ok
short-bursts,pa_auc_pr,continuous,65536,3,1.4815599117428064,ok
short-bursts,pa_auc_pr,continuous,65536,4,1.4818186815828085,ok
short-bursts,pa_auc_pr,continuous,131072,0,2.9636061880737543,ok
short-bursts,pa_auc_pr,continuous,131072,1,2.9490020340308547,ok
short-bursts,pa_auc_pr,continuous,131072,2,2.954481851309538,ok
short-bursts,pa_auc_pr,continuous,131072,3,2.965534154325724,ok
short-bursts,pa_auc_pr,continuous,131072,4,2.9843826992437243,ok
short-bursts,pa_auc_pr,continuous,262144,0,5.888571626506746,ok
short-bursts,pa_auc_pr,continuous,262144,1,5.903202901594341,ok
short-bursts,pa_auc_pr,continuous,262144,2,5.919243267737329,ok
short-bursts,pa_auc_pr,continuous,262144,3,5.9014827683568,ok
short-bursts,pa_auc_pr,continuous,262144,4,5.902464205399156,ok
short-bursts,pa_auc_pr,continuous,524288,0,11.928807408548892,ok
short-bursts,pa_auc_pr,continuous,524288,1,11.841309737414122,ok
short-bursts,pa_auc_pr,continuous,524288,2,11.926659112796187,ok
short-bursts,pa_auc_pr,continuous,524288,3,11.916257364675404,ok
short-bursts,pa_auc_pr,continuous,524288,4,11.910636750981212,ok
short-bursts,pa_auc_pr,continuous,1048576,0,23.68079773522913,ok
short-bursts,pa_auc_pr,continuous,1048576,1,23.778963656164706,ok
short-bursts,pa_auc_pr,continuous,1048576,2,23.754411846399307,ok
short-bursts,pa_auc_pr,continuous,1048576,3,23.7957622082904,ok
short-bursts,pa_auc_pr,continuous,1048576,4,23.769694976508617,ok
short-bursts,pa_auc_roc,continuous,256,0,0.0066147558391094,ok
short-bursts,pa_auc_roc,continuous,256,1,0.0064312266185879,ok
short-bursts,pa_auc_roc,continuous,256,2,0.006433755159378,ok
short-bursts,pa_auc_roc,continuous,256,3,0.0064197024330496,ok
short-bursts,pa_auc_roc,continuous,256,4,0.006350559182465,ok
short-bursts,pa_auc_roc,continuous,512,0,0.0122752813622355,ok
short-bursts,pa_auc_roc,continuous,512,1,0.0122077846899628,ok
short-bursts,pa_auc_roc,continuous,512,2,0.0122240325435996,ok
short-bursts,pa_auc_roc,continuous,512,3,0.0147484214976429,ok
short-bursts,pa_auc_roc,continuous,512,4,0.0131576219573616,ok
short-bursts,pa_auc_roc,continuous,1024,0,0.0254561938345432,ok
short-bursts,pa_auc_roc,continuous,1024,1,0.0239713350310921,ok
short-bursts,pa_auc_roc,continuous,1024,2,0.0238531939685344,ok
short-bursts,pa_auc_roc,continuous,1024,3,0.0237219147384166,ok
short-bursts,pa_auc_roc,continuous,1024,4,0.0236649261787533,ok
short-bursts,pa_auc_roc,continuous,2048,0,0.0468223979696631,ok
short-bursts,pa_auc_roc,continuous,2048,1,0.0466836215928196,ok
short-bursts,pa_auc_roc,continuous,2048,2,0.0464221565052866,ok
short-bursts,pa_auc_roc,continuous,2048,3,0.0468014031648635,ok
short-bursts,pa_auc_roc,continuous,2048,4,0.0468059964478015,ok
short-bursts,pa_auc_roc,continuous,4096,0,0.0940719358623027,ok
short-bursts,pa_auc_roc,continuous,4096,1,0.0937269944697618,ok
short-bursts,pa_auc_roc,continuous,4096,2,0.0937883369624614,ok
short-bursts,pa_auc_roc,continuous,4096,3,0.0938729532063007,ok
short-bursts,pa_auc_roc,continuous,4096,4,0.093716312199831,ok
short-bursts,pa_auc_roc,continuous,8192,0,0.1845905883237719,ok
short-bursts,pa_auc_roc,continuous,8192,1,0.184751795604825,ok
short-bursts,pa_auc_roc,continuous,8192,2,0.1850805692374706,ok
short-bursts,pa_auc_roc,continuous,8192,3,0.1852830005809664,ok
short-bursts,pa_auc_roc,continuous,8192,4,0.1867556693032384,ok
short-bursts,pa_auc_roc,continuous,16384,0,0.3693243702873587,ok
short-bursts,pa_auc_roc,continuous,16384,1,0.3698833379894495,ok
short-bursts,pa_auc_roc,continuous,16384,2,0.3719478715211153,ok
short-bursts,pa_auc_roc,continuous,16384,3,0.3720610067248344,ok
short-bursts,pa_auc_roc,continuous,16384,4,0.3729556873440742,ok
short-bursts,pa_auc_roc,continuous,32768,0,0.7437484720721841,ok
short-bursts,pa_auc_roc,continuous,32768,1,0.74238371104002,ok
short-bursts,pa_auc_roc,continuous,32768,2,0.7448690133169293,ok
short-bursts,pa_auc_roc,continuous,32768,3,0.7393006309866905,ok
short-bursts,pa_auc_roc,continuous,32768,4,0.7376013128086925,ok
short-bursts,pa_auc_roc,continuous,65536,0,1.4811685318127277,ok
short-bursts,pa_auc_roc,continuous,65536,1,1.4745784727856517,ok
short-bursts,pa_auc_roc,continuous,65536,2,1.4782210607081652,ok
short-bursts,pa_auc_roc,continuous,65536,3,1.4828057531267405,ok
short-bursts,pa_auc_roc,continuous,65536,4,1.487374596297741,ok
short-bursts,pa_auc_roc,continuous,131072,0,2.9685439644381404,ok
short-bursts,pa_auc_roc,continuous,131072,1,2.9528670320287347,ok
short-bursts,pa_auc_roc,continuous,131072,2,2.957278037443757,ok
short-bursts,pa_auc_roc,continuous,131072,3,2.96678448934108,ok
short-bursts,pa_auc_roc,continuous,131072,4,2.979013585485518,ok
short-bursts,pa_auc_roc,continuous,262144,0,5.924357388168573,ok
short-bursts,pa_auc_roc,continuous,262144,1,5.932704369537532,ok
short-bursts,pa_auc_roc,continuous,262144,2,5.916514874435961,ok
short-bursts,pa_auc_roc,continuous,262144,3,5.91828840970993,ok
short-bursts,pa_auc_roc,continuous,262144,4,5.918606709688902,ok
short-bursts,pa_auc_roc,continuous,524288,0,11.882129826582968,ok
short-bursts,pa_auc_roc,continuous,524288,1,11.960531278513372,ok
short-bursts,pa_auc_roc,continuous,524288,2,11.92725881189108,ok
short-bursts,pa_auc_roc,continuous,524288,3,11.917191931977868,ok
short-bursts,pa_auc_roc,continuous,524288,4,11.90715899784118,ok
short-bursts,pa_auc_roc,continuous,1048576,0,23.6526551367715,ok
short-bursts,pa_auc_roc,continuous,1048576,1,23.740792309865355,ok
short-bursts,pa_auc_roc,continuous,1048576,2,23.880243707448244,ok
short-bursts,pa_auc_roc,continuous,1048576,3,23.722454973496497,ok
short-bursts,pa_auc_roc,continuous,1048576,4,23.75311335362494,ok
short-bursts,paf,binary,256,0,0.0008114343509078,ok
short-bursts,paf,binary,256,1,0.0005124490708112,ok
short-bursts,paf,binary,256,2,0.0005029030144214,ok
short-bursts,paf,binary,256,3,0.0005043623968958,ok
short-bursts,paf,binary,256,4,0.0005060359835624,ok
short-bursts,paf,binary,512,0,0.0006902627646923,ok
short-bursts,paf,binary,512,1,0.0005796393379569,ok
short-bursts,paf,binary,512,2,0.0005804393440485,ok
short-bursts,paf,binary,512,3,0.0006272355094552,ok
short-bursts,paf,binary,512,4,0.0005893632769584,ok
short-bursts,paf,binary,1024,0,0.000747269950807,ok
short-bursts,paf,binary,1024,1,0.0007009571418166,ok
short-bursts,paf,binary,1024,2,0.0006940513849258,ok
short-bursts,paf,binary,1024,3,0.0006998488679528,ok
short-bursts,paf,binary,1024,4,0.000742333009839,ok
short-bursts,paf,binary,2048,0,0.000968424603343,ok
short-bursts,paf,binary,2048,1,0.0009146220982074,ok
short-bursts,paf,binary,2048,2,0.0009185438975691,ok
short-bursts,paf,binary,2048,3,0.0009741578251123,ok
short-bursts,paf,binary,2048,4,0.0009167967364192,ok
short-bursts,paf,binary,4096,0,0.0014723530039191,ok
short-bursts,paf,binary,4096,1,0.0013258308172225,ok
short-bursts,paf,binary,4096,2,0.0013299006968736,ok
short-bursts,paf,binary,4096,3,0.0013303728774189,ok
short-bursts,paf,binary,4096,4,0.0013224501162767,ok
short-bursts,paf,binary,8192,0,0.0022945431992411,ok
short-bursts,paf,binary,8192,1,0.0023060040548443,ok
short-bursts,paf,binary,8192,2,0.0022999942302703,ok
short-bursts,paf,binary,8192,3,0.002255979925394,ok
short-bursts,paf,binary,8192,4,0.0022098692134022,ok
short-bursts,paf,binary,16384,0,0.00410473998636,ok
short-bursts,paf,binary,16384,1,0.0040402049198746,ok
short-bursts,paf,binary,16384,2,0.0040301671251654,ok
short-bursts,paf,binary,16384,3,0.0040201600641012,ok
short-bursts,paf,binary,16384,4,0.0039934618398547,ok
short-bursts,paf,binary,32768,0,0.0078210206702351,ok
short-bursts,paf,binary,32768,1,0.0075372951105237,ok
short-bursts,paf,binary,32768,2,0.0076248571276664,ok
short-bursts,paf,binary,32768,3,0.0074979476630687,ok
short-bursts,paf,binary,32768,4,0.0076104206964373,ok
short-bursts,paf,binary,65536,0,0.0147829204797744,ok
short-bursts,paf,binary,65536,1,0.0145217273384332,ok
short-bursts,paf,binary,65536,2,0.0143730202689766,ok
short-bursts,paf,binary,65536,3,0.0144128613173961,ok
short-bursts,paf,binary,65536,4,0.0145703284069895,ok
short-bursts,paf,binary,131072,0,0.0295972991734743,ok
short-bursts,paf,binary,131072,1,0.0289529655128717,ok
short-bursts,paf,binary,131072,2,0.0288674356415867,ok
short-bursts,paf,binary,131072,3,0.0290668485686182,ok
short-bursts,paf,binary,131072,4,0.029063232243061,ok
short-bursts,paf,binary,262144,0,0.0587232541292905,ok
short-bursts,paf,binary,262144,1,0.0570172583684325,ok
short-bursts,paf,binary,262144,2,0.0569669399410486,ok
short-bursts,paf,binary,262144,3,0.0572349028661847,ok
short-bursts,paf,binary,262144,4,0.0576736722141504,ok
short-bursts,paf,binary,524288,0,0.1161366691812872,ok
short-bursts,paf,binary,524288,1,0.1159305516630411,ok
short-bursts,paf,binary,524288,2,0.1149709997698664,ok
short-bursts,paf,binary,524288,3,0.1158702466636896,ok
short-bursts,paf,binary,524288,4,0.1154830027371645,ok
short-bursts,paf,binary,1048576,0,0.2288173120468855,ok
short-bursts,paf,binary,1048576,1,0.2290930449962616,ok
short-bursts,paf,binary,1048576,2,0.2249589106068015,ok
short-bursts,paf,binary,1048576,3,0.2262244438752532,ok
short-bursts,paf,binary,1048576,4,0.2290830202400684,ok
short-bursts,pak,continuous,256,0,0.0003597075119614,ok
short-bursts,pak,continuous,256,1,0.0002304138615727,ok
short-bursts,pak,continuous,256,2,0.0002409787848591,ok
short-bursts,pak,continuous,256,3,0.0002245726063847,ok
short-bursts,pak,continuous,256,4,0.0002271672710776,ok
short-bursts,pak,continuous,512,0,0.0002655945718288,ok
short-bursts,pak,continuous,512,1,0.0002767760306596,ok
short-bursts,pak,continuous,512,2,0.0002377619966864,ok
short-bursts,pak,continuous,512,3,0.0002646585926413,ok
short-bursts,pak,continuous,512,4,0.000240022316575,ok
short-bursts,pak,continuous,1024,0,0.0002960059791803,ok
short-bursts,pak,continuous,1024,1,0.0002651587128639,ok
short-bursts,pak,continuous,1024,2,0.0002532294020056,ok
short-bursts,pak,continuous,1024,3,0.0002527860924601,ok
short-bursts,pak,continuous,1024,4,0.0002518398687243,ok
short-bursts,pak,continuous,2048,0,0.0003349222242832,ok
short-bursts,pak,continuous,2048,1,0.0002789655700325,ok
short-bursts,pak,continuous,2048,2,0.0002807220444083,ok
short-bursts,pak,continuous,2048,3,0.0002800002694129,ok
short-bursts,pak,continuous,2048,4,0.0002807211130857,ok
short-bursts,pak,continuous,4096,0,0.0004107728600502,ok
short-bursts,pak,continuous,4096,1,0.0003334274515509,ok
short-bursts,pak,continuous,4096,2,0.0003332998603582,ok
short-bursts,pak,continuous,4096,3,0.0003343094140291,ok
short-bursts,pak,continuous,4096,4,0.0003339797258377,ok
short-bursts,pak,continuous,8192,0,0.0005683070048689,ok
short-bursts,pak,continuous,8192,1,0.0004618568345904,ok
short-bursts,pak,continuous,8192,2,0.0007499791681766,ok
short-bursts,pak,continuous,8192,3,0.0006960388273,ok
short-bursts,pak,continuous,8192,4,0.0006967401131987,ok
short-bursts,pak,continuous,16384,0,0.0009310953319072,ok
short-bursts,pak,continuous,16384,1,0.0007646298035979,ok
short-bursts,pak,continuous,16384,2,0.0007871119305491,ok
short-bursts,pak,continuous,16384,3,0.0007627187296748,ok
short-bursts,pak,continuous,16384,4,0.0007631490007042,ok
short-bursts,pak,continuous,32768,0,0.001968934200704,ok
short-bursts,pak,continuous,32768,1,0.0016822069883346,ok
short-bursts,pak,continuous,32768,2,0.001688846386969,ok
short-bursts,pak,continuous,32768,3,0.0016881572082638,ok
short-bursts,pak,continuous,32768,4,0.001677744090557,ok
short-bursts,pak,continuous,65536,0,0.0027787154540419,ok
short-bursts,pak,continuous,65536,1,0.0022421637549996,ok
short-bursts,pak,continuous,65536,2,0.0022425642237067,ok
short-bursts,pak,continuous,65536,3,0.0022242534905672,ok
short-bursts,pak,continuous,65536,4,0.0022278577089309,ok
short-bursts,pak,continuous,131072,0,0.0061071161180734,ok
short-bursts,pak,continuous,131072,1,0.0051191598176956,ok
short-bursts,pak,continuous,131072,2,0.0050820922479033,ok
short-bursts,pak,continuous,131072,3,0.0050876485183835,ok
short-bursts,pak,continuous,131072,4,0.005070574581623,ok
short-bursts,pak,continuous,262144,0,0.0114281699061393,ok
short-bursts,pak,continuous,262144,1,0.008460983633995,ok
short-bursts,pak,continuous,262144,2,0.0084380805492401,ok
short-bursts,pak,continuous,262144,3,0.0085176900029182,ok
short-bursts,pak,continuous,262144,4,0.008104451932013,ok
short-bursts,pak,continuous,524288,0,0.0187612315639853,ok
short-bursts,pak,continuous,524288,1,0.0154947265982627,ok
short-bursts,pak,continuous,524288,2,0.0154917621985077,ok
short-bursts,pak,continuous,524288,3,0.0155995925888419,ok
short-bursts,pak,continuous,524288,4,0.0154027910903096,ok
short-bursts,pak,continuous,1048576,0,0.0322060668841004,ok
short-bursts,pak,continuous,1048576,1,0.0312055861577391,ok
short-bursts,pak,continuous,1048576,2,0.0313545577228069,ok
short-bursts,pak,continuous,1048576,3,0.0317160282284021,ok
short-bursts,pak,continuous,1048576,4,0.0314604314044117,ok
short-bursts,pakf,binary,256,0,0.0005575213581323,ok
short-bursts,pakf,binary,256,1,0.0004731081426143,ok
short-bursts,pakf,binary,256,2,0.0005065239965915,ok
short-bursts,pakf,binary,256,3,0.0004677809774875,ok
short-bursts,pakf,binary,256,4,0.0004862202331423,ok
short-bursts,pakf,binary,512,0,0.0005150521174073,ok
short-bursts,pakf,binary,512,1,0.0004935720935463,ok
short-bursts,pakf,binary,512,2,0.0005179867148399,ok
short-bursts,pakf,binary,512,3,0.0004943208768963,ok
short-bursts,pakf,binary,512,4,0.0005653649568557,ok
short-bursts,pakf,binary,1024,0,0.0005628932267427,ok
short-bursts,pakf,binary,1024,1,0.0005477806553244,ok
short-bursts,pakf,binary,1024,2,0.0005388809368014,ok
short-bursts,pakf,binary,1024,3,0.0006092060357332,ok
short-bursts,pakf,binary,1024,4,0.0005312105640769,ok
short-bursts,pakf,binary,2048,0,0.0006300006061792,ok
short-bursts,pakf,binary,2048,1,0.000603605993092,ok
short-bursts,pakf,binary,2048,2,0.0006804419681429,ok
short-bursts,pakf,binary,2048,3,0.0006075715646147,ok
short-bursts,pakf,binary,2048,4,0.000603531487286,ok
short-bursts,pakf,binary,4096,0,0.0007808245718479,ok
short-bursts,pakf,binary,4096,1,0.0007386337965726,ok
short-bursts,pakf,binary,4096,2,0.000738900154829,ok
short-bursts,pakf,binary,4096,3,0.0008167456835508,ok
short-bursts,pakf,binary,4096,4,0.000746083445847,ok
short-bursts,pakf,binary,8192,0,0.0010380931198596,ok
short-bursts,pakf,binary,8192,1,0.0010700142011046,ok
short-bursts,pakf,binary,8192,2,0.0009972853586077,ok
short-bursts,pakf,binary,8192,3,0.0009974241256713,ok
short-bursts,pakf,binary,8192,4,0.001063235104084,ok
short-bursts,pakf,binary,16384,0,0.0016660336405038,ok
short-bursts,pakf,binary,16384,1,0.0015416666865348,ok
short-bursts,pakf,binary,16384,2,0.0015115719288587,ok
short-bursts,pakf,binary,16384,3,0.0015094578266143,ok
short-bursts,pakf,binary,16384,4,0.0015737144276499,ok
short-bursts,pakf,binary,32768,0,0.0027920855209231,ok
short-bursts,pakf,binary,32768,1,0.0026389118283987,ok
short-bursts,pakf,binary,32768,2,0.002637374214828,ok
short-bursts,pakf,binary,32768,3,0.0026267673820257,ok
short-bursts,pakf,binary,32768,4,0.0026686294004321,ok
short-bursts,pakf,binary,65536,0,0.00482730101794,ok
short-bursts,pakf,binary,65536,1,0.0046132886782288,ok
short-bursts,pakf,binary,65536,2,0.0047103269025683,ok
short-bursts,pakf,binary,65536,3,0.0046484414488077,ok
short-bursts,pakf,binary,65536,4,0.0046406537294387,ok
short-bursts,pakf,binary,131072,0,0.0101150041446089,ok
short-bursts,pakf,binary,131072,1,0.0099209519103169,ok
short-bursts,pakf,binary,131072,2,0.0099519677460193,ok
short-bursts,pakf,binary,131072,3,0.0098653985187411,ok
short-bursts,pakf,binary,131072,4,0.0098477536812424,ok
short-bursts,pakf,binary,262144,0,0.0197343658655881,ok
short-bursts,pakf,binary,262144,1,0.019132412970066,ok
short-bursts,pakf,binary,262144,2,0.0192033927887678,ok
short-bursts,pakf,binary,262144,3,0.0191853055730462,ok
short-bursts,pakf,binary,262144,4,0.019242487847805,ok
short-bursts,pakf,binary,524288,0,0.0379142109304666,ok
short-bursts,pakf,binary,524288,1,0.0370530588552355,ok
short-bursts,pakf,binary,524288,2,0.0368079096078872,ok
short-bursts,pakf,binary,524288,3,0.0372705375775694,ok
short-bursts,pakf,binary,524288,4,0.0373703781515359,ok
short-bursts,pakf,binary,1048576,0,0.0875019943341612,ok
short-bursts,pakf,binary,1048576,1,0.0882562743499875,ok
short-bursts,pakf,binary,1048576,2,0.0879937633872032,ok
short-bursts,pakf,binary,1048576,3,0.0884098280221223,ok
short-bursts,pakf,binary,1048576,4,0.0884574577212333,ok
short-bursts,paklf,binary,256,0,0.0006671780720353,ok
short-bursts,paklf,binary,256,1,0.0006496096029877,ok
short-bursts,paklf,binary,256,2,0.0005689058452844,ok
short-bursts,paklf,binary,256,3,0.0005660029128193,ok
short-bursts,paklf,binary,256,4,0.0006487797945737,ok
short-bursts,paklf,binary,512,0,0.000668715685606,ok
short-bursts,paklf,binary,512,1,0.0006574671715497,ok
short-bursts,paklf,binary,512,2,0.000624818727374,ok
short-bursts,paklf,binary,512,3,0.0006272094324231,ok
short-bursts,paklf,binary,512,4,0.0006239330396056,ok
short-bursts,paklf,binary,1024,0,0.0010039461776614,ok
short-bursts,paklf,binary,1024,1,0.0010145511478185,ok
short-bursts,paklf,binary,1024,2,0.0009745256975293,ok
short-bursts,paklf,binary,1024,3,0.0009631998836994,ok
short-bursts,paklf,binary,1024,4,0.000966920517385,ok
short-bursts,paklf,binary,2048,0,0.0013663163408637,ok
short-bursts,paklf,binary,2048,1,0.0013209609314799,ok
short-bursts,paklf,binary,2048,2,0.0013451036065816,ok
short-bursts,paklf,binary,2048,3,0.0013684527948498,ok
short-bursts,paklf,binary,2048,4,0.0013163611292839,ok
short-bursts,paklf,binary,4096,0,0.0024080937728285,ok
short-bursts,paklf,binary,4096,1,0.0023962575942277,ok
short-bursts,paklf,binary,4096,2,0.0024052457883954,ok
short-bursts,paklf,binary,4096,3,0.0023301597684621,ok
short-bursts,paklf,binary,4096,4,0.0024010315537452,ok
short-bursts,paklf,binary,8192,0,0.0038142502307891,ok
short-bursts,paklf,binary,8192,1,0.0037045432254672,ok
short-bursts,paklf,binary,8192,2,0.0037642074748873,ok
short-bursts,paklf,binary,8192,3,0.0037535037845373,ok
short-bursts,paklf,binary,8192,4,0.0037282360717654,ok
short-bursts,paklf,binary,16384,0,0.0067084562033414,ok
short-bursts,paklf,binary,16384,1,0.006682438775897,ok
short-bursts,paklf,binary,16384,2,0.0066570537164807,ok
short-bursts,paklf,binary,16384,3,0.0066821100190281,ok
short-bursts,paklf,binary,16384,4,0.0066744377836585,ok
short-bursts,paklf,binary,32768,0,0.0147853819653391,ok
short-bursts,paklf,binary,32768,1,0.0147427059710025,ok
short-bursts,paklf,binary,32768,2,0.0146441040560603,ok
short-bursts,paklf,binary,32768,3,0.0146891148760914,ok
short-bursts,paklf,binary,32768,4,0.0146399876102805,ok
short-bursts,paklf,binary,65536,0,0.0281108357012271,ok
short-bursts,paklf,binary,65536,1,0.0280049871653318,ok
short-bursts,paklf,binary,65536,2,0.0278780357912182,ok
short-bursts,paklf,binary,65536,3,0.027988851070404,ok
short-bursts,paklf,binary,65536,4,0.028084653429687,ok
short-bursts,paklf,binary,131072,0,0.0561922080814838,ok
short-bursts,paklf,binary,131072,1,0.0560670169070363,ok
short-bursts,paklf,binary,131072,2,0.0561657156795263,ok
short-bursts,paklf,binary,131072,3,0.0559990294277668,ok
short-bursts,paklf,binary,131072,4,0.0560165969654917,ok
short-bursts,paklf,binary,262144,0,0.1111515536904335,ok
short-bursts,paklf,binary,262144,1,0.1103499317541718,ok
short-bursts,paklf,binary,262144,2,0.1105728549882769,ok
short-bursts,paklf,binary,262144,3,0.1115241106599569,ok
short-bursts,paklf,binary,262144,4,0.1108078621327877,ok
short-bursts,paklf,binary,524288,0,0.2213601544499397,ok
short-bursts,paklf,binary,524288,1,0.2201247792690992,ok
short-bursts,paklf,binary,524288,2,0.2201331984251737,ok
short-bursts,paklf,binary,524288,3,0.2256144685670733,ok
short-bursts,paklf,binary,524288,4,0.2217449219897389,ok
short-bursts,paklf,binary,1048576,0,0.4583224495872855,ok
short-bursts,paklf,binary,1048576,1,0.4559549167752266,ok
short-bursts,paklf,binary,1048576,2,0.4586045043542981,ok
short-bursts,paklf,binary,1048576,3,0.4572840621694922,ok
short-bursts,paklf,binary,1048576,4,0.4568008193746209,ok
short-bursts,pate,continuous,256,0,0.4145654486492276,ok
short-bursts,pate,continuous,256,1,0.4096817830577492,ok
short-bursts,pate,continuous,256,2,0.4102873085066676,ok
short-bursts,pate,continuous,256,3,0.4094429146498441,ok
short-bursts,pate,continuous,256,4,0.4113474916666746,ok
short-bursts,pate,continuous,512,0,0.9234020300209522,ok
short-bursts,pate,continuous,512,1,0.9221669863909484,ok
short-bursts,pate,continuous,512,2,0.922011417336762,ok
short-bursts,pate,continuous,512,3,0.9217007141560316,ok
short-bursts,pate,continuous,512,4,0.92120919842273,ok
short-bursts,pate,continuous,1024,0,3.2592959562316537,ok
short-bursts,pate,continuous,1024,1,3.2620072355493903,ok
short-bursts,pate,continuous,1024,2,3.266349472105503,ok
short-bursts,pate,continuous,1024,3,3.263083984144032,ok
short-bursts,pate,continuous,1024,4,3.266425705514848,ok
short-bursts,pate,continuous,2048,0,11.361324136145411,ok
short-bursts,pate,continuous,2048,1,11.348703145049512,ok
short-bursts,pate,continuous,2048,2,11.34522890020162,ok
short-bursts,pate,continuous,2048,3,11.352433294989169,ok
short-bursts,pate,continuous,2048,4,11.374276013113558,ok
short-bursts,pate,continuous,4096,0,44.10275356564671,ok
short-bursts,pate,continuous,4096,1,44.068409078754485,ok
short-bursts,pate,continuous,4096,2,44.17372682504356,ok
short-bursts,pate,continuous,4096,3,44.20146782882512,ok
short-bursts,pate,continuous,4096,4,44.049978527240455,ok
short-bursts,pate,continuous,8192,0,170.4929886572063,ok
short-bursts,pate,continuous,8192,1,170.3162049073726,ok
short-bursts,pate,continuous,8192,2,170.44480238854885,ok
short-bursts,pate,continuous,8192,3,170.42206489201635,ok
short-bursts,pate,continuous,8192,4,170.4862056467682,ok
short-bursts,pate,continuous,16384,0,696.8249841611832,ok
short-bursts,pate,continuous,16384,1,697.8039699364454,ok
short-bursts,pate,continuous,16384,2,696.7447878941894,ok
short-bursts,pate,continuous,16384,3,697.7796226544306,ok
short-bursts,pate,continuous,16384,4,697.7958347303793,ok
short-bursts,pate,continuous,32768,0,2765.2781585520133,ok
short-bursts,pate,continuous,32768,1,2765.6505783610046,ok
short-bursts,pate,continuous,32768,2,2765.4270282713696,ok
short-bursts,pate,continuous,32768,3,2764.2757135834545,ok
short-bursts,pate,continuous,32768,4,2765.4493279578164,ok
short-bursts,pate,continuous,65536,0,11274.554578457028,ok
short-bursts,pate,continuous,65536,1,11323.204028313048,ok
short-bursts,pate,continuous,65536,2,11281.895160905086,ok
short-bursts,pate,continuous,65536,3,11359.679097829388,ok
short-bursts,pate,continuous,65536,4,11323.044889042154,ok
short-bursts,pate,continuous,131072,0,46603.062679842114,ok
short-bursts,pate,continuous,131072,1,86400.0,timeout
short-bursts,pate,continuous,131072,2,86400.0,timeout
short-bursts,pate,continuous,131072,3,86400.0,timeout
short-bursts,pate,continuous,131072,4,86400.0,timeout
short-bursts,pate,continuous,262144,0,86400.0,timeout
short-bursts,pate,continuous,262144,1,86400.0,timeout
short-bursts,pate,continuous,262144,2,86400.0,timeout
short-bursts,pate,continuous,262144,3,86400.0,timeout
short-bursts,pate,continuous,262144,4,86400.0,timeout
short-bursts,pate,continuous,524288,0,86400.0,timeout
short-bursts,pate,continuous,524288,1,86400.0,timeout
short-bursts,pate,continuous,524288,2,86400.0,timeout
short-bursts,pate,continuous,524288,3,86400.0,timeout
short-bursts,pate,continuous,524288,4,86400.0,timeout
short-bursts,pate,continuous,1048576,0,86400.0,timeout
short-bursts,pate,continuous,1048576,1,86400.0,timeout
short-bursts,pate,continuous,1048576,2,86400.0,timeout
short-bursts,pate,continuous,1048576,3,86400.0,timeout
short-bursts,pate,continuous,1048576,4,86400.0,timeout
short-bursts,pate_f1,binary,256,0,0.0023897346109151,ok
short-bursts,pate_f1,binary,256,1,0.0016295239329338,ok
short-bursts,pate_f1,binary,256,2,0.001606180332601,ok
short-bursts,pate_f1,binary,256,3,0.0016279499977827,ok
short-bursts,pate_f1,binary,256,4,0.0015952512621879,ok
short-bursts,pate_f1,binary,512,0,0.0036521144211292,ok
short-bursts,pate_f1,binary,512,1,0.0035372786223888,ok
short-bursts,pate_f1,binary,512,2,0.0035350415855646,ok
short-bursts,pate_f1,binary,512,3,0.0035322261974215,ok
short-bursts,pate_f1,binary,512,4,0.0035128537565469,ok
short-bursts,pate_f1,binary,1024,0,0.008730499073863,ok
short-bursts,pate_f1,binary,1024,1,0.0088575398549437,ok
short-bursts,pate_f1,binary,1024,2,0.0087532987818121,ok
short-bursts,pate_f1,binary,1024,3,0.0086967647075653,ok
short-bursts,pate_f1,binary,1024,4,0.0087565910071134,ok
short-bursts,pate_f1,binary,2048,0,0.025052648037672,ok
short-bursts,pate_f1,binary,2048,1,0.0248522022739052,ok
short-bursts,pate_f1,binary,2048,2,0.0251329345628619,ok
short-bursts,pate_f1,binary,2048,3,0.025015702471137,ok
short-bursts,pate_f1,binary,2048,4,0.024888009764254,ok
short-bursts,pate_f1,binary,4096,0,0.095805169083178,ok
short-bursts,pate_f1,binary,4096,1,0.0956477029249072,ok
short-bursts,pate_f1,binary,4096,2,0.0983020793646574,ok
short-bursts,pate_f1,binary,4096,3,0.0958879338577389,ok
short-bursts,pate_f1,binary,4096,4,0.095836155116558,ok
short-bursts,pate_f1,binary,8192,0,0.3773291632533073,ok
short-bursts,pate_f1,binary,8192,1,0.3757887119427323,ok
short-bursts,pate_f1,binary,8192,2,0.3768255244940519,ok
short-bursts,pate_f1,binary,8192,3,0.3753763223066926,ok
short-bursts,pate_f1,binary,8192,4,0.3758194260299206,ok
short-bursts,pate_f1,binary,16384,0,1.5575517797842622,ok
short-bursts,pate_f1,binary,16384,1,1.5562257124111056,ok
short-bursts,pate_f1,binary,16384,2,1.557707916945219,ok
short-bursts,pate_f1,binary,16384,3,1.5533338887616992,ok
short-bursts,pate_f1,binary,16384,4,1.5520847961306572,ok
short-bursts,pate_f1,binary,32768,0,6.995704832486808,ok
short-bursts,pate_f1,binary,32768,1,6.997721058316529,ok
short-bursts,pate_f1,binary,32768,2,6.990095092914999,ok
short-bursts,pate_f1,binary,32768,3,7.0001719025895,ok
short-bursts,pate_f1,binary,32768,4,7.020192983560264,ok
short-bursts,pate_f1,binary,65536,0,27.263543563894928,ok
short-bursts,pate_f1,binary,65536,1,27.33408860117197,ok
short-bursts,pate_f1,binary,65536,2,27.26511937379837,ok
short-bursts,pate_f1,binary,65536,3,27.236233267001808,ok
short-bursts,pate_f1,binary,65536,4,27.277180976234376,ok
short-bursts,pate_f1,binary,131072,0,107.84304426889868,ok
short-bursts,pate_f1,binary,131072,1,107.45847970992328,ok
short-bursts,pate_f1,binary,131072,2,107.68747236486524,ok
short-bursts,pate_f1,binary,131072,3,107.46802787669004,ok
short-bursts,pate_f1,binary,131072,4,107.8546288702637,ok
short-bursts,pate_f1,binary,262144,0,429.3960855882615,ok
short-bursts,pate_f1,binary,262144,1,430.72848053090274,ok
short-bursts,pate_f1,binary,262144,2,430.0841517802328,ok
short-bursts,pate_f1,binary,262144,3,430.2285763928666,ok
short-bursts,pate_f1,binary,262144,4,429.61828330904245,ok
short-bursts,pate_f1,binary,524288,0,1757.7005632789806,ok
short-bursts,pate_f1,binary,524288,1,1755.5612173201516,ok
short-bursts,pate_f1,binary,524288,2,1754.2051846040413,ok
short-bursts,pate_f1,binary,524288,3,1758.0035891672596,ok
short-bursts,pate_f1,binary,524288,4,1759.37075366918,ok
short-bursts,pate_f1,binary,1048576,0,7278.313929960132,ok
short-bursts,pate_f1,binary,1048576,1,7260.001284883358,ok
short-bursts,pate_f1,binary,1048576,2,7290.449340310879,ok
short-bursts,pate_f1,binary,1048576,3,7250.958936057053,ok
short-bursts,pate_f1,binary,1048576,4,7273.041681896895,ok
short-bursts,pw_auc_pr,continuous,256,0,0.000574491918087,ok
short-bursts,pw_auc_pr,continuous,256,1,0.0004095882177352,ok
short-bursts,pw_auc_pr,continuous,256,2,0.0003972863778471,ok
short-bursts,pw_auc_pr,continuous,256,3,0.0003935154527425,ok
short-bursts,pw_auc_pr,continuous,256,4,0.0003973944112658,ok
short-bursts,pw_auc_pr,continuous,512,0,0.0005202163010835,ok
short-bursts,pw_auc_pr,continuous,512,1,0.0004611993208527,ok
short-bursts,pw_auc_pr,continuous,512,2,0.0006026485934853,ok
short-bursts,pw_auc_pr,continuous,512,3,0.0006181709468364,ok
short-bursts,pw_auc_pr,continuous,512,4,0.0006193071603775,ok
short-bursts,pw_auc_pr,continuous,1024,0,0.0006640432402491,ok
short-bursts,pw_auc_pr,continuous,1024,1,0.000720964744687,ok
short-bursts,pw_auc_pr,continuous,1024,2,0.0007214089855551,ok
short-bursts,pw_auc_pr,continuous,1024,3,0.000731024891138,ok
short-bursts,pw_auc_pr,continuous,1024,4,0.0007075164467096,ok
short-bursts,pw_auc_pr,continuous,2048,0,0.0008810218423604,ok
short-bursts,pw_auc_pr,continuous,2048,1,0.000907608307898,ok
short-bursts,pw_auc_pr,continuous,2048,2,0.0008802637457847,ok
short-bursts,pw_auc_pr,continuous,2048,3,0.0008873706683516,ok
short-bursts,pw_auc_pr,continuous,2048,4,0.0009928792715072,ok
short-bursts,pw_auc_pr,continuous,4096,0,0.001499930396676,ok
short-bursts,pw_auc_pr,continuous,4096,1,0.0013772072270512,ok
short-bursts,pw_auc_pr,continuous,4096,2,0.0013939132913947,ok
short-bursts,pw_auc_pr,continuous,4096,3,0.001405669376254,ok
short-bursts,pw_auc_pr,continuous,4096,4,0.0014292653650045,ok
short-bursts,pw_auc_pr,continuous,8192,0,0.0023127272725105,ok
short-bursts,pw_auc_pr,continuous,8192,1,0.0022131884470582,ok
short-bursts,pw_auc_pr,continuous,8192,2,0.0022205589339137,ok
short-bursts,pw_auc_pr,continuous,8192,3,0.0022409511730074,ok
short-bursts,pw_auc_pr,continuous,8192,4,0.002238935790956,ok
short-bursts,pw_auc_pr,continuous,16384,0,0.0042294114828109,ok
short-bursts,pw_auc_pr,continuous,16384,1,0.0030314680188894,ok
short-bursts,pw_auc_pr,continuous,16384,2,0.0030156644061207,ok
short-bursts,pw_auc_pr,continuous,16384,3,0.0030256668105721,ok
short-bursts,pw_auc_pr,continuous,16384,4,0.0030148429796099,ok
short-bursts,pw_auc_pr,continuous,32768,0,0.0060769198462367,ok
short-bursts,pw_auc_pr,continuous,32768,1,0.0058707864955067,ok
short-bursts,pw_auc_pr,continuous,32768,2,0.0058233961462974,ok
short-bursts,pw_auc_pr,continuous,32768,3,0.0058191446587443,ok
short-bursts,pw_auc_pr,continuous,32768,4,0.0058378977701067,ok
short-bursts,pw_auc_pr,continuous,65536,0,0.0121536748483777,ok
short-bursts,pw_auc_pr,continuous,65536,1,0.0116620296612381,ok
short-bursts,pw_auc_pr,continuous,65536,2,0.0116906017065048,ok
short-bursts,pw_auc_pr,continuous,65536,3,0.0116377100348472,ok
short-bursts,pw_auc_pr,continuous,65536,4,0.0116678215563297,ok
short-bursts,pw_auc_pr,continuous,131072,0,0.0226250737905502,ok
short-bursts,pw_auc_pr,continuous,131072,1,0.0212335353717207,ok
short-bursts,pw_auc_pr,continuous,131072,2,0.0212598629295825,ok
short-bursts,pw_auc_pr,continuous,131072,3,0.021260192617774,ok
short-bursts,pw_auc_pr,continuous,131072,4,0.0213113818317651,ok
short-bursts,pw_auc_pr,continuous,262144,0,0.0472868913784623,ok
short-bursts,pw_auc_pr,continuous,262144,1,0.0458578951656818,ok
short-bursts,pw_auc_pr,continuous,262144,2,0.0459286626428365,ok
short-bursts,pw_auc_pr,continuous,262144,3,0.0458829160779714,ok
short-bursts,pw_auc_pr,continuous,262144,4,0.047589149326086,ok
short-bursts,pw_auc_pr,continuous,524288,0,0.1003923341631889,ok
short-bursts,pw_auc_pr,continuous,524288,1,0.1015637908130884,ok
short-bursts,pw_auc_pr,continuous,524288,2,0.101729636080563,ok
short-bursts,pw_auc_pr,continuous,524288,3,0.1016196468845009,ok
short-bursts,pw_auc_pr,continuous,524288,4,0.1016496494412422,ok
short-bursts,pw_auc_pr,continuous,1048576,0,0.2096163304522633,ok
short-bursts,pw_auc_pr,continuous,1048576,1,0.2098438395187258,ok
short-bursts,pw_auc_pr,continuous,1048576,2,0.2119223671033978,ok
short-bursts,pw_auc_pr,continuous,1048576,3,0.2118143886327743,ok
short-bursts,pw_auc_pr,continuous,1048576,4,0.2098330426961183,ok
short-bursts,pw_auc_roc,continuous,256,0,0.0008954172953963,ok
short-bursts,pw_auc_roc,continuous,256,1,0.0006493162363767,ok
short-bursts,pw_auc_roc,continuous,256,2,0.0006375517696142,ok
short-bursts,pw_auc_roc,continuous,256,3,0.0006360346451401,ok
short-bursts,pw_auc_roc,continuous,256,4,0.00064427126199,ok
short-bursts,pw_auc_roc,continuous,512,0,0.000647198408842,ok
short-bursts,pw_auc_roc,continuous,512,1,0.0006702858954668,ok
short-bursts,pw_auc_roc,continuous,512,2,0.0006685983389616,ok
short-bursts,pw_auc_roc,continuous,512,3,0.0006663808599114,ok
short-bursts,pw_auc_roc,continuous,512,4,0.0006678281351923,ok
short-bursts,pw_auc_roc,continuous,1024,0,0.0007340274751186,ok
short-bursts,pw_auc_roc,continuous,1024,1,0.0007556127384305,ok
short-bursts,pw_auc_roc,continuous,1024,2,0.0007365234196186,ok
short-bursts,pw_auc_roc,continuous,1024,3,0.0007658982649445,ok
short-bursts,pw_auc_roc,continuous,1024,4,0.0007394719868898,ok
short-bursts,pw_auc_roc,continuous,2048,0,0.000867610797286,ok
short-bursts,pw_auc_roc,continuous,2048,1,0.0008804127573966,ok
short-bursts,pw_auc_roc,continuous,2048,2,0.0008798390626907,ok
short-bursts,pw_auc_roc,continuous,2048,3,0.000877970829606,ok
short-bursts,pw_auc_roc,continuous,2048,4,0.0008813953027129,ok
short-bursts,pw_auc_roc,continuous,4096,0,0.0011445032432675,ok
short-bursts,pw_auc_roc,continuous,4096,1,0.0015244837850332,ok
short-bursts,pw_auc_roc,continuous,4096,2,0.0014211321249604,ok
short-bursts,pw_auc_roc,continuous,4096,3,0.0014267722144722,ok
short-bursts,pw_auc_roc,continuous,4096,4,0.0014240033924579,ok
short-bursts,pw_auc_roc,continuous,8192,0,0.0021589454263448,ok
short-bursts,pw_auc_roc,continuous,8192,1,0.002240989357233,ok
short-bursts,pw_auc_roc,continuous,8192,2,0.0021897368133068,ok
short-bursts,pw_auc_roc,continuous,8192,3,0.0021719364449381,ok
short-bursts,pw_auc_roc,continuous,8192,4,0.0021670311689376,ok
short-bursts,pw_auc_roc,continuous,16384,0,0.0037574293091893,ok
short-bursts,pw_auc_roc,continuous,16384,1,0.0037261955440044,ok
short-bursts,pw_auc_roc,continuous,16384,2,0.0037556216120719,ok
short-bursts,pw_auc_roc,continuous,16384,3,0.0037110587581992,ok
short-bursts,pw_auc_roc,continuous,16384,4,0.0037389732897281,ok
short-bursts,pw_auc_roc,continuous,32768,0,0.0070054018869996,ok
short-bursts,pw_auc_roc,continuous,32768,1,0.007017333060503,ok
short-bursts,pw_auc_roc,continuous,32768,2,0.0070290742442011,ok
short-bursts,pw_auc_roc,continuous,32768,3,0.0066131986677646,ok
short-bursts,pw_auc_roc,continuous,32768,4,0.0066318735480308,ok
short-bursts,pw_auc_roc,continuous,65536,0,0.0132654225453734,ok
short-bursts,pw_auc_roc,continuous,65536,1,0.0119050741195678,ok
short-bursts,pw_auc_roc,continuous,65536,2,0.0119167333468794,ok
short-bursts,pw_auc_roc,continuous,65536,3,0.011334010399878,ok
short-bursts,pw_auc_roc,continuous,65536,4,0.0112882098183035,ok
short-bursts,pw_auc_roc,continuous,131072,0,0.0237205168232321,ok
short-bursts,pw_auc_roc,continuous,131072,1,0.0236604204401373,ok
short-bursts,pw_auc_roc,continuous,131072,2,0.0236187567934393,ok
short-bursts,pw_auc_roc,continuous,131072,3,0.0236316984519362,ok
short-bursts,pw_auc_roc,continuous,131072,4,0.0236152168363332,ok
short-bursts,pw_auc_roc,continuous,262144,0,0.0501263933256268,ok
short-bursts,pw_auc_roc,continuous,262144,1,0.0499997092410922,ok
short-bursts,pw_auc_roc,continuous,262144,2,0.0499781174585223,ok
short-bursts,pw_auc_roc,continuous,262144,3,0.0499461721628904,ok
short-bursts,pw_auc_roc,continuous,262144,4,0.0540696661919355,ok
short-bursts,pw_auc_roc,continuous,524288,0,0.1127918129786849,ok
short-bursts,pw_auc_roc,continuous,524288,1,0.1030629044398665,ok
short-bursts,pw_auc_roc,continuous,524288,2,0.1030414421111345,ok
short-bursts,pw_auc_roc,continuous,524288,3,0.1030219988897442,ok
short-bursts,pw_auc_roc,continuous,524288,4,0.09444788005203,ok
short-bursts,pw_auc_roc,continuous,1048576,0,0.1941877510398626,ok
short-bursts,pw_auc_roc,continuous,1048576,1,0.1946599567309022,ok
short-bursts,pw_auc_roc,continuous,1048576,2,0.1946265371516347,ok
short-bursts,pw_auc_roc,continuous,1048576,3,0.1948903603479266,ok
short-bursts,pw_auc_roc,continuous,1048576,4,0.1948886094614863,ok
short-bursts,pwf,binary,256,0,0.0007131155580282,ok
short-bursts,pwf,binary,256,1,0.0003352276980876,ok
short-bursts,pwf,binary,256,2,0.0003464389592409,ok
short-bursts,pwf,binary,256,3,0.0003119613975286,ok
short-bursts,pwf,binary,256,4,0.0003156345337629,ok
short-bursts,pwf,binary,512,0,0.0003690021112561,ok
short-bursts,pwf,binary,512,1,0.0003323461860418,ok
short-bursts,pwf,binary,512,2,0.0003284830600023,ok
short-bursts,pwf,binary,512,3,0.0003287838771939,ok
short-bursts,pwf,binary,512,4,0.0003356765955686,ok
short-bursts,pwf,binary,1024,0,0.0004034172743558,ok
short-bursts,pwf,binary,1024,1,0.0003450494259595,ok
short-bursts,pwf,binary,1024,2,0.0003489693626761,ok
short-bursts,pwf,binary,1024,3,0.0003557978197932,ok
short-bursts,pwf,binary,1024,4,0.0003419639542698,ok
short-bursts,pwf,binary,2048,0,0.0004105176776647,ok
short-bursts,pwf,binary,2048,1,0.0003658048808574,ok
short-bursts,pwf,binary,2048,2,0.0003642030060291,ok
short-bursts,pwf,binary,2048,3,0.0003645662218332,ok
short-bursts,pwf,binary,2048,4,0.0003664875403046,ok
short-bursts,pwf,binary,4096,0,0.0005039367824792,ok
short-bursts,pwf,binary,4096,1,0.0004247557371854,ok
short-bursts,pwf,binary,4096,2,0.0004081549122929,ok
short-bursts,pwf,binary,4096,3,0.0004066377878189,ok
short-bursts,pwf,binary,4096,4,0.0004074042662978,ok
short-bursts,pwf,binary,8192,0,0.0005953880026936,ok
short-bursts,pwf,binary,8192,1,0.0004916135221719,ok
short-bursts,pwf,binary,8192,2,0.0004903962835669,ok
short-bursts,pwf,binary,8192,3,0.0005735214799642,ok
short-bursts,pwf,binary,8192,4,0.0004883557558059,ok
short-bursts,pwf,binary,16384,0,0.0008039511740207,ok
short-bursts,pwf,binary,16384,1,0.0006573600694537,ok
short-bursts,pwf,binary,16384,2,0.0006581060588359,ok
short-bursts,pwf,binary,16384,3,0.0006553223356604,ok
short-bursts,pwf,binary,16384,4,0.0006564855575561,ok
short-bursts,pwf,binary,32768,0,0.0012844735756516,ok
short-bursts,pwf,binary,32768,1,0.000986092723906,ok
short-bursts,pwf,binary,32768,2,0.000988395884633,ok
short-bursts,pwf,binary,32768,3,0.0009890105575323,ok
short-bursts,pwf,binary,32768,4,0.0009867213666439,ok
short-bursts,pwf,binary,65536,0,0.0020705480128526,ok
short-bursts,pwf,binary,65536,1,0.0015742415562272,ok
short-bursts,pwf,binary,65536,2,0.0016444372013211,ok
short-bursts,pwf,binary,65536,3,0.0015865257009863,ok
short-bursts,pwf,binary,65536,4,0.0015724338591098,ok
short-bursts,pwf,binary,131072,0,0.0039071999490261,ok
short-bursts,pwf,binary,131072,1,0.0031862733885645,ok
short-bursts,pwf,binary,131072,2,0.0031033521518111,ok
short-bursts,pwf,binary,131072,3,0.0031976643949747,ok
short-bursts,pwf,binary,131072,4,0.0031549297273159,ok
short-bursts,pwf,binary,262144,0,0.0061772568151354,ok
short-bursts,pwf,binary,262144,1,0.0059827398508787,ok
short-bursts,pwf,binary,262144,2,0.00590496417135,ok
short-bursts,pwf,binary,262144,3,0.0058518117293715,ok
short-bursts,pwf,binary,262144,4,0.005928885191679,ok
short-bursts,pwf,binary,524288,0,0.0120077868923544,ok
short-bursts,pwf,binary,524288,1,0.011811657808721,ok
short-bursts,pwf,binary,524288,2,0.0118307545781135,ok
short-bursts,pwf,binary,524288,3,0.0118105569854378,ok
short-bursts,pwf,binary,524288,4,0.011831454001367,ok
short-bursts,pwf,binary,1048576,0,0.0255853105336427,ok
short-bursts,pwf,binary,1048576,1,0.0255136368796229,ok
short-bursts,pwf,binary,1048576,2,0.0317522520199418,ok
short-bursts,pwf,binary,1048576,3,0.0259533012285828,ok
short-bursts,pwf,binary,1048576,4,0.0253989603370428,ok
short-bursts,rbf,binary,256,0,0.0009437929838895,ok
short-bursts,rbf,binary,256,1,0.0007375171408057,ok
short-bursts,rbf,binary,256,2,0.0007342556491494,ok
short-bursts,rbf,binary,256,3,0.0007677031680941,ok
short-bursts,rbf,binary,256,4,0.0007235389202833,ok
short-bursts,rbf,binary,512,0,0.0010595889762043,ok
short-bursts,rbf,binary,512,1,0.0009998325258493,ok
short-bursts,rbf,binary,512,2,0.001073126681149,ok
short-bursts,rbf,binary,512,3,0.0009905621409416,ok
short-bursts,rbf,binary,512,4,0.0010073641315102,ok
short-bursts,rbf,binary,1024,0,0.0018927343189716,ok
short-bursts,rbf,binary,1024,1,0.0018177879974246,ok
short-bursts,rbf,binary,1024,2,0.0018075499683618,ok
short-bursts,rbf,binary,1024,3,0.0017678681761026,ok
short-bursts,rbf,binary,1024,4,0.0018442068248987,ok
short-bursts,rbf,binary,2048,0,0.0049701826646924,ok
short-bursts,rbf,binary,2048,1,0.0049220649525523,ok
short-bursts,rbf,binary,2048,2,0.0048944605514407,ok
short-bursts,rbf,binary,2048,3,0.0049212742596864,ok
short-bursts,rbf,binary,2048,4,0.0049489503726363,ok
short-bursts,rbf,binary,4096,0,0.0170422485098242,ok
short-bursts,rbf,binary,4096,1,0.0169546985998749,ok
short-bursts,rbf,binary,4096,2,0.0169964907690882,ok
short-bursts,rbf,binary,4096,3,0.0168630927801132,ok
short-bursts,rbf,binary,4096,4,0.0169071881100535,ok
short-bursts,rbf,binary,8192,0,0.065122758038342,ok
short-bursts,rbf,binary,8192,1,0.0654373792931437,ok
short-bursts,rbf,binary,8192,2,0.0649169627577066,ok
short-bursts,rbf,binary,8192,3,0.0650459546595811,ok
short-bursts,rbf,binary,8192,4,0.0649291677400469,ok
short-bursts,rbf,binary,16384,0,0.2543370686471462,ok
short-bursts,rbf,binary,16384,1,0.2550614457577467,ok
short-bursts,rbf,binary,16384,2,0.2542267674580216,ok
short-bursts,rbf,binary,16384,3,0.2536790780723095,ok
short-bursts,rbf,binary,16384,4,0.2541442215442657,ok
short-bursts,rbf,binary,32768,0,1.1257762806490064,ok
short-bursts,rbf,binary,32768,1,1.124313032254577,ok
short-bursts,rbf,binary,32768,2,1.1298777665942907,ok
short-bursts,rbf,binary,32768,3,1.1285038432106376,ok
short-bursts,rbf,binary,32768,4,1.1300050988793373,ok
short-bursts,rbf,binary,65536,0,4.339306784793735,ok
short-bursts,rbf,binary,65536,1,4.323333993554115,ok
short-bursts,rbf,binary,65536,2,4.315153048373759,ok
short-bursts,rbf,binary,65536,3,4.311792474240065,ok
short-bursts,rbf,binary,65536,4,4.333679080940783,ok
short-bursts,rbf,binary,131072,0,17.056795896962285,ok
short-bursts,rbf,binary,131072,1,16.997376158833504,ok
short-bursts,rbf,binary,131072,2,17.010883360169828,ok
short-bursts,rbf,binary,131072,3,17.033187391236424,ok
short-bursts,rbf,binary,131072,4,16.994248988106847,ok
short-bursts,rbf,binary,262144,0,67.4208218138665,ok
short-bursts,rbf,binary,262144,1,67.38955840468407,ok
short-bursts,rbf,binary,262144,2,67.24117267038673,ok
short-bursts,rbf,binary,262144,3,67.11835528165102,ok
short-bursts,rbf,binary,262144,4,67.396355654113,ok
short-bursts,rbf,binary,524288,0,269.67284504696727,ok
short-bursts,rbf,binary,524288,1,270.6128168478608,ok
short-bursts,rbf,binary,524288,2,270.574162742123,ok
short-bursts,rbf,binary,524288,3,271.3652392439544,ok
short-bursts,rbf,binary,524288,4,271.592594997026,ok
short-bursts,rbf,binary,1048576,0,1090.3817984033376,ok
short-bursts,rbf,binary,1048576,1,1087.7975097065791,ok
short-bursts,rbf,binary,1048576,2,1086.8807507818565,ok
short-bursts,rbf,binary,1048576,3,1089.1511587630955,ok
short-bursts,rbf,binary,1048576,4,1086.9116035997868,ok
short-bursts,swf,binary,256,0,0.0006837183609604,ok
short-bursts,swf,binary,256,1,0.0004960326477885,ok
short-bursts,swf,binary,256,2,0.0005664220079779,ok
short-bursts,swf,binary,256,3,0.0004915334284305,ok
short-bursts,swf,binary,256,4,0.0005469247698783,ok
short-bursts,swf,binary,512,0,0.0005775587633252,ok
short-bursts,swf,binary,512,1,0.0005287313833832,ok
short-bursts,swf,binary,512,2,0.0005260184407234,ok
short-bursts,swf,binary,512,3,0.0005248878151178,ok
short-bursts,swf,binary,512,4,0.0007219957187771,ok
short-bursts,swf,binary,1024,0,0.0007983539253473,ok
short-bursts,swf,binary,1024,1,0.0007777391001582,ok
short-bursts,swf,binary,1024,2,0.0008100643754005,ok
short-bursts,swf,binary,1024,3,0.0007805088534951,ok
short-bursts,swf,binary,1024,4,0.0007721781730651,ok
short-bursts,swf,binary,2048,0,0.0009188465774059,ok
short-bursts,swf,binary,2048,1,0.0008810870349407,ok
short-bursts,swf,binary,2048,2,0.000896880403161,ok
short-bursts,swf,binary,2048,3,0.0009022420272231,ok
short-bursts,swf,binary,2048,4,0.0008847136050462,ok
short-bursts,swf,binary,4096,0,0.0011229254305362,ok
short-bursts,swf,binary,4096,1,0.001076215878129,ok
short-bursts,swf,binary,4096,2,0.0010780524462461,ok
short-bursts,swf,binary,4096,3,0.001081584021449,ok
short-bursts,swf,binary,4096,4,0.0010956060141324,ok
short-bursts,swf,binary,8192,0,0.0015630731359124,ok
short-bursts,swf,binary,8192,1,0.0014801900833845,ok
short-bursts,swf,binary,8192,2,0.0014792559668421,ok
short-bursts,swf,binary,8192,3,0.0014689592644572,ok
short-bursts,swf,binary,8192,4,0.0014821281656622,ok
short-bursts,swf,binary,16384,0,0.0024114735424518,ok
short-bursts,swf,binary,16384,1,0.0023225899785757,ok
short-bursts,swf,binary,16384,2,0.0022796476259827,ok
short-bursts,swf,binary,16384,3,0.0023147882893681,ok
short-bursts,swf,binary,16384,4,0.0023248642683029,ok
short-bursts,swf,binary,32768,0,0.0043500708416104,ok
short-bursts,swf,binary,32768,1,0.0040843719616532,ok
short-bursts,swf,binary,32768,2,0.0040653338655829,ok
short-bursts,swf,binary,32768,3,0.0040735136717557,ok
short-bursts,swf,binary,32768,4,0.0040675234049558,ok
short-bursts,swf,binary,65536,0,0.0076464982703328,ok
short-bursts,swf,binary,65536,1,0.0068364534527063,ok
short-bursts,swf,binary,65536,2,0.00682492274791,ok
short-bursts,swf,binary,65536,3,0.0068338392302393,ok
short-bursts,swf,binary,65536,4,0.0068325260654091,ok
short-bursts,swf,binary,131072,0,0.015158075839281,ok
short-bursts,swf,binary,131072,1,0.013607352040708,ok
short-bursts,swf,binary,131072,2,0.0136107141152024,ok
short-bursts,swf,binary,131072,3,0.013578800484538,ok
short-bursts,swf,binary,131072,4,0.0135835874825716,ok
short-bursts,swf,binary,262144,0,0.0280395215377211,ok
short-bursts,swf,binary,262144,1,0.0265934476628899,ok
short-bursts,swf,binary,262144,2,0.026497502811253,ok
short-bursts,swf,binary,262144,3,0.0266190012916922,ok
short-bursts,swf,binary,262144,4,0.0265387212857604,ok
short-bursts,swf,binary,524288,0,0.0560669703409075,ok
short-bursts,swf,binary,524288,1,0.0529542956501245,ok
short-bursts,swf,binary,524288,2,0.0531669221818447,ok
short-bursts,swf,binary,524288,3,0.0528815500438213,ok
short-bursts,swf,binary,524288,4,0.05290671531111,ok
short-bursts,swf,binary,1048576,0,0.1052775429561734,ok
short-bursts,swf,binary,1048576,1,0.102929363027215,ok
short-bursts,swf,binary,1048576,2,0.1004403252154588,ok
short-bursts,swf,binary,1048576,3,0.0841075805947184,ok
short-bursts,swf,binary,1048576,4,0.0847368743270635,ok
short-bursts,taf,binary,256,0,0.0012530796229839,ok
short-bursts,taf,binary,256,1,0.0010843928903341,ok
short-bursts,taf,binary,256,2,0.0010246597230434,ok
short-bursts,taf,binary,256,3,0.0010314052924513,ok
short-bursts,taf,binary,256,4,0.0010234732180833,ok
short-bursts,taf,binary,512,0,0.0021143229678273,ok
short-bursts,taf,binary,512,1,0.0020971009507775,ok
short-bursts,taf,binary,512,2,0.002056592144072,ok
short-bursts,taf,binary,512,3,0.0020365053787827,ok
short-bursts,taf,binary,512,4,0.0020230924710631,ok
short-bursts,taf,binary,1024,0,0.004787596873939,ok
short-bursts,taf,binary,1024,1,0.0047289272770285,ok
short-bursts,taf,binary,1024,2,0.0047431513667106,ok
short-bursts,taf,binary,1024,3,0.0047412915155291,ok
short-bursts,taf,binary,1024,4,0.0047527011483907,ok
short-bursts,taf,binary,2048,0,0.0135787269100546,ok
short-bursts,taf,binary,2048,1,0.0135893505066633,ok
short-bursts,taf,binary,2048,2,0.0135442372411489,ok
short-bursts,taf,binary,2048,3,0.0134903099387884,ok
short-bursts,taf,binary,2048,4,0.0134754097089171,ok
short-bursts,taf,binary,4096,0,0.0450072893872857,ok
short-bursts,taf,binary,4096,1,0.0450318148359656,ok
short-bursts,taf,binary,4096,2,0.0449252501130104,ok
short-bursts,taf,binary,4096,3,0.0451402254402637,ok
short-bursts,taf,binary,4096,4,0.0452263392508029,ok
short-bursts,taf,binary,8192,0,0.1661341618746519,ok
short-bursts,taf,binary,8192,1,0.1654913146048784,ok
short-bursts,taf,binary,8192,2,0.1645945385098457,ok
short-bursts,taf,binary,8192,3,0.1653042500838637,ok
short-bursts,taf,binary,8192,4,0.1655994839966297,ok
short-bursts,taf,binary,16384,0,0.6232504798099399,ok
short-bursts,taf,binary,16384,1,0.6300207981839776,ok
short-bursts,taf,binary,16384,2,0.6210821541026235,ok
short-bursts,taf,binary,16384,3,0.6298300791531801,ok
short-bursts,taf,binary,16384,4,0.6213349485769868,ok
short-bursts,taf,binary,32768,0,2.7508870968595147,ok
short-bursts,taf,binary,32768,1,2.76168227288872,ok
short-bursts,taf,binary,32768,2,2.7435228414833546,ok
short-bursts,taf,binary,32768,3,2.7862391090020537,ok
short-bursts,taf,binary,32768,4,2.73860882781446,ok
short-bursts,taf,binary,65536,0,10.449599315412344,ok
short-bursts,taf,binary,65536,1,10.457552021369338,ok
short-bursts,taf,binary,65536,2,10.493047355674207,ok
short-bursts,taf,binary,65536,3,10.479258773848414,ok
short-bursts,taf,binary,65536,4,10.45648260228336,ok
short-bursts,taf,binary,131072,0,40.3430394763127,ok
short-bursts,taf,binary,131072,1,40.631451424211264,ok
short-bursts,taf,binary,131072,2,40.46915640681982,ok
short-bursts,taf,binary,131072,3,40.38526839111,ok
short-bursts,taf,binary,131072,4,40.364905391819775,ok
short-bursts,taf,binary,262144,0,161.11038132105023,ok
short-bursts,taf,binary,262144,1,160.83597624860704,ok
short-bursts,taf,binary,262144,2,161.11479514557868,ok
short-bursts,taf,binary,262144,3,161.1874381788075,ok
short-bursts,taf,binary,262144,4,160.9449609555304,ok
short-bursts,taf,binary,524288,0,643.897475569509,ok
short-bursts,taf,binary,524288,1,643.3414238514379,ok
short-bursts,taf,binary,524288,2,642.9353107633069,ok
short-bursts,taf,binary,524288,3,642.5111678605899,ok
short-bursts,taf,binary,524288,4,642.1804848313332,ok
short-bursts,taf,binary,1048576,0,2610.7290904931724,ok
short-bursts,taf,binary,1048576,1,2615.5551560260355,ok
short-bursts,taf,binary,1048576,2,2595.6115888850763,ok
short-bursts,taf,binary,1048576,3,2596.9282085914165,ok
short-bursts,taf,binary,1048576,4,2600.6165839713067,ok
short-bursts,td,binary,256,0,0.0004676887765526,ok
short-bursts,td,binary,256,1,0.0004164110869169,ok
short-bursts,td,binary,256,2,0.0004146182909607,ok
short-bursts,td,binary,256,3,0.0004122396931052,ok
short-bursts,td,binary,256,4,0.0004134383052587,ok
short-bursts,td,binary,512,0,0.0005253190174698,ok
short-bursts,td,binary,512,1,0.0004975330084562,ok
short-bursts,td,binary,512,2,0.0005003549158573,ok
short-bursts,td,binary,512,3,0.0004984987899661,ok
short-bursts,td,binary,512,4,0.000499271787703,ok
short-bursts,td,binary,1024,0,0.0007785037159919,ok
short-bursts,td,binary,1024,1,0.0007938416674733,ok
short-bursts,td,binary,1024,2,0.0008278619498014,ok
short-bursts,td,binary,1024,3,0.0008288761600852,ok
short-bursts,td,binary,1024,4,0.0008275303989648,ok
short-bursts,td,binary,2048,0,0.0012395428493618,ok
short-bursts,td,binary,2048,1,0.0012581143528223,ok
short-bursts,td,binary,2048,2,0.0012750271707773,ok
short-bursts,td,binary,2048,3,0.0012579225003719,ok
short-bursts,td,binary,2048,4,0.0012448504567146,ok
short-bursts,td,binary,4096,0,0.0021702954545617,ok
short-bursts,td,binary,4096,1,0.0021454561501741,ok
short-bursts,td,binary,4096,2,0.0021732402965426,ok
short-bursts,td,binary,4096,3,0.0021595768630504,ok
short-bursts,td,binary,4096,4,0.0021421844139695,ok
short-bursts,td,binary,8192,0,0.0039496766403317,ok
short-bursts,td,binary,8192,1,0.0040198452770709,ok
short-bursts,td,binary,8192,2,0.0039509339258074,ok
short-bursts,td,binary,8192,3,0.0040062088519334,ok
short-bursts,td,binary,8192,4,0.0039502065628767,ok
short-bursts,td,binary,16384,0,0.0074307098984718,ok
short-bursts,td,binary,16384,1,0.0083115622401237,ok
short-bursts,td,binary,16384,2,0.0074312221258878,ok
short-bursts,td,binary,16384,3,0.0075583243742585,ok
short-bursts,td,binary,16384,4,0.0074441591277718,ok
short-bursts,td,binary,32768,0,0.015217007137835,ok
short-bursts,td,binary,32768,1,0.0154124414548277,ok
short-bursts,td,binary,32768,2,0.015226419083774,ok
short-bursts,td,binary,32768,3,0.0154239796102046,ok
short-bursts,td,binary,32768,4,0.0151899885386228,ok
short-bursts,td,binary,65536,0,0.0297996783629059,ok
short-bursts,td,binary,65536,1,0.0302297826856374,ok
short-bursts,td,binary,65536,2,0.0297932438552379,ok
short-bursts,td,binary,65536,3,0.0302925379946827,ok
short-bursts,td,binary,65536,4,0.0297922417521476,ok
short-bursts,td,binary,131072,0,0.0595532432198524,ok
short-bursts,td,binary,131072,1,0.0603669611737132,ok
short-bursts,td,binary,131072,2,0.0595523361116647,ok
short-bursts,td,binary,131072,3,0.0604400774464011,ok
short-bursts,td,binary,131072,4,0.0595053052529692,ok
short-bursts,td,binary,262144,0,0.1079196678474545,ok
short-bursts,td,binary,262144,1,0.0968465572223067,ok
short-bursts,td,binary,262144,2,0.0954476920887827,ok
short-bursts,td,binary,262144,3,0.097413120791316,ok
short-bursts,td,binary,262144,4,0.0954245962202549,ok
short-bursts,td,binary,524288,0,0.1913052052259445,ok
short-bursts,td,binary,524288,1,0.1938638407737016,ok
short-bursts,td,binary,524288,2,0.1915524685755372,ok
short-bursts,td,binary,524288,3,0.1941549330949783,ok
short-bursts,td,binary,524288,4,0.1911642588675022,ok
short-bursts,td,binary,1048576,0,0.3840279439464211,ok
short-bursts,td,binary,1048576,1,0.389936032705009,ok
short-bursts,td,binary,1048576,2,0.3841460375115275,ok
short-bursts,td,binary,1048576,3,0.3902389705181122,ok
short-bursts,td,binary,1048576,4,0.3838169509544968,ok
short-bursts,tdir,binary,256,0,0.0005883341655135,ok
short-bursts,tdir,binary,256,1,0.0004042498767375,ok
short-bursts,tdir,binary,256,2,0.000408143736422,ok
short-bursts,tdir,binary,256,3,0.0003912979736924,ok
short-bursts,tdir,binary,256,4,0.0003966027870774,ok
short-bursts,tdir,binary,512,0,0.0004918118938803,ok
short-bursts,tdir,binary,512,1,0.0004409439861774,ok
short-bursts,tdir,binary,512,2,0.0004467917606234,ok
short-bursts,tdir,binary,512,3,0.0004432750865817,ok
short-bursts,tdir,binary,512,4,0.0004413127899169,ok
short-bursts,tdir,binary,1024,0,0.0005348799750208,ok
short-bursts,tdir,binary,1024,1,0.0005019670352339,ok
short-bursts,tdir,binary,1024,2,0.0004949253052473,ok
short-bursts,tdir,binary,1024,3,0.000494779087603,ok
short-bursts,tdir,binary,1024,4,0.0004970273002982,ok
short-bursts,tdir,binary,2048,0,0.0006801057606935,ok
short-bursts,tdir,binary,2048,1,0.0006370358169078,ok
short-bursts,tdir,binary,2048,2,0.0006511379033327,ok
short-bursts,tdir,binary,2048,3,0.0006812112405896,ok
short-bursts,tdir,binary,2048,4,0.0006756680086255,ok
short-bursts,tdir,binary,4096,0,0.0009997719898819,ok
short-bursts,tdir,binary,4096,1,0.0009021125733852,ok
short-bursts,tdir,binary,4096,2,0.000888648442924,ok
short-bursts,tdir,binary,4096,3,0.0008546561002731,ok
short-bursts,tdir,binary,4096,4,0.0008547091856598,ok
short-bursts,tdir,binary,8192,0,0.001379101537168,ok
short-bursts,tdir,binary,8192,1,0.0013518761843442,ok
short-bursts,tdir,binary,8192,2,0.0013116216287016,ok
short-bursts,tdir,binary,8192,3,0.0013039950281381,ok
short-bursts,tdir,binary,8192,4,0.001352734863758,ok
short-bursts,tdir,binary,16384,0,0.0024975584819912,ok
short-bursts,tdir,binary,16384,1,0.0023554461076855,ok
short-bursts,tdir,binary,16384,2,0.0023841895163059,ok
short-bursts,tdir,binary,16384,3,0.0023328335955739,ok
short-bursts,tdir,binary,16384,4,0.0023735119029879,ok
short-bursts,tdir,binary,32768,0,0.0041383923962712,ok
short-bursts,tdir,binary,32768,1,0.003894941881299,ok
short-bursts,tdir,binary,32768,2,0.0038994010537862,ok
short-bursts,tdir,binary,32768,3,0.0039002588018774,ok
short-bursts,tdir,binary,32768,4,0.0038500847294926,ok
short-bursts,tdir,binary,65536,0,0.0077642183750867,ok
short-bursts,tdir,binary,65536,1,0.0073549915105104,ok
short-bursts,tdir,binary,65536,2,0.007351690903306,ok
short-bursts,tdir,binary,65536,3,0.0073063252493739,ok
short-bursts,tdir,binary,65536,4,0.0073736682534217,ok
short-bursts,tdir,binary,131072,0,0.0155656533315777,ok
short-bursts,tdir,binary,131072,1,0.015139015391469,ok
short-bursts,tdir,binary,131072,2,0.014917486347258,ok
short-bursts,tdir,binary,131072,3,0.01489719748497,ok
short-bursts,tdir,binary,131072,4,0.0150325875729322,ok
short-bursts,tdir,binary,262144,0,0.0311897033825516,ok
short-bursts,tdir,binary,262144,1,0.0298535879701375,ok
short-bursts,tdir,binary,262144,2,0.0297416392713785,ok
short-bursts,tdir,binary,262144,3,0.0297919167205691,ok
short-bursts,tdir,binary,262144,4,0.0299320174381136,ok
short-bursts,tdir,binary,524288,0,0.0627781841903925,ok
short-bursts,tdir,binary,524288,1,0.0596110448241233,ok
short-bursts,tdir,binary,524288,2,0.0593492416664958,ok
short-bursts,tdir,binary,524288,3,0.059425956569612,ok
short-bursts,tdir,binary,524288,4,0.0596684282645583,ok
short-bursts,tdir,binary,1048576,0,0.1264439355581998,ok
short-bursts,tdir,binary,1048576,1,0.1214462425559759,ok
short-bursts,tdir,binary,1048576,2,0.1215738859027624,ok
short-bursts,tdir,binary,1048576,3,0.1218044878914952,ok
short-bursts,tdir,binary,1048576,4,0.12151381932199,ok
short-bursts,ttf,binary,256,0,0.0008377758786082,ok
short-bursts,ttf,binary,256,1,0.0005661845207214,ok
short-bursts,ttf,binary,256,2,0.0005580019205808,ok
short-bursts,ttf,binary,256,3,0.0005574207752943,ok
short-bursts,ttf,binary,256,4,0.0006112745031714,ok
short-bursts,ttf,binary,512,0,0.0006382875144481,ok
short-bursts,ttf,binary,512,1,0.0005867900326848,ok
short-bursts,ttf,binary,512,2,0.0005864510312676,ok
short-bursts,ttf,binary,512,3,0.000586474314332,ok
short-bursts,ttf,binary,512,4,0.0005850493907928,ok
short-bursts,ttf,binary,1024,0,0.0006842762231826,ok
short-bursts,ttf,binary,1024,1,0.0006763450801372,ok
short-bursts,ttf,binary,1024,2,0.0006565432995557,ok
short-bursts,ttf,binary,1024,3,0.0006394833326339,ok
short-bursts,ttf,binary,1024,4,0.000631702132523,ok
short-bursts,ttf,binary,2048,0,0.000767215155065,ok
short-bursts,ttf,binary,2048,1,0.000722867436707,ok
short-bursts,ttf,binary,2048,2,0.0007797218859195,ok
short-bursts,ttf,binary,2048,3,0.000722212716937,ok
short-bursts,ttf,binary,2048,4,0.0007225889712572,ok
short-bursts,ttf,binary,4096,0,0.0009430348873138,ok
short-bursts,ttf,binary,4096,1,0.0009624091908335,ok
short-bursts,ttf,binary,4096,2,0.0009671729058027,ok
short-bursts,ttf,binary,4096,3,0.0008977837860584,ok
short-bursts,ttf,binary,4096,4,0.0008882032707333,ok
short-bursts,ttf,binary,8192,0,0.001330429688096,ok
short-bursts,ttf,binary,8192,1,0.0012930678203701,ok
short-bursts,ttf,binary,8192,2,0.0012666378170251,ok
short-bursts,ttf,binary,8192,3,0.0013009384274482,ok
short-bursts,ttf,binary,8192,4,0.0012966813519597,ok
short-bursts,ttf,binary,16384,0,0.0020201923325657,ok
short-bursts,ttf,binary,16384,1,0.0019551506265997,ok
short-bursts,ttf,binary,16384,2,0.0019370084628462,ok
short-bursts,ttf,binary,16384,3,0.0018405010923743,ok
short-bursts,ttf,binary,16384,4,0.001853690482676,ok
short-bursts,ttf,binary,32768,0,0.0034953756257891,ok
short-bursts,ttf,binary,32768,1,0.0032183760777115,ok
short-bursts,ttf,binary,32768,2,0.003238521516323,ok
short-bursts,ttf,binary,32768,3,0.0032176282256841,ok
short-bursts,ttf,binary,32768,4,0.0031649796292185,ok
short-bursts,ttf,binary,65536,0,0.0060719540342688,ok
short-bursts,ttf,binary,65536,1,0.0057253893464803,ok
short-bursts,ttf,binary,65536,2,0.0067144175991415,ok
short-bursts,ttf,binary,65536,3,0.0061393529176712,ok
short-bursts,ttf,binary,65536,4,0.0060936231166124,ok
short-bursts,ttf,binary,131072,0,0.0117867458611726,ok
short-bursts,ttf,binary,131072,1,0.0110225388780236,ok
short-bursts,ttf,binary,131072,2,0.0109813539311289,ok
short-bursts,ttf,binary,131072,3,0.0110655454918742,ok
short-bursts,ttf,binary,131072,4,0.0110882390290498,ok
short-bursts,ttf,binary,262144,0,0.0226931972429156,ok
short-bursts,ttf,binary,262144,1,0.0214341785758733,ok
short-bursts,ttf,binary,262144,2,0.0213649049401283,ok
short-bursts,ttf,binary,262144,3,0.0215322785079479,ok
short-bursts,ttf,binary,262144,4,0.0221454827114939,ok
short-bursts,ttf,binary,524288,0,0.0465437257662415,ok
short-bursts,ttf,binary,524288,1,0.0428082598373293,ok
short-bursts,ttf,binary,524288,2,0.0429799230769276,ok
short-bursts,ttf,binary,524288,3,0.0427797548472881,ok
short-bursts,ttf,binary,524288,4,0.0428074691444635,ok
short-bursts,ttf,binary,1048576,0,0.0951533718034625,ok
short-bursts,ttf,binary,1048576,1,0.0886100642383098,ok
short-bursts,ttf,binary,1048576,2,0.0886953538283705,ok
short-bursts,ttf,binary,1048576,3,0.088659512810409,ok
short-bursts,ttf,binary,1048576,4,0.0884989639744162,ok
short-bursts,vus_pr,continuous,256,0,0.1824221285060048,ok
short-bursts,vus_pr,continuous,256,1,0.1827231291681528,ok
short-bursts,vus_pr,continuous,256,2,0.1820858931168913,ok
short-bursts,vus_pr,continuous,256,3,0.1827706601470708,ok
short-bursts,vus_pr,continuous,256,4,0.1826327200978994,ok
short-bursts,vus_pr,continuous,512,0,0.3767412910237908,ok
short-bursts,vus_pr,continuous,512,1,0.3762935260310769,ok
short-bursts,vus_pr,continuous,512,2,0.3759758658707142,ok
short-bursts,vus_pr,continuous,512,3,0.3753697499632835,ok
short-bursts,vus_pr,continuous,512,4,0.37624685280025,ok
short-bursts,vus_pr,continuous,1024,0,0.72878422960639,ok
short-bursts,vus_pr,continuous,1024,1,0.7257969323545694,ok
short-bursts,vus_pr,continuous,1024,2,0.7267297003418207,ok
short-bursts,vus_pr,continuous,1024,3,0.7272612527012825,ok
short-bursts,vus_pr,continuous,1024,4,0.7260026410222054,ok
short-bursts,vus_pr,continuous,2048,0,1.3291951594874265,ok
short-bursts,vus_pr,continuous,2048,1,1.3241468900814652,ok
short-bursts,vus_pr,continuous,2048,2,1.3190133785828948,ok
short-bursts,vus_pr,continuous,2048,3,1.3240642957389357,ok
short-bursts,vus_pr,continuous,2048,4,1.320631692185998,ok
short-bursts,vus_pr,continuous,4096,0,2.561455122195184,ok
short-bursts,vus_pr,continuous,4096,1,2.5522505193948746,ok
short-bursts,vus_pr,continuous,4096,2,2.5539446687325835,ok
short-bursts,vus_pr,continuous,4096,3,2.5753597440198064,ok
short-bursts,vus_pr,continuous,4096,4,2.5597696099430323,ok
short-bursts,vus_pr,continuous,8192,0,5.346272442489862,ok
short-bursts,vus_pr,continuous,8192,1,5.311963715590537,ok
short-bursts,vus_pr,continuous,8192,2,5.328526601195335,ok
short-bursts,vus_pr,continuous,8192,3,5.312667670659721,ok
short-bursts,vus_pr,continuous,8192,4,5.301033869385719,ok
short-bursts,vus_pr,continuous,16384,0,10.598526967689397,ok
short-bursts,vus_pr,continuous,16384,1,10.576732742600145,ok
short-bursts,vus_pr,continuous,16384,2,10.60014293063432,ok
short-bursts,vus_pr,continuous,16384,3,10.570925160311162,ok
short-bursts,vus_pr,continuous,16384,4,10.604118657298386,ok
short-bursts,vus_pr,continuous,32768,0,21.205046389251947,ok
short-bursts,vus_pr,continuous,32768,1,21.327931289561093,ok
short-bursts,vus_pr,continuous,32768,2,21.25178052391857,ok
short-bursts,vus_pr,continuous,32768,3,21.33422887418419,ok
short-bursts,vus_pr,continuous,32768,4,21.24142012558877,ok
short-bursts,vus_pr,continuous,65536,0,42.28566383663565,ok
short-bursts,vus_pr,continuous,65536,1,42.30969886761159,ok
short-bursts,vus_pr,continuous,65536,2,42.17442733794451,ok
short-bursts,vus_pr,continuous,65536,3,42.24464215897024,ok
short-bursts,vus_pr,continuous,65536,4,42.34782219864428,ok
short-bursts,vus_pr,continuous,131072,0,84.89195841737092,ok
short-bursts,vus_pr,continuous,131072,1,84.92810260597616,ok
short-bursts,vus_pr,continuous,131072,2,84.81328396685421,ok
short-bursts,vus_pr,continuous,131072,3,84.65553685184568,ok
short-bursts,vus_pr,continuous,131072,4,84.88381272088736,ok
short-bursts,vus_pr,continuous,262144,0,170.53309855796397,ok
short-bursts,vus_pr,continuous,262144,1,170.4591578533873,ok
short-bursts,vus_pr,continuous,262144,2,170.8409449607134,ok
short-bursts,vus_pr,continuous,262144,3,171.28272564150393,ok
short-bursts,vus_pr,continuous,262144,4,170.75927056372166,ok
short-bursts,vus_pr,continuous,524288,0,345.2678676825017,ok
short-bursts,vus_pr,continuous,524288,1,343.6939396560192,ok
short-bursts,vus_pr,continuous,524288,2,345.6571738598868,ok
short-bursts,vus_pr,continuous,524288,3,345.2888628123328,ok
short-bursts,vus_pr,continuous,524288,4,344.60519116651267,ok
short-bursts,vus_pr,continuous,1048576,0,690.1960167353973,ok
short-bursts,vus_pr,continuous,1048576,1,690.4188066674396,ok
short-bursts,vus_pr,continuous,1048576,2,690.2544201556593,ok
short-bursts,vus_pr,continuous,1048576,3,689.010120164603,ok
short-bursts,vus_pr,continuous,1048576,4,692.4764474704862,ok
short-bursts,vus_roc,continuous,256,0,0.1833184044808149,ok
short-bursts,vus_roc,continuous,256,1,0.1825298443436622,ok
short-bursts,vus_roc,continuous,256,2,0.182905139401555,ok
short-bursts,vus_roc,continuous,256,3,0.1828707074746489,ok
short-bursts,vus_roc,continuous,256,4,0.1825036685913801,ok
short-bursts,vus_roc,continuous,512,0,0.3771663401275873,ok
short-bursts,vus_roc,continuous,512,1,0.374481676146388,ok
short-bursts,vus_roc,continuous,512,2,0.3790789600461721,ok
short-bursts,vus_roc,continuous,512,3,0.3775808252394199,ok
short-bursts,vus_roc,continuous,512,4,0.3777011670172214,ok
short-bursts,vus_roc,continuous,1024,0,0.7306454824283719,ok
short-bursts,vus_roc,continuous,1024,1,0.7261719712987542,ok
short-bursts,vus_roc,continuous,1024,2,0.7325773350894451,ok
short-bursts,vus_roc,continuous,1024,3,0.7239534519612789,ok
short-bursts,vus_roc,continuous,1024,4,0.7280003512278199,ok
short-bursts,vus_roc,continuous,2048,0,1.3269364079460502,ok
short-bursts,vus_roc,continuous,2048,1,1.327942194417119,ok
short-bursts,vus_roc,continuous,2048,2,1.3219146123155951,ok
short-bursts,vus_roc,continuous,2048,3,1.3197381841018796,ok
short-bursts,vus_roc,continuous,2048,4,1.3262646635994315,ok
short-bursts,vus_roc,continuous,4096,0,2.55155329592526,ok
short-bursts,vus_roc,continuous,4096,1,2.565140027552843,ok
short-bursts,vus_roc,continuous,4096,2,2.56974037270993,ok
short-bursts,vus_roc,continuous,4096,3,2.571135483682156,ok
short-bursts,vus_roc,continuous,4096,4,2.561783039942384,ok
short-bursts,vus_roc,continuous,8192,0,5.336550975218415,ok
short-bursts,vus_roc,continuous,8192,1,5.341417953372002,ok
short-bursts,vus_roc,continuous,8192,2,5.314338602125645,ok
short-bursts,vus_roc,continuous,8192,3,5.323775019496679,ok
short-bursts,vus_roc,continuous,8192,4,5.3114600740373135,ok
short-bursts,vus_roc,continuous,16384,0,10.602483964525163,ok
short-bursts,vus_roc,continuous,16384,1,10.548973523080347,ok
short-bursts,vus_roc,continuous,16384,2,10.587706490419803,ok
short-bursts,vus_roc,continuous,16384,3,10.619181644171476,ok
short-bursts,vus_roc,continuous,16384,4,10.576008865609763,ok
short-bursts,vus_roc,continuous,32768,0,21.259448342956603,ok
short-bursts,vus_roc,continuous,32768,1,21.262172213755548,ok
short-bursts,vus_roc,continuous,32768,2,21.250581660307944,ok
short-bursts,vus_roc,continuous,32768,3,21.237645312212408,ok
short-bursts,vus_roc,continuous,32768,4,21.273660495877262,ok
short-bursts,vus_roc,continuous,65536,0,42.421478749252856,ok
short-bursts,vus_roc,continuous,65536,1,42.27052248362452,ok
short-bursts,vus_roc,continuous,65536,2,42.30185113474727,ok
short-bursts,vus_roc,continuous,65536,3,42.26440690178424,ok
short-bursts,vus_roc,continuous,65536,4,42.413959885947406,ok
short-bursts,vus_roc,continuous,131072,0,84.79978901520371,ok
short-bursts,vus_roc,continuous,131072,1,84.87247497588396,ok
short-bursts,vus_roc,continuous,131072,2,84.64592917077243,ok
short-bursts,vus_roc,continuous,131072,3,84.8400770323351,ok
short-bursts,vus_roc,continuous,131072,4,84.92067074216902,ok
short-bursts,vus_roc,continuous,262144,0,170.85875649470836,ok
short-bursts,vus_roc,continuous,262144,1,170.93196491152048,ok
short-bursts,vus_roc,continuous,262144,2,170.84908971190453,ok
short-bursts,vus_roc,continuous,262144,3,170.6127192955464,ok
short-bursts,vus_roc,continuous,262144,4,170.9681925335899,ok
short-bursts,vus_roc,continuous,524288,0,343.8573778923601,ok
short-bursts,vus_roc,continuous,524288,1,345.50039762537926,ok
short-bursts,vus_roc,continuous,524288,2,343.4479169650004,ok
short-bursts,vus_roc,continuous,524288,3,345.1072347201407,ok
short-bursts,vus_roc,continuous,524288,4,344.86045756097883,ok
short-bursts,vus_roc,continuous,1048576,0,691.3561512455344,ok
short-bursts,vus_roc,continuous,1048576,1,690.352544343099,ok
short-bursts,vus_roc,continuous,1048576,2,693.0598479984328,ok
short-bursts,vus_roc,continuous,1048576,3,691.4013782441616,ok
short-bursts,vus_roc,continuous,1048576,4,691.7960248906165,ok
short-bursts,wdd,binary,256,0,0.0027505792677402,ok
short-bursts,wdd,binary,256,1,0.0024558808654546,ok
short-bursts,wdd,binary,256,2,0.0025627082213759,ok
short-bursts,wdd,binary,256,3,0.0025167129933834,ok
short-bursts,wdd,binary,256,4,0.0024713389575481,ok
short-bursts,wdd,binary,512,0,0.0047320490702986,ok
short-bursts,wdd,binary,512,1,0.0047570578753948,ok
short-bursts,wdd,binary,512,2,0.0046680970117449,ok
short-bursts,wdd,binary,512,3,0.0046649724245071,ok
short-bursts,wdd,binary,512,4,0.0046445373445749,ok
short-bursts,wdd,binary,1024,0,0.0089736171066761,ok
short-bursts,wdd,binary,1024,1,0.0088988319039344,ok
short-bursts,wdd,binary,1024,2,0.0090008145198225,ok
short-bursts,wdd,binary,1024,3,0.0089536579325795,ok
short-bursts,wdd,binary,1024,4,0.0089386850595474,ok
short-bursts,wdd,binary,2048,0,0.0173979941755533,ok
short-bursts,wdd,binary,2048,1,0.0173061676323413,ok
short-bursts,wdd,binary,2048,2,0.0172560634091496,ok
short-bursts,wdd,binary,2048,3,0.0173543617129325,ok
short-bursts,wdd,binary,2048,4,0.0174643564969301,ok
short-bursts,wdd,binary,4096,0,0.0341874230653047,ok
short-bursts,wdd,binary,4096,1,0.0340252630412578,ok
short-bursts,wdd,binary,4096,2,0.0341740353032946,ok
short-bursts,wdd,binary,4096,3,0.0342085706070065,ok
short-bursts,wdd,binary,4096,4,0.0338618215173482,ok
short-bursts,wdd,binary,8192,0,0.0686033982783556,ok
short-bursts,wdd,binary,8192,1,0.0683646844699978,ok
short-bursts,wdd,binary,8192,2,0.0681933239102363,ok
short-bursts,wdd,binary,8192,3,0.0692371949553489,ok
short-bursts,wdd,binary,8192,4,0.0680740149691701,ok
short-bursts,wdd,binary,16384,0,0.1382053419947624,ok
short-bursts,wdd,binary,16384,1,0.1364048207178712,ok
short-bursts,wdd,binary,16384,2,0.1378510892391204,ok
short-bursts,wdd,binary,16384,3,0.1371018150821328,ok
short-bursts,wdd,binary,16384,4,0.1359349554404616,ok
short-bursts,wdd,binary,32768,0,0.2712875790894031,ok
short-bursts,wdd,binary,32768,1,0.2731116842478513,ok
short-bursts,wdd,binary,32768,2,0.2714856080710888,ok
short-bursts,wdd,binary,32768,3,0.2721948632970452,ok
short-bursts,wdd,binary,32768,4,0.2716169506311416,ok
short-bursts,wdd,binary,65536,0,0.5533332005143166,ok
short-bursts,wdd,binary,65536,1,0.5474196430295706,ok
short-bursts,wdd,binary,65536,2,0.5393130658194423,ok
short-bursts,wdd,binary,65536,3,0.5472434666007757,ok
short-bursts,wdd,binary,65536,4,0.5413573579862714,ok
short-bursts,wdd,binary,131072,0,1.0858913222327828,ok
short-bursts,wdd,binary,131072,1,1.0857204794883728,ok
short-bursts,wdd,binary,131072,2,1.1008051866665485,ok
short-bursts,wdd,binary,131072,3,1.0913974307477474,ok
short-bursts,wdd,binary,131072,4,1.0777545683085918,ok
short-bursts,wdd,binary,262144,0,2.1597268590703607,ok
short-bursts,wdd,binary,262144,1,2.1688996450975537,ok
short-bursts,wdd,binary,262144,2,2.1629349682480097,ok
short-bursts,wdd,binary,262144,3,2.160569536499679,ok
short-bursts,wdd,binary,262144,4,2.186571317724884,ok
short-bursts,wdd,binary,524288,0,4.313229659572244,ok
short-bursts,wdd,binary,524288,1,4.333477537147701,ok
short-bursts,wdd,binary,524288,2,4.312018733471632,ok
short-bursts,wdd,binary,524288,3,4.326981211081147,ok
short-bursts,wdd,binary,524288,4,4.3487522872164845,ok
short-bursts,wdd,binary,1048576,0,8.63751919567585,ok
short-bursts,wdd,binary,1048576,1,8.674664914608002,ok
short-bursts,wdd,binary,1048576,2,8.65995962638408,ok
short-bursts,wdd,binary,1048576,3,8.63111713156104,ok
short-bursts,wdd,binary,1048576,4,8.662934713996947,ok
single-block,adc,binary,256,0,0.0006271880120038,ok
single-block,adc,binary,256,1,0.0005992380902171,ok
single-block,adc,binary,256,2,0.0005802009254693,ok
single-block,adc,binary,256,3,0.0005813045427203,ok
single-block,adc,binary,256,4,0.0005861110985279,ok
single-block,adc,binary,512,0,0.0005767000839114,ok
single-block,adc,binary,512,1,0.0006136465817689,ok
single-block,adc,binary,512,2,0.0006018606945872,ok
single-block,adc,binary,512,3,0.0006011137738823,ok
single-block,adc,binary,512,4,0.0006263293325901,ok
single-block,adc,binary,1024,0,0.0006006741896271,ok
single-block,adc,binary,1024,1,0.0006333524361252,ok
single-block,adc,binary,1024,2,0.000619581900537,ok
single-block,adc,binary,1024,3,0.0006173364818096,ok
single-block,adc,binary,1024,4,0.0006167786195874,ok
single-block,adc,binary,2048,0,0.0006505828350782,ok
single-block,adc,binary,2048,1,0.000699333846569,ok
single-block,adc,binary,2048,2,0.0006629256531596,ok
single-block,adc,binary,2048,3,0.0006609363481402,ok
single-block,adc,binary,2048,4,0.000798619352281,ok
single-block,adc,binary,4096,0,0.0008202409371733,ok
single-block,adc,binary,4096,1,0.000850879587233,ok
single-block,adc,binary,4096,2,0.000849924981594,ok
single-block,adc,binary,4096,3,0.0008626831695437,ok
single-block,adc,binary,4096,4,0.0008510900661349,ok
single-block,adc,binary,8192,0,0.0009842235594987,ok
single-block,adc,binary,8192,1,0.0010134251788258,ok
single-block,adc,binary,8192,2,0.0010052770376205,ok
single-block,adc,binary,8192,3,0.0010092612355947,ok
single-block,adc,binary,8192,4,0.0010065697133541,ok
single-block,adc,binary,16384,0,0.0016671018674969,ok
single-block,adc,binary,16384,1,0.0013958700001239,ok
single-block,adc,binary,16384,2,0.0014003794640302,ok
single-block,adc,binary,16384,3,0.0014000460505485,ok
single-block,adc,binary,16384,4,0.00140022020787,ok
single-block,adc,binary,32768,0,0.0020700395107269,ok
single-block,adc,binary,32768,1,0.0020826878026127,ok
single-block,adc,binary,32768,2,0.0020645316690206,ok
single-block,adc,binary,32768,3,0.0020509352907538,ok
single-block,adc,binary,32768,4,0.0020450251176953,ok
single-block,adc,binary,65536,0,0.0032336683943867,ok
single-block,adc,binary,65536,1,0.0030490336939692,ok
single-block,adc,binary,65536,2,0.0030425516888499,ok
single-block,adc,binary,65536,3,0.0030520856380462,ok
single-block,adc,binary,65536,4,0.0030454294756054,ok
single-block,adc,binary,131072,0,0.0065393643453717,ok
single-block,adc,binary,131072,1,0.0061701005324721,ok
single-block,adc,binary,131072,2,0.006131175905466,ok
single-block,adc,binary,131072,3,0.0061529530212283,ok
single-block,adc,binary,131072,4,0.0058469716459512,ok
single-block,adc,binary,262144,0,0.0111310118809342,ok
single-block,adc,binary,262144,1,0.0104460408911108,ok
single-block,adc,binary,262144,2,0.010454767383635,ok
single-block,adc,binary,262144,3,0.0104474071413278,ok
single-block,adc,binary,262144,4,0.010513856075704,ok
single-block,adc,binary,524288,0,0.0210276637226343,ok
single-block,adc,binary,524288,1,0.0208234302699565,ok
single-block,adc,binary,524288,2,0.020858546718955,ok
single-block,adc,binary,524288,3,0.0208212975412607,ok
single-block,adc,binary,524288,4,0.0208492605015635,ok
single-block,adc,binary,1048576,0,0.040881035849452,ok
single-block,adc,binary,1048576,1,0.0408941535279154,ok
single-block,adc,binary,1048576,2,0.040801515802741,ok
single-block,adc,binary,1048576,3,0.0408514747396111,ok
single-block,adc,binary,1048576,4,0.0408042194321751,ok
single-block,add,binary,256,0,0.0006038127467036,ok
single-block,add,binary,256,1,0.0004783971235156,ok
single-block,add,binary,256,2,0.0004658289253711,ok
single-block,add,binary,256,3,0.0004687635228037,ok
single-block,add,binary,256,4,0.0004734750837087,ok
single-block,add,binary,512,0,0.0005136961117386,ok
single-block,add,binary,512,1,0.0005106888711452,ok
single-block,add,binary,512,2,0.0005066245794296,ok
single-block,add,binary,512,3,0.0004719141870737,ok
single-block,add,binary,512,4,0.0004710173234343,ok
single-block,add,binary,1024,0,0.0005561085417866,ok
single-block,add,binary,1024,1,0.0005069086328148,ok
single-block,add,binary,1024,2,0.0005007637664675,ok
single-block,add,binary,1024,3,0.0005020843818783,ok
single-block,add,binary,1024,4,0.0005031703040003,ok
single-block,add,binary,2048,0,0.0005923453718423,ok
single-block,add,binary,2048,1,0.0005385307595133,ok
single-block,add,binary,2048,2,0.0005348026752471,ok
single-block,add,binary,2048,3,0.000553379766643,ok
single-block,add,binary,2048,4,0.0005472153425216,ok
single-block,add,binary,4096,0,0.0006547942757606,ok
single-block,add,binary,4096,1,0.0006336299702525,ok
single-block,add,binary,4096,2,0.0006293104961514,ok
single-block,add,binary,4096,3,0.0005925772711634,ok
single-block,add,binary,4096,4,0.000593333505094,ok
single-block,add,binary,8192,0,0.0008378122001886,ok
single-block,add,binary,8192,1,0.0007104445248842,ok
single-block,add,binary,8192,2,0.0007046917453408,ok
single-block,add,binary,8192,3,0.000704200938344,ok
single-block,add,binary,8192,4,0.0007055792957544,ok
single-block,add,binary,16384,0,0.0010501388460397,ok
single-block,add,binary,16384,1,0.0009315507486462,ok
single-block,add,binary,16384,2,0.0009470814839005,ok
single-block,add,binary,16384,3,0.0009260848164558,ok
single-block,add,binary,16384,4,0.0009842403233051,ok
single-block,add,binary,32768,0,0.0015928391367197,ok
single-block,add,binary,32768,1,0.0013802619650959,ok
single-block,add,binary,32768,2,0.0013701952993869,ok
single-block,add,binary,32768,3,0.00143813341856,ok
single-block,add,binary,32768,4,0.0013636508956551,ok
single-block,add,binary,65536,0,0.002585045993328,ok
single-block,add,binary,65536,1,0.002187586389482,ok
single-block,add,binary,65536,2,0.0021795174106955,ok
single-block,add,binary,65536,3,0.0021510543301701,ok
single-block,add,binary,65536,4,0.0022198418155312,ok
single-block,add,binary,131072,0,0.0051743183284997,ok
single-block,add,binary,131072,1,0.0044861454516649,ok
single-block,add,binary,131072,2,0.0044974479824304,ok
single-block,add,binary,131072,3,0.0045454036444425,ok
single-block,add,binary,131072,4,0.0045114746317267,ok
single-block,add,binary,262144,0,0.0098068425431847,ok
single-block,add,binary,262144,1,0.0085816979408264,ok
single-block,add,binary,262144,2,0.0085046486929059,ok
single-block,add,binary,262144,3,0.0084818741306662,ok
single-block,add,binary,262144,4,0.0085177477449178,ok
single-block,add,binary,524288,0,0.0197292976081371,ok
single-block,add,binary,524288,1,0.0173880150541663,ok
single-block,add,binary,524288,2,0.0173703134059906,ok
single-block,add,binary,524288,3,0.017509140074253,ok
single-block,add,binary,524288,4,0.0175046538934111,ok
single-block,add,binary,1048576,0,0.0346833057701587,ok
single-block,add,binary,1048576,1,0.0341002270579338,ok
single-block,add,binary,1048576,2,0.0340923443436622,ok
single-block,add,binary,1048576,3,0.0341428723186254,ok
single-block,add,binary,1048576,4,0.0340919652953743,ok
single-block,aff_f,binary,256,0,0.0006882529705762,ok
single-block,aff_f,binary,256,1,0.0006012944504618,ok
single-block,aff_f,binary,256,2,0.0005964115262031,ok
single-block,aff_f,binary,256,3,0.0005905115976929,ok
single-block,aff_f,binary,256,4,0.0005922419950366,ok
single-block,aff_f,binary,512,0,0.0006864881142973,ok
single-block,aff_f,binary,512,1,0.0006560077890753,ok
single-block,aff_f,binary,512,2,0.0006901491433382,ok
single-block,aff_f,binary,512,3,0.0006505046039819,ok
single-block,aff_f,binary,512,4,0.0006993254646658,ok
single-block,aff_f,binary,1024,0,0.0008514635264873,ok
single-block,aff_f,binary,1024,1,0.0007444825023412,ok
single-block,aff_f,binary,1024,2,0.0007933201268315,ok
single-block,aff_f,binary,1024,3,0.0007464494556188,ok
single-block,aff_f,binary,1024,4,0.0007750885561108,ok
single-block,aff_f,binary,2048,0,0.0009624753147363,ok
single-block,aff_f,binary,2048,1,0.0009388048201799,ok
single-block,aff_f,binary,2048,2,0.0011624973267316,ok
single-block,aff_f,binary,2048,3,0.0009419545531272,ok
single-block,aff_f,binary,2048,4,0.0009442577138543,ok
single-block,aff_f,binary,4096,0,0.0012594433501362,ok
single-block,aff_f,binary,4096,1,0.0012835208326578,ok
single-block,aff_f,binary,4096,2,0.0012588966637849,ok
single-block,aff_f,binary,4096,3,0.0013521099463105,ok
single-block,aff_f,binary,4096,4,0.0013087131083011,ok
single-block,aff_f,binary,8192,0,0.0018166461959481,ok
single-block,aff_f,binary,8192,1,0.0022448198869824,ok
single-block,aff_f,binary,8192,2,0.002030836418271,ok
single-block,aff_f,binary,8192,3,0.0020354213193058,ok
single-block,aff_f,binary,8192,4,0.0020342096686363,ok
single-block,aff_f,binary,16384,0,0.0033916858956217,ok
single-block,aff_f,binary,16384,1,0.0034283073619008,ok
single-block,aff_f,binary,16384,2,0.0034075062721967,ok
single-block,aff_f,binary,16384,3,0.0034195017069578,ok
single-block,aff_f,binary,16384,4,0.0034389980137348,ok
single-block,aff_f,binary,32768,0,0.0072540799155831,ok
single-block,aff_f,binary,32768,1,0.0067146597430109,ok
single-block,aff_f,binary,32768,2,0.0067128576338291,ok
single-block,aff_f,binary,32768,3,0.0064513105899095,ok
single-block,aff_f,binary,32768,4,0.0064568081870675,ok
single-block,aff_f,binary,65536,0,0.0138840274885296,ok
single-block,aff_f,binary,65536,1,0.013418024405837,ok
single-block,aff_f,binary,65536,2,0.014374490827322,ok
single-block,aff_f,binary,65536,3,0.0133081804960966,ok
single-block,aff_f,binary,65536,4,0.0133691411465406,ok
single-block,aff_f,binary,131072,0,0.0251852739602327,ok
single-block,aff_f,binary,131072,1,0.0249053193256258,ok
single-block,aff_f,binary,131072,2,0.0249478071928024,ok
single-block,aff_f,binary,131072,3,0.0248630139976739,ok
single-block,aff_f,binary,131072,4,0.0250284727662801,ok
single-block,aff_f,binary,262144,0,0.0482084909453988,ok
single-block,aff_f,binary,262144,1,0.0479205437004566,ok
single-block,aff_f,binary,262144,2,0.0479173678904771,ok
single-block,aff_f,binary,262144,3,0.0478699160739779,ok
single-block,aff_f,binary,262144,4,0.047831087373197,ok
single-block,aff_f,binary,524288,0,0.0853929389268159,ok
single-block,aff_f,binary,524288,1,0.085213198326528,ok
single-block,aff_f,binary,524288,2,0.085547374561429,ok
single-block,aff_f,binary,524288,3,0.0853397510945797,ok
single-block,aff_f,binary,524288,4,0.0854312386363744,ok
single-block,aff_f,binary,1048576,0,0.1853341124951839,ok
single-block,aff_f,binary,1048576,1,0.1867331871762871,ok
single-block,aff_f,binary,1048576,2,0.1862075561657548,ok
single-block,aff_f,binary,1048576,3,0.1861312901601195,ok
single-block,aff_f,binary,1048576,4,0.1871760068461299,ok
single-block,bpaf,binary,256,0,0.0006022024899721,ok
single-block,bpaf,binary,256,1,0.0005025435239076,ok
single-block,bpaf,binary,256,2,0.0004876796156167,ok
single-block,bpaf,binary,256,3,0.0004889592528343,ok
single-block,bpaf,binary,256,4,0.0004978217184543,ok
single-block,bpaf,binary,512,0,0.0005555404350161,ok
single-block,bpaf,binary,512,1,0.0005299262702465,ok
single-block,bpaf,binary,512,2,0.0005279630422592,ok
single-block,bpaf,binary,512,3,0.0006868643686175,ok
single-block,bpaf,binary,512,4,0.0006867656484246,ok
single-block,bpaf,binary,1024,0,0.0007016314193606,ok
single-block,bpaf,binary,1024,1,0.0007312092930078,ok
single-block,bpaf,binary,1024,2,0.0007271347567439,ok
single-block,bpaf,binary,1024,3,0.0007403306663036,ok
single-block,bpaf,binary,1024,4,0.0007237633690237,ok
single-block,bpaf,binary,2048,0,0.0007764780893921,ok
single-block,bpaf,binary,2048,1,0.000815344043076,ok
single-block,bpaf,binary,2048,2,0.0007979245856404,ok
single-block,bpaf,binary,2048,3,0.0007962007075548,ok
single-block,bpaf,binary,2048,4,0.0007962407544255,ok
single-block,bpaf,binary,4096,0,0.0008957739919424,ok
single-block,bpaf,binary,4096,1,0.0009111296385526,ok
single-block,bpaf,binary,4096,2,0.0009112684056162,ok
single-block,bpaf,binary,4096,3,0.0009173741564154,ok
single-block,bpaf,binary,4096,4,0.0009120926260948,ok
single-block,bpaf,binary,8192,0,0.0011414401233196,ok
single-block,bpaf,binary,8192,1,0.001156399026513,ok
single-block,bpaf,binary,8192,2,0.001149134710431,ok
single-block,bpaf,binary,8192,3,0.0011544367298483,ok
single-block,bpaf,binary,8192,4,0.0011480990797281,ok
single-block,bpaf,binary,16384,0,0.0016275690868496,ok
single-block,bpaf,binary,16384,1,0.0016193492338061,ok
single-block,bpaf,binary,16384,2,0.0016075624153017,ok
single-block,bpaf,binary,16384,3,0.0015939604490995,ok
single-block,bpaf,binary,16384,4,0.0016000494360923,ok
single-block,bpaf,binary,32768,0,0.0027292883023619,ok
single-block,bpaf,binary,32768,1,0.0026742201298475,ok
single-block,bpaf,binary,32768,2,0.0026945332065224,ok
single-block,bpaf,binary,32768,3,0.0026751654222607,ok
single-block,bpaf,binary,32768,4,0.0026880512014031,ok
single-block,bpaf,binary,65536,0,0.0045338096097111,ok
single-block,bpaf,binary,65536,1,0.0045243659988045,ok
single-block,bpaf,binary,65536,2,0.0044998843222856,ok
single-block,bpaf,binary,65536,3,0.0043732896447181,ok
single-block,bpaf,binary,65536,4,0.0045121852308511,ok
single-block,bpaf,binary,131072,0,0.0090811131522059,ok
single-block,bpaf,binary,131072,1,0.0084211006760597,ok
single-block,bpaf,binary,131072,2,0.0085050351917743,ok
single-block,bpaf,binary,131072,3,0.0084421932697296,ok
single-block,bpaf,binary,131072,4,0.0085542881861329,ok
single-block,bpaf,binary,262144,0,0.0166095038875937,ok
single-block,bpaf,binary,262144,1,0.0164465652778744,ok
single-block,bpaf,binary,262144,2,0.0161860538646578,ok
single-block,bpaf,binary,262144,3,0.0163753610104322,ok
single-block,bpaf,binary,262144,4,0.0163887906819582,ok
single-block,bpaf,binary,524288,0,0.0322300754487514,ok
single-block,bpaf,binary,524288,1,0.0323449969291687,ok
single-block,bpaf,binary,524288,2,0.0320123024284839,ok
single-block,bpaf,binary,524288,3,0.0322875715792179,ok
single-block,bpaf,binary,524288,4,0.0322334123775363,ok
single-block,bpaf,binary,1048576,0,0.0649033617228269,ok
single-block,bpaf,binary,1048576,1,0.0663979463279247,ok
single-block,bpaf,binary,1048576,2,0.0653847539797425,ok
single-block,bpaf,binary,1048576,3,0.0650719478726387,ok
single-block,bpaf,binary,1048576,4,0.0659387577325105,ok
single-block,cf,binary,256,0,0.0005022650584578,ok
single-block,cf,binary,256,1,0.0004217242822051,ok
single-block,cf,binary,256,2,0.0004294570535421,ok
single-block,cf,binary,256,3,0.0004161791875958,ok
single-block,cf,binary,256,4,0.0004630051553249,ok
single-block,cf,binary,512,0,0.0005534663796424,ok
single-block,cf,binary,512,1,0.0005123782902956,ok
single-block,cf,binary,512,2,0.0005115447565913,ok
single-block,cf,binary,512,3,0.000711197964847,ok
single-block,cf,binary,512,4,0.0005179485306143,ok
single-block,cf,binary,1024,0,0.0007112389430403,ok
single-block,cf,binary,1024,1,0.0007196785882115,ok
single-block,cf,binary,1024,2,0.0006515206769108,ok
single-block,cf,binary,1024,3,0.0006952555850148,ok
single-block,cf,binary,1024,4,0.0006534345448017,ok
single-block,cf,binary,2048,0,0.0010090600699186,ok
single-block,cf,binary,2048,1,0.0009964499622583,ok
single-block,cf,binary,2048,2,0.0009578252211213,ok
single-block,cf,binary,2048,3,0.0009563500061631,ok
single-block,cf,binary,2048,4,0.0009869923815131,ok
single-block,cf,binary,4096,0,0.0015973728150129,ok
single-block,cf,binary,4096,1,0.0015341956168413,ok
single-block,cf,binary,4096,2,0.0015776520594954,ok
single-block,cf,binary,4096,3,0.0015383306890726,ok
single-block,cf,binary,4096,4,0.0015358384698629,ok
single-block,cf,binary,8192,0,0.0028501655906438,ok
single-block,cf,binary,8192,1,0.0027624620124697,ok
single-block,cf,binary,8192,2,0.0027486411854624,ok
single-block,cf,binary,8192,3,0.0027386741712689,ok
single-block,cf,binary,8192,4,0.002740035764873,ok
single-block,cf,binary,16384,0,0.0052431365475058,ok
single-block,cf,binary,16384,1,0.0051183328032493,ok
single-block,cf,binary,16384,2,0.0051045939326286,ok
single-block,cf,binary,16384,3,0.005089352838695,ok
single-block,cf,binary,16384,4,0.0051436256617307,ok
single-block,cf,binary,32768,0,0.0100456364452838,ok
single-block,cf,binary,32768,1,0.009790800511837,ok
single-block,cf,binary,32768,2,0.0098045598715543,ok
single-block,cf,binary,32768,3,0.0098213050514459,ok
single-block,cf,binary,32768,4,0.0097448918968439,ok
single-block,cf,binary,65536,0,0.0195411341264843,ok
single-block,cf,binary,65536,1,0.0191106311976909,ok
single-block,cf,binary,65536,2,0.0190400667488574,ok
single-block,cf,binary,65536,3,0.0189958047121763,ok
single-block,cf,binary,65536,4,0.0191588513553142,ok
single-block,cf,binary,131072,0,0.0390218794345855,ok
single-block,cf,binary,131072,1,0.0379393734037876,ok
single-block,cf,binary,131072,2,0.0380311850458383,ok
single-block,cf,binary,131072,3,0.0380503050982952,ok
single-block,cf,binary,131072,4,0.0382176246494054,ok
single-block,cf,binary,262144,0,0.0767814889550209,ok
single-block,cf,binary,262144,1,0.0753264622762799,ok
single-block,cf,binary,262144,2,0.0754525046795606,ok
single-block,cf,binary,262144,3,0.0754425963386893,ok
single-block,cf,binary,262144,4,0.0755343791097402,ok
single-block,cf,binary,524288,0,0.1534084193408489,ok
single-block,cf,binary,524288,1,0.150665471330285,ok
single-block,cf,binary,524288,2,0.1506725624203682,ok
single-block,cf,binary,524288,3,0.150585800409317,ok
single-block,cf,binary,524288,4,0.1509575052186846,ok
single-block,cf,binary,1048576,0,0.3080704333260655,ok
single-block,cf,binary,1048576,1,0.3047060389071703,ok
single-block,cf,binary,1048576,2,0.3046872746199369,ok
single-block,cf,binary,1048576,3,0.3049555392935872,ok
single-block,cf,binary,1048576,4,0.3059658678248524,ok
single-block,dair,binary,256,0,0.0005518579855561,ok
single-block,dair,binary,256,1,0.0005033407360315,ok
single-block,dair,binary,256,2,0.0004887739196419,ok
single-block,dair,binary,256,3,0.0004843827337026,ok
single-block,dair,binary,256,4,0.0004860898479819,ok
single-block,dair,binary,512,0,0.0005768444389104,ok
single-block,dair,binary,512,1,0.0005956552922725,ok
single-block,dair,binary,512,2,0.0005919793620705,ok
single-block,dair,binary,512,3,0.0005951570346951,ok
single-block,dair,binary,512,4,0.0005923938006162,ok
single-block,dair,binary,1024,0,0.0005571087822318,ok
single-block,dair,binary,1024,1,0.0005736583843827,ok
single-block,dair,binary,1024,2,0.0005840184167027,ok
single-block,dair,binary,1024,3,0.0005649365484714,ok
single-block,dair,binary,1024,4,0.0005716104060411,ok
single-block,dair,binary,2048,0,0.0008182087913155,ok
single-block,dair,binary,2048,1,0.0008115917444229,ok
single-block,dair,binary,2048,2,0.000812854617834,ok
single-block,dair,binary,2048,3,0.0008277995511889,ok
single-block,dair,binary,2048,4,0.0008161077275872,ok
single-block,dair,binary,4096,0,0.0009213723242282,ok
single-block,dair,binary,4096,1,0.0009343912824988,ok
single-block,dair,binary,4096,2,0.0009649507701396,ok
single-block,dair,binary,4096,3,0.0009382301941514,ok
single-block,dair,binary,4096,4,0.0009451135993003,ok
single-block,dair,binary,8192,0,0.0014259060844779,ok
single-block,dair,binary,8192,1,0.00144506059587,ok
single-block,dair,binary,8192,2,0.001434477046132,ok
single-block,dair,binary,8192,3,0.0014292579144239,ok
single-block,dair,binary,8192,4,0.0014438545331358,ok
single-block,dair,binary,16384,0,0.0018028439953923,ok
single-block,dair,binary,16384,1,0.0017911829054355,ok
single-block,dair,binary,16384,2,0.0018146326765418,ok
single-block,dair,binary,16384,3,0.0017908969894051,ok
single-block,dair,binary,16384,4,0.0017775138840079,ok
single-block,dair,binary,32768,0,0.0033581955358386,ok
single-block,dair,binary,32768,1,0.0032337745651602,ok
single-block,dair,binary,32768,2,0.003254760056734,ok
single-block,dair,binary,32768,3,0.0032596997916698,ok
single-block,dair,binary,32768,4,0.0032922504469752,ok
single-block,dair,binary,65536,0,0.0157395591959357,ok
single-block,dair,binary,65536,1,0.015704633668065,ok
single-block,dair,binary,65536,2,0.0156678110361099,ok
single-block,dair,binary,65536,3,0.015772521495819,ok
single-block,dair,binary,65536,4,0.0156942065805196,ok
single-block,dair,binary,131072,0,0.0237922212108969,ok
single-block,dair,binary,131072,1,0.0236859275028109,ok
single-block,dair,binary,131072,2,0.0238541141152381,ok
single-block,dair,binary,131072,3,0.0236654570326209,ok
single-block,dair,binary,131072,4,0.0239337841048836,ok
single-block,dair,binary,262144,0,0.0378553802147507,ok
single-block,dair,binary,262144,1,0.0387267833575606,ok
single-block,dair,binary,262144,2,0.0376393729820847,ok
single-block,dair,binary,262144,3,0.0315567227080464,ok
single-block,dair,binary,262144,4,0.0315046701580286,ok
single-block,dair,binary,524288,0,0.0251190662384033,ok
single-block,dair,binary,524288,1,0.0250055640935897,ok
single-block,dair,binary,524288,2,0.0250546243041753,ok
single-block,dair,binary,524288,3,0.0248789861798286,ok
single-block,dair,binary,524288,4,0.0251632360741496,ok
single-block,dair,binary,1048576,0,0.1294334270060062,ok
single-block,dair,binary,1048576,1,0.129608241841197,ok
single-block,dair,binary,1048576,2,0.1291307946667075,ok
single-block,dair,binary,1048576,3,0.1294674230739474,ok
single-block,dair,binary,1048576,4,0.1293442929163575,ok
single-block,dicec,binary,256,0,0.0004284903407096,ok
single-block,dicec,binary,256,1,0.0003674170002341,ok
single-block,dicec,binary,256,2,0.0003649862483143,ok
single-block,dicec,binary,256,3,0.0003565847873687,ok
single-block,dicec,binary,256,4,0.0003581047058105,ok
single-block,dicec,binary,512,0,0.0003459611907601,ok
single-block,dicec,binary,512,1,0.0003435714170336,ok
single-block,dicec,binary,512,2,0.0003413232043385,ok
single-block,dicec,binary,512,3,0.0003619100898504,ok
single-block,dicec,binary,512,4,0.0003428598865866,ok
single-block,dicec,binary,1024,0,0.0004183910787105,ok
single-block,dicec,binary,1024,1,0.0003565540537238,ok
single-block,dicec,binary,1024,2,0.0003541503101587,ok
single-block,dicec,binary,1024,3,0.0003562103956937,ok
single-block,dicec,binary,1024,4,0.0003536194562911,ok
single-block,dicec,binary,2048,0,0.0004487233236432,ok
single-block,dicec,binary,2048,1,0.0003987792879343,ok
single-block,dicec,binary,2048,2,0.000381089746952,ok
single-block,dicec,binary,2048,3,0.0004064915701746,ok
single-block,dicec,binary,2048,4,0.0003805179148912,ok
single-block,dicec,binary,4096,0,0.0004859082400798,ok
single-block,dicec,binary,4096,1,0.0004203394055366,ok
single-block,dicec,binary,4096,2,0.000421293079853,ok
single-block,dicec,binary,4096,3,0.0004231426864862,ok
single-block,dicec,binary,4096,4,0.0004203747957944,ok
single-block,dicec,binary,8192,0,0.0006127143278717,ok
single-block,dicec,binary,8192,1,0.0005314704030752,ok
single-block,dicec,binary,8192,2,0.0005039414390921,ok
single-block,dicec,binary,8192,3,0.0005040606483817,ok
single-block,dicec,binary,8192,4,0.0005013570189476,ok
single-block,dicec,binary,16384,0,0.000807954929769,ok
single-block,dicec,binary,16384,1,0.0006634956225752,ok
single-block,dicec,binary,16384,2,0.0006973519921302,ok
single-block,dicec,binary,16384,3,0.0006643012166023,ok
single-block,dicec,binary,16384,4,0.0006652427837252,ok
single-block,dicec,binary,32768,0,0.0012828232720494,ok
single-block,dicec,binary,32768,1,0.0009818421676754,ok
single-block,dicec,binary,32768,2,0.0009839721024036,ok
single-block,dicec,binary,32768,3,0.0010046139359474,ok
single-block,dicec,binary,32768,4,0.0010292176157236,ok
single-block,dicec,binary,65536,0,0.0020702630281448,ok
single-block,dicec,binary,65536,1,0.0015988461673259,ok
single-block,dicec,binary,65536,2,0.0016251057386398,ok
single-block,dicec,binary,65536,3,0.0016170553863048,ok
single-block,dicec,binary,65536,4,0.0015879636630415,ok
single-block,dicec,binary,131072,0,0.0038772253319621,ok
single-block,dicec,binary,131072,1,0.0030214516445994,ok
single-block,dicec,binary,131072,2,0.0031024720519781,ok
single-block,dicec,binary,131072,3,0.0030800895765423,ok
single-block,dicec,binary,131072,4,0.0030232556164264,ok
single-block,dicec,binary,262144,0,0.0073105609044432,ok
single-block,dicec,binary,262144,1,0.0057272762060165,ok
single-block,dicec,binary,262144,2,0.0057696867734193,ok
single-block,dicec,binary,262144,3,0.0058121494948863,ok
single-block,dicec,binary,262144,4,0.0057355100288987,ok
single-block,dicec,binary,524288,0,0.0145056108012795,ok
single-block,dicec,binary,524288,1,0.0117797031998634,ok
single-block,dicec,binary,524288,2,0.0119285834953188,ok
single-block,dicec,binary,524288,3,0.0117743769660592,ok
single-block,dicec,binary,524288,4,0.0116066038608551,ok
single-block,dicec,binary,1048576,0,0.0281699504703283,ok
single-block,dicec,binary,1048576,1,0.0256612356752157,ok
single-block,dicec,binary,1048576,2,0.0254668146371841,ok
single-block,dicec,binary,1048576,3,0.0254467232152819,ok
single-block,dicec,binary,1048576,4,0.025501761585474,ok
single-block,dtpaf,binary,256,0,0.0005573322996497,ok
single-block,dtpaf,binary,256,1,0.0004701493307948,ok
single-block,dtpaf,binary,256,2,0.0004226882010698,ok
single-block,dtpaf,binary,256,3,0.0004230057820677,ok
single-block,dtpaf,binary,256,4,0.0004260893911123,ok
single-block,dtpaf,binary,512,0,0.0004663718864321,ok
single-block,dtpaf,binary,512,1,0.0004423400387167,ok
single-block,dtpaf,binary,512,2,0.0004423465579748,ok
single-block,dtpaf,binary,512,3,0.0004407614469528,ok
single-block,dtpaf,binary,512,4,0.0004605250433087,ok
single-block,dtpaf,binary,1024,0,0.0004812814295291,ok
single-block,dtpaf,binary,1024,1,0.0005070604383945,ok
single-block,dtpaf,binary,1024,2,0.0004582479596138,ok
single-block,dtpaf,binary,1024,3,0.0004878798499703,ok
single-block,dtpaf,binary,1024,4,0.000458956696093,ok
single-block,dtpaf,binary,2048,0,0.0005166055634617,ok
single-block,dtpaf,binary,2048,1,0.0004913182929158,ok
single-block,dtpaf,binary,2048,2,0.0004885904490947,ok
single-block,dtpaf,binary,2048,3,0.0004914700984954,ok
single-block,dtpaf,binary,2048,4,0.0004924936220049,ok
single-block,dtpaf,binary,4096,0,0.000569675117731,ok
single-block,dtpaf,binary,4096,1,0.0006006695330142,ok
single-block,dtpaf,binary,4096,2,0.0005441810935735,ok
single-block,dtpaf,binary,4096,3,0.000543400645256,ok
single-block,dtpaf,binary,4096,4,0.0005575139075517,ok
single-block,dtpaf,binary,8192,0,0.0006774058565497,ok
single-block,dtpaf,binary,8192,1,0.0006702244281768,ok
single-block,dtpaf,binary,8192,2,0.0006450563669204,ok
single-block,dtpaf,binary,8192,3,0.0006576227024197,ok
single-block,dtpaf,binary,8192,4,0.00064551923424,ok
single-block,dtpaf,binary,16384,0,0.0008975258097052,ok
single-block,dtpaf,binary,16384,1,0.0009196614846587,ok
single-block,dtpaf,binary,16384,2,0.0008865110576152,ok
single-block,dtpaf,binary,16384,3,0.0008619874715805,ok
single-block,dtpaf,binary,16384,4,0.0008604079484939,ok
single-block,dtpaf,binary,32768,0,0.001320376060903,ok
single-block,dtpaf,binary,32768,1,0.0012630242854356,ok
single-block,dtpaf,binary,32768,2,0.0012777401134371,ok
single-block,dtpaf,binary,32768,3,0.0013265591114759,ok
single-block,dtpaf,binary,32768,4,0.0013162111863493,ok
single-block,dtpaf,binary,65536,0,0.0021400125697255,ok
single-block,dtpaf,binary,65536,1,0.0020208153873682,ok
single-block,dtpaf,binary,65536,2,0.00197449978441,ok
single-block,dtpaf,binary,65536,3,0.0020226407796144,ok
single-block,dtpaf,binary,65536,4,0.002041139639914,ok
single-block,dtpaf,binary,131072,0,0.0043223593384027,ok
single-block,dtpaf,binary,131072,1,0.0042208535596728,ok
single-block,dtpaf,binary,131072,2,0.004226729273796,ok
single-block,dtpaf,binary,131072,3,0.0042173080146312,ok
single-block,dtpaf,binary,131072,4,0.0042112441733479,ok
single-block,dtpaf,binary,262144,0,0.0080839842557907,ok
single-block,dtpaf,binary,262144,1,0.0079834284260869,ok
single-block,dtpaf,binary,262144,2,0.0079465638846158,ok
single-block,dtpaf,binary,262144,3,0.0079991873353719,ok
single-block,dtpaf,binary,262144,4,0.0080086179077625,ok
single-block,dtpaf,binary,524288,0,0.0164219811558723,ok
single-block,dtpaf,binary,524288,1,0.0165373962372541,ok
single-block,dtpaf,binary,524288,2,0.0165114784613251,ok
single-block,dtpaf,binary,524288,3,0.016608185134828,ok
single-block,dtpaf,binary,524288,4,0.0164571916684508,ok
single-block,dtpaf,binary,1048576,0,0.0328935896977782,ok
single-block,dtpaf,binary,1048576,1,0.0328164044767618,ok
single-block,dtpaf,binary,1048576,2,0.0329426741227507,ok
single-block,dtpaf,binary,1048576,3,0.0328904027119278,ok
single-block,dtpaf,binary,1048576,4,0.0328900385648012,ok
single-block,eds,binary,256,0,0.000488169491291,ok
single-block,eds,binary,256,1,0.000464966520667,ok
single-block,eds,binary,256,2,0.000412973575294,ok
single-block,eds,binary,256,3,0.0004144376143813,ok
single-block,eds,binary,256,4,0.000419732183218,ok
single-block,eds,binary,512,0,0.0004742220044136,ok
single-block,eds,binary,512,1,0.00043301936239,ok
single-block,eds,binary,512,2,0.0004332130774855,ok
single-block,eds,binary,512,3,0.0004323096945881,ok
single-block,eds,binary,512,4,0.000433025881648,ok
single-block,eds,binary,1024,0,0.0004906570538878,ok
single-block,eds,binary,1024,1,0.0004507368430495,ok
single-block,eds,binary,1024,2,0.0004989998415112,ok
single-block,eds,binary,1024,3,0.0004661222919821,ok
single-block,eds,binary,1024,4,0.0004481682553887,ok
single-block,eds,binary,2048,0,0.0005353242158889,ok
single-block,eds,binary,2048,1,0.0004852386191487,ok
single-block,eds,binary,2048,2,0.0004834132269024,ok
single-block,eds,binary,2048,3,0.0005379924550652,ok
single-block,eds,binary,2048,4,0.0004863031208515,ok
single-block,eds,binary,4096,0,0.0006428975611925,ok
single-block,eds,binary,4096,1,0.0006059175357222,ok
single-block,eds,binary,4096,2,0.0005418853834271,ok
single-block,eds,binary,4096,3,0.0005426704883575,ok
single-block,eds,binary,4096,4,0.0005443124100565,ok
single-block,eds,binary,8192,0,0.0007315520197153,ok
single-block,eds,binary,8192,1,0.0006832359358668,ok
single-block,eds,binary,8192,2,0.000731011852622,ok
single-block,eds,binary,8192,3,0.000653812661767,ok
single-block,eds,binary,8192,4,0.0006537893787026,ok
single-block,eds,binary,16384,0,0.0010193260386586,ok
single-block,eds,binary,16384,1,0.0008844844996929,ok
single-block,eds,binary,16384,2,0.0008835401386022,ok
single-block,eds,binary,16384,3,0.0008843299001455,ok
single-block,eds,binary,16384,4,0.0008850125595927,ok
single-block,eds,binary,32768,0,0.0015743682160973,ok
single-block,eds,binary,32768,1,0.0013544457033276,ok
single-block,eds,binary,32768,2,0.001417052000761,ok
single-block,eds,binary,32768,3,0.0014328761026263,ok
single-block,eds,binary,32768,4,0.0014137513935565,ok
single-block,eds,binary,65536,0,0.0025767954066395,ok
single-block,eds,binary,65536,1,0.0022309981286525,ok
single-block,eds,binary,65536,2,0.002181121148169,ok
single-block,eds,binary,65536,3,0.0022286372259259,ok
single-block,eds,binary,65536,4,0.0022559920325875,ok
single-block,eds,binary,131072,0,0.0053781429305672,ok
single-block,eds,binary,131072,1,0.004683137871325,ok
single-block,eds,binary,131072,2,0.0047043645754456,ok
single-block,eds,binary,131072,3,0.0047118132933974,ok
single-block,eds,binary,131072,4,0.0047231139615178,ok
single-block,eds,binary,262144,0,0.0091363592073321,ok
single-block,eds,binary,262144,1,0.0089827952906489,ok
single-block,eds,binary,262144,2,0.0089974012225866,ok
single-block,eds,binary,262144,3,0.0090383319184184,ok
single-block,eds,binary,262144,4,0.0089751817286014,ok
single-block,eds,binary,524288,0,0.0183828510344028,ok
single-block,eds,binary,524288,1,0.0183190330862998,ok
single-block,eds,binary,524288,2,0.018335985019803,ok
single-block,eds,binary,524288,3,0.0182875022292137,ok
single-block,eds,binary,524288,4,0.0182994520291686,ok
single-block,eds,binary,1048576,0,0.0382624166086316,ok
single-block,eds,binary,1048576,1,0.0358939310535788,ok
single-block,eds,binary,1048576,2,0.0357836233451962,ok
single-block,eds,binary,1048576,3,0.0359501624479889,ok
single-block,eds,binary,1048576,4,0.0360370716080069,ok
single-block,etaf,binary,256,0,0.0010845195502042,ok
single-block,etaf,binary,256,1,0.0008708052337169,ok
single-block,etaf,binary,256,2,0.0008747773244976,ok
single-block,etaf,binary,256,3,0.0008419128134846,ok
single-block,etaf,binary,256,4,0.0008484385907649,ok
single-block,etaf,binary,512,0,0.0010319733992218,ok
single-block,etaf,binary,512,1,0.0009217336773872,ok
single-block,etaf,binary,512,2,0.0009242659434676,ok
single-block,etaf,binary,512,3,0.0009887460619211,ok
single-block,etaf,binary,512,4,0.0012650955468416,ok
single-block,etaf,binary,1024,0,0.0020269090309739,ok
single-block,etaf,binary,1024,1,0.0020670825615525,ok
single-block,etaf,binary,1024,2,0.0020462442189455,ok
single-block,etaf,binary,1024,3,0.0020861513912677,ok
single-block,etaf,binary,1024,4,0.0020767319947481,ok
single-block,etaf,binary,2048,0,0.0029174368828535,ok
single-block,etaf,binary,2048,1,0.0028856582939624,ok
single-block,etaf,binary,2048,2,0.0028712898492813,ok
single-block,etaf,binary,2048,3,0.0029231905937194,ok
single-block,etaf,binary,2048,4,0.0029027787968516,ok
single-block,etaf,binary,4096,0,0.0056023048236966,ok
single-block,etaf,binary,4096,1,0.0055713579058647,ok
single-block,etaf,binary,4096,2,0.0055395299568772,ok
single-block,etaf,binary,4096,3,0.0055331131443381,ok
single-block,etaf,binary,4096,4,0.0055658426135778,ok
single-block,etaf,binary,8192,0,0.0101073896512389,ok
single-block,etaf,binary,8192,1,0.0100419567897915,ok
single-block,etaf,binary,8192,2,0.0101545294746756,ok
single-block,etaf,binary,8192,3,0.0100575964897871,ok
single-block,etaf,binary,8192,4,0.0100564509630203,ok
single-block,etaf,binary,16384,0,0.0214750645682215,ok
single-block,etaf,binary,16384,1,0.0215292507782578,ok
single-block,etaf,binary,16384,2,0.021576234139502,ok
single-block,etaf,binary,16384,3,0.0217164680361747,ok
single-block,etaf,binary,16384,4,0.0215558316558599,ok
single-block,etaf,binary,32768,0,0.0420926455408334,ok
single-block,etaf,binary,32768,1,0.0418892297893762,ok
single-block,etaf,binary,32768,2,0.0419309055432677,ok
single-block,etaf,binary,32768,3,0.0422049975022673,ok
single-block,etaf,binary,32768,4,0.0418023550882935,ok
single-block,etaf,binary,65536,0,0.0497383521869778,ok
single-block,etaf,binary,65536,1,0.049302632920444,ok
single-block,etaf,binary,65536,2,0.049424615688622,ok
single-block,etaf,binary,65536,3,0.0493009062483906,ok
single-block,etaf,binary,65536,4,0.049437491223216,ok
single-block,etaf,binary,131072,0,0.1245637414976954,ok
single-block,etaf,binary,131072,1,0.1009204518049955,ok
single-block,etaf,binary,131072,2,0.1008475879207253,ok
single-block,etaf,binary,131072,3,0.1007346883416175,ok
single-block,etaf,binary,131072,4,0.1009039375931024,ok
single-block,etaf,binary,262144,0,0.2267426708713174,ok
single-block,etaf,binary,262144,1,0.2256120834499597,ok
single-block,etaf,binary,262144,2,0.2259027892723679,ok
single-block,etaf,binary,262144,3,0.2273376919329166,ok
single-block,etaf,binary,262144,4,0.2261400111019611,ok
single-block,etaf,binary,524288,0,0.5765490652993321,ok
single-block,etaf,binary,524288,1,0.579230297356844,ok
single-block,etaf,binary,524288,2,0.5769730154424906,ok
single-block,etaf,binary,524288,3,0.6028240295127034,ok
single-block,etaf,binary,524288,4,0.5778430560603738,ok
single-block,etaf,binary,1048576,0,0.9042659066617488,ok
single-block,etaf,binary,1048576,1,0.9012987343594432,ok
single-block,etaf,binary,1048576,2,0.9017430124804378,ok
single-block,etaf,binary,1048576,3,0.9023962123319508,ok
single-block,etaf,binary,1048576,4,0.9018384190276264,ok
single-block,lsaf,binary,256,0,0.0005027372390031,ok
single-block,lsaf,binary,256,1,0.0004686554893851,ok
single-block,lsaf,binary,256,2,0.0004592034965753,ok
single-block,lsaf,binary,256,3,0.0005252650007605,ok
single-block,lsaf,binary,256,4,0.0004647970199584,ok
single-block,lsaf,binary,512,0,0.000493892468512,ok
single-block,lsaf,binary,512,1,0.0005407473072409,ok
single-block,lsaf,binary,512,2,0.0004701977595686,ok
single-block,lsaf,binary,512,3,0.0004730066284537,ok
single-block,lsaf,binary,512,4,0.0004882244393229,ok
single-block,lsaf,binary,1024,0,0.000518599525094,ok
single-block,lsaf,binary,1024,1,0.0005025770515203,ok
single-block,lsaf,binary,1024,2,0.0005098572000861,ok
single-block,lsaf,binary,1024,3,0.0004945984110236,ok
single-block,lsaf,binary,1024,4,0.000549029558897,ok
single-block,lsaf,binary,2048,0,0.0005506072193384,ok
single-block,lsaf,binary,2048,1,0.0005484540015459,ok
single-block,lsaf,binary,2048,2,0.0005298173055052,ok
single-block,lsaf,binary,2048,3,0.0005299383774399,ok
single-block,lsaf,binary,2048,4,0.0006056819111108,ok
single-block,lsaf,binary,4096,0,0.0006073378026485,ok
single-block,lsaf,binary,4096,1,0.000582936219871,ok
single-block,lsaf,binary,4096,2,0.0005810931324958,ok
single-block,lsaf,binary,4096,3,0.000581020489335,ok
single-block,lsaf,binary,4096,4,0.000583529472351,ok
single-block,lsaf,binary,8192,0,0.0007098224014043,ok
single-block,lsaf,binary,8192,1,0.0007429365068674,ok
single-block,lsaf,binary,8192,2,0.0006828503683209,ok
single-block,lsaf,binary,8192,3,0.0006817895919084,ok
single-block,lsaf,binary,8192,4,0.0006829686462879,ok
single-block,lsaf,binary,16384,0,0.0009284727275371,ok
single-block,lsaf,binary,16384,1,0.0009734714403748,ok
single-block,lsaf,binary,16384,2,0.0008923439309,ok
single-block,lsaf,binary,16384,3,0.0008910130709409,ok
single-block,lsaf,binary,16384,4,0.0009076874703168,ok
single-block,lsaf,binary,32768,0,0.0013539623469114,ok
single-block,lsaf,binary,32768,1,0.001373860053718,ok
single-block,lsaf,binary,32768,2,0.0013596741482615,ok
single-block,lsaf,binary,32768,3,0.001294114626944,ok
single-block,lsaf,binary,32768,4,0.0012961775064468,ok
single-block,lsaf,binary,65536,0,0.0021104682236909,ok
single-block,lsaf,binary,65536,1,0.0021009081974625,ok
single-block,lsaf,binary,65536,2,0.0020850058645009,ok
single-block,lsaf,binary,65536,3,0.0020969985052943,ok
single-block,lsaf,binary,65536,4,0.0020245807245373,ok
single-block,lsaf,binary,131072,0,0.0043681412935256,ok
single-block,lsaf,binary,131072,1,0.0042770653963088,ok
single-block,lsaf,binary,131072,2,0.004273809492588,ok
single-block,lsaf,binary,131072,3,0.0042598014697432,ok
single-block,lsaf,binary,131072,4,0.0042438404634594,ok
single-block,lsaf,binary,262144,0,0.0081888167187571,ok
single-block,lsaf,binary,262144,1,0.0080680567771196,ok
single-block,lsaf,binary,262144,2,0.0080994823947548,ok
single-block,lsaf,binary,262144,3,0.0080845421180129,ok
single-block,lsaf,binary,262144,4,0.0080484235659241,ok
single-block,lsaf,binary,524288,0,0.0163019737228751,ok
single-block,lsaf,binary,524288,1,0.0164033956825733,ok
single-block,lsaf,binary,524288,2,0.0164215741679072,ok
single-block,lsaf,binary,524288,3,0.0165137909352779,ok
single-block,lsaf,binary,524288,4,0.0165100814774632,ok
single-block,lsaf,binary,1048576,0,0.0343474689871072,ok
single-block,lsaf,binary,1048576,1,0.034289775416255,ok
single-block,lsaf,binary,1048576,2,0.0343763614073395,ok
single-block,lsaf,binary,1048576,3,0.0341234253719449,ok
single-block,lsaf,binary,1048576,4,0.034131177701056,ok
single-block,mttd,binary,256,0,0.0004356866702437,ok
single-block,mttd,binary,256,1,0.0004059178754687,ok
single-block,mttd,binary,256,2,0.0004000049084424,ok
single-block,mttd,binary,256,3,0.000414228066802,ok
single-block,mttd,binary,256,4,0.0004015769809484,ok
single-block,mttd,binary,512,0,0.0004364782944321,ok
single-block,mttd,binary,512,1,0.0004142131656408,ok
single-block,mttd,binary,512,2,0.000445257872343,ok
single-block,mttd,binary,512,3,0.0004142858088016,ok
single-block,mttd,binary,512,4,0.0004579005762934,ok
single-block,mttd,binary,1024,0,0.0004546400159597,ok
single-block,mttd,binary,1024,1,0.0004645315930247,ok
single-block,mttd,binary,1024,2,0.0004297317937016,ok
single-block,mttd,binary,1024,3,0.0004298221319913,ok
single-block,mttd,binary,1024,4,0.0004468336701393,ok
single-block,mttd,binary,2048,0,0.0004856623709201,ok
single-block,mttd,binary,2048,1,0.0004637176170945,ok
single-block,mttd,binary,2048,2,0.0004749810323119,ok
single-block,mttd,binary,2048,3,0.0004620971158146,ok
single-block,mttd,binary,2048,4,0.000462238676846,ok
single-block,mttd,binary,4096,0,0.0005374588072299,ok
single-block,mttd,binary,4096,1,0.0005153138190507,ok
single-block,mttd,binary,4096,2,0.0005158307030797,ok
single-block,mttd,binary,4096,3,0.0005146386101841,ok
single-block,mttd,binary,4096,4,0.0005152486264705,ok
single-block,mttd,binary,8192,0,0.0006444416940212,ok
single-block,mttd,binary,8192,1,0.0006353184580802,ok
single-block,mttd,binary,8192,2,0.000618452206254,ok
single-block,mttd,binary,8192,3,0.0006179120391607,ok
single-block,mttd,binary,8192,4,0.0006183693185448,ok
single-block,mttd,binary,16384,0,0.0008686603978276,ok
single-block,mttd,binary,16384,1,0.0008549271151423,ok
single-block,mttd,binary,16384,2,0.0008932091295719,ok
single-block,mttd,binary,16384,3,0.0008328584954142,ok
single-block,mttd,binary,16384,4,0.0008332943543791,ok
single-block,mttd,binary,32768,0,0.0013090120628476,ok
single-block,mttd,binary,32768,1,0.0012448029592633,ok
single-block,mttd,binary,32768,2,0.0012445105239748,ok
single-block,mttd,binary,32768,3,0.0012477925047278,ok
single-block,mttd,binary,32768,4,0.0012469831854104,ok
single-block,mttd,binary,65536,0,0.0021153427660465,ok
single-block,mttd,binary,65536,1,0.002059374935925,ok
single-block,mttd,binary,65536,2,0.0020643128082156,ok
single-block,mttd,binary,65536,3,0.0019897976890206,ok
single-block,mttd,binary,65536,4,0.0019903071224689,ok
single-block,mttd,binary,131072,0,0.0044439388439059,ok
single-block,mttd,binary,131072,1,0.0043382281437516,ok
single-block,mttd,binary,131072,2,0.0043321494013071,ok
single-block,mttd,binary,131072,3,0.0043297512456774,ok
single-block,mttd,binary,131072,4,0.0043378751724958,ok
single-block,mttd,binary,262144,0,0.0084130736067891,ok
single-block,mttd,binary,262144,1,0.0082633262500166,ok
single-block,mttd,binary,262144,2,0.0082300920039415,ok
single-block,mttd,binary,262144,3,0.0082029765471816,ok
single-block,mttd,binary,262144,4,0.0082670301198959,ok
single-block,mttd,binary,524288,0,0.0168121494352817,ok
single-block,mttd,binary,524288,1,0.0168663915246725,ok
single-block,mttd,binary,524288,2,0.0170330796390771,ok
single-block,mttd,binary,524288,3,0.0168140521273016,ok
single-block,mttd,binary,524288,4,0.0169385969638824,ok
single-block,mttd,binary,1048576,0,0.0330046312883496,ok
single-block,mttd,binary,1048576,1,0.0331516349688172,ok
single-block,mttd,binary,1048576,2,0.0329729178920388,ok
single-block,mttd,binary,1048576,3,0.0329930642619729,ok
single-block,mttd,binary,1048576,4,0.0330114979296922,ok
single-block,nab_score,binary,256,0,0.0020257979631423,ok
single-block,nab_score,binary,256,1,0.001726028509438,ok
single-block,nab_score,binary,256,2,0.0017235912382602,ok
single-block,nab_score,binary,256,3,0.0017252014949917,ok
single-block,nab_score,binary,256,4,0.0017220387235283,ok
single-block,nab_score,binary,512,0,0.0029370579868555,ok
single-block,nab_score,binary,512,1,0.002871848642826,ok
single-block,nab_score,binary,512,2,0.0028915731236338,ok
single-block,nab_score,binary,512,3,0.0029638260602951,ok
single-block,nab_score,binary,512,4,0.0028947256505489,ok
single-block,nab_score,binary,1024,0,0.0052000880241394,ok
single-block,nab_score,binary,1024,1,0.0051664235070347,ok
single-block,nab_score,binary,1024,2,0.0051808394491672,ok
single-block,nab_score,binary,1024,3,0.005182821303606,ok
single-block,nab_score,binary,1024,4,0.0051883151754736,ok
single-block,nab_score,binary,2048,0,0.0097040208056569,ok
single-block,nab_score,binary,2048,1,0.0097667733207345,ok
single-block,nab_score,binary,2048,2,0.0096837533637881,ok
single-block,nab_score,binary,2048,3,0.0242835497483611,ok
single-block,nab_score,binary,2048,4,0.0097006792202591,ok
single-block,nab_score,binary,4096,0,0.0186702106148004,ok
single-block,nab_score,binary,4096,1,0.0187566643580794,ok
single-block,nab_score,binary,4096,2,0.0186293656006455,ok
single-block,nab_score,binary,4096,3,0.0187392812222242,ok
single-block,nab_score,binary,4096,4,0.0187431639060378,ok
single-block,nab_score,binary,8192,0,0.0369468266144394,ok
single-block,nab_score,binary,8192,1,0.0373039161786437,ok
single-block,nab_score,binary,8192,2,0.0374862989410758,ok
single-block,nab_score,binary,8192,3,0.0510882474482059,ok
single-block,nab_score,binary,8192,4,0.0367029272019863,ok
single-block,nab_score,binary,16384,0,0.0755899669602513,ok
single-block,nab_score,binary,16384,1,0.0735215004533529,ok
single-block,nab_score,binary,16384,2,0.0889477906748652,ok
single-block,nab_score,binary,16384,3,0.073846636340022,ok
single-block,nab_score,binary,16384,4,0.0734712611883878,ok
single-block,nab_score,binary,32768,0,0.1644722828641533,ok
single-block,nab_score,binary,32768,1,0.1675883922725916,ok
single-block,nab_score,binary,32768,2,0.1653657034039497,ok
single-block,nab_score,binary,32768,3,0.1470776563510298,ok
single-block,nab_score,binary,32768,4,0.1651560999453067,ok
single-block,nab_score,binary,65536,0,0.3239427329972386,ok
single-block,nab_score,binary,65536,1,0.333287488669157,ok
single-block,nab_score,binary,65536,2,0.3128602970391512,ok
single-block,nab_score,binary,65536,3,0.3362197587266564,ok
single-block,nab_score,binary,65536,4,0.3114618090912699,ok
single-block,nab_score,binary,131072,0,0.6850675763562322,ok
single-block,nab_score,binary,131072,1,0.6886561121791601,ok
single-block,nab_score,binary,131072,2,0.6573382820934057,ok
single-block,nab_score,binary,131072,3,0.6798250628635287,ok
single-block,nab_score,binary,131072,4,0.6835001902654767,ok
single-block,nab_score,binary,262144,0,1.4875910598784683,ok
single-block,nab_score,binary,262144,1,1.4029037663713098,ok
single-block,nab_score,binary,262144,2,1.4391690837219355,ok
single-block,nab_score,binary,262144,3,1.4649177622050047,ok
single-block,nab_score,binary,262144,4,1.403709369711578,ok
single-block,nab_score,binary,524288,0,3.087723981589079,ok
single-block,nab_score,binary,524288,1,3.0040583005174994,ok
single-block,nab_score,binary,524288,2,3.090864705853164,ok
single-block,nab_score,binary,524288,3,2.995337063446641,ok
single-block,nab_score,binary,524288,4,3.0547835379838943,ok
single-block,nab_score,binary,1048576,0,6.216981564648449,ok
single-block,nab_score,binary,1048576,1,6.248319478705525,ok
single-block,nab_score,binary,1048576,2,6.175671459175646,ok
single-block,nab_score,binary,1048576,3,6.242594740353525,ok
single-block,nab_score,binary,1048576,4,6.280059644952416,ok
single-block,naff_f,binary,256,0,0.0006556930020451,ok
single-block,naff_f,binary,256,1,0.0006043566390872,ok
single-block,naff_f,binary,256,2,0.0006018765270709,ok
single-block,naff_f,binary,256,3,0.0005988189950585,ok
single-block,naff_f,binary,256,4,0.0005979100242257,ok
single-block,naff_f,binary,512,0,0.0006792740896344,ok
single-block,naff_f,binary,512,1,0.00065921805799,ok
single-block,naff_f,binary,512,2,0.0006587067618966,ok
single-block,naff_f,binary,512,3,0.0006608543917536,ok
single-block,naff_f,binary,512,4,0.0006892075762152,ok
single-block,naff_f,binary,1024,0,0.0007690917700529,ok
single-block,naff_f,binary,1024,1,0.0007695155218243,ok
single-block,naff_f,binary,1024,2,0.0007549533620476,ok
single-block,naff_f,binary,1024,3,0.0007591098546981,ok
single-block,naff_f,binary,1024,4,0.0007545072585344,ok
single-block,naff_f,binary,2048,0,0.0009686602279543,ok
single-block,naff_f,binary,2048,1,0.0009484449401497,ok
single-block,naff_f,binary,2048,2,0.0009507033973932,ok
single-block,naff_f,binary,2048,3,0.0009749857708811,ok
single-block,naff_f,binary,2048,4,0.0009506475180387,ok
single-block,naff_f,binary,4096,0,0.0012661544606089,ok
single-block,naff_f,binary,4096,1,0.0013063987717032,ok
single-block,naff_f,binary,4096,2,0.0012456849217414,ok
single-block,naff_f,binary,4096,3,0.0012437887489795,ok
single-block,naff_f,binary,4096,4,0.001296074129641,ok
single-block,naff_f,binary,8192,0,0.0019203387200832,ok
single-block,naff_f,binary,8192,1,0.0018830234184861,ok
single-block,naff_f,binary,8192,2,0.0018358035013079,ok
single-block,naff_f,binary,8192,3,0.0018571037799119,ok
single-block,naff_f,binary,8192,4,0.0018700724467635,ok
single-block,naff_f,binary,16384,0,0.0031057819724082,ok
single-block,naff_f,binary,16384,1,0.0030492367222905,ok
single-block,naff_f,binary,16384,2,0.0030911872163414,ok
single-block,naff_f,binary,16384,3,0.0030692033469676,ok
single-block,naff_f,binary,16384,4,0.0030812686309218,ok
single-block,naff_f,binary,32768,0,0.0064847059547901,ok
single-block,naff_f,binary,32768,1,0.0063196150586009,ok
single-block,naff_f,binary,32768,2,0.0062251575291156,ok
single-block,naff_f,binary,32768,3,0.0062986370176076,ok
single-block,naff_f,binary,32768,4,0.0063246637582778,ok
single-block,naff_f,binary,65536,0,0.0133963758125901,ok
single-block,naff_f,binary,65536,1,0.0133142108097672,ok
single-block,naff_f,binary,65536,2,0.0132512804120779,ok
single-block,naff_f,binary,65536,3,0.0133585939183831,ok
single-block,naff_f,binary,65536,4,0.0133502017706632,ok
single-block,naff_f,binary,131072,0,0.025093188509345,ok
single-block,naff_f,binary,131072,1,0.0249215299263596,ok
single-block,naff_f,binary,131072,2,0.0249716760590672,ok
single-block,naff_f,binary,131072,3,0.0250027878209948,ok
single-block,naff_f,binary,131072,4,0.0250534759834408,ok
single-block,naff_f,binary,262144,0,0.048214734531939,ok
single-block,naff_f,binary,262144,1,0.0479984004050493,ok
single-block,naff_f,binary,262144,2,0.0481049371883273,ok
single-block,naff_f,binary,262144,3,0.0480279140174388,ok
single-block,naff_f,binary,262144,4,0.0480319038033485,ok
single-block,naff_f,binary,524288,0,0.08782958984375,ok
single-block,naff_f,binary,524288,1,0.0880435109138488,ok
single-block,naff_f,binary,524288,2,0.0853658951818943,ok
single-block,naff_f,binary,524288,3,0.0854750676080584,ok
single-block,naff_f,binary,524288,4,0.0855395318940281,ok
single-block,naff_f,binary,1048576,0,0.190868086181581,ok
single-block,naff_f,binary,1048576,1,0.1862336248159408,ok
single-block,naff_f,binary,1048576,2,0.1865087067708373,ok
single-block,naff_f,binary,1048576,3,0.1864702329039573,ok
single-block,naff_f,binary,1048576,4,0.2120456155389547,ok
single-block,pa_auc_pr,continuous,256,0,0.006799123249948,ok
single-block,pa_auc_pr,continuous,256,1,0.0064082583412528,ok
single-block,pa_auc_pr,continuous,256,2,0.0063039511442184,ok
single-block,pa_auc_pr,continuous,256,3,0.00633140001446,ok
single-block,pa_auc_pr,continuous,256,4,0.0063022812828421,ok
single-block,pa_auc_pr,continuous,512,0,0.0123944617807865,ok
single-block,pa_auc_pr,continuous,512,1,0.0122140888124704,ok
single-block,pa_auc_pr,continuous,512,2,0.0122112203389406,ok
single-block,pa_auc_pr,continuous,512,3,0.0122963758185505,ok
single-block,pa_auc_pr,continuous,512,4,0.0123653402552008,ok
single-block,pa_auc_pr,continuous,1024,0,0.0240196771919727,ok
single-block,pa_auc_pr,continuous,1024,1,0.0237219203263521,ok
single-block,pa_auc_pr,continuous,1024,2,0.0238546319305896,ok
single-block,pa_auc_pr,continuous,1024,3,0.0236375303938984,ok
single-block,pa_auc_pr,continuous,1024,4,0.0237760357558727,ok
single-block,pa_auc_pr,continuous,2048,0,0.0467227445915341,ok
single-block,pa_auc_pr,continuous,2048,1,0.0463327588513493,ok
single-block,pa_auc_pr,continuous,2048,2,0.0468484982848167,ok
single-block,pa_auc_pr,continuous,2048,3,0.0467082448303699,ok
single-block,pa_auc_pr,continuous,2048,4,0.0466251242905855,ok
single-block,pa_auc_pr,continuous,4096,0,0.0930787408724427,ok
single-block,pa_auc_pr,continuous,4096,1,0.0936075709760189,ok
single-block,pa_auc_pr,continuous,4096,2,0.0926085896790027,ok
single-block,pa_auc_pr,continuous,4096,3,0.0936095993965864,ok
single-block,pa_auc_pr,continuous,4096,4,0.0928757451474666,ok
single-block,pa_auc_pr,continuous,8192,0,0.1853941520676016,ok
single-block,pa_auc_pr,continuous,8192,1,0.1844321005046367,ok
single-block,pa_auc_pr,continuous,8192,2,0.183874218724668,ok
single-block,pa_auc_pr,continuous,8192,3,0.1847804673016071,ok
single-block,pa_auc_pr,continuous,8192,4,0.1840612608939409,ok
single-block,pa_auc_pr,continuous,16384,0,0.3674671659246087,ok
single-block,pa_auc_pr,continuous,16384,1,0.3670613635331392,ok
single-block,pa_auc_pr,continuous,16384,2,0.3651487715542316,ok
single-block,pa_auc_pr,continuous,16384,3,0.3677330296486616,ok
single-block,pa_auc_pr,continuous,16384,4,0.3632213659584522,ok
single-block,pa_auc_pr,continuous,32768,0,0.7400540504604578,ok
single-block,pa_auc_pr,continuous,32768,1,0.7375901807099581,ok
single-block,pa_auc_pr,continuous,32768,2,0.7374171679839492,ok
single-block,pa_auc_pr,continuous,32768,3,0.7409775517880917,ok
single-block,pa_auc_pr,continuous,32768,4,0.7405120907351375,ok
single-block,pa_auc_pr,continuous,65536,0,1.466824021190405,ok
single-block,pa_auc_pr,continuous,65536,1,1.4675540616735816,ok
single-block,pa_auc_pr,continuous,65536,2,1.462789404205978,ok
single-block,pa_auc_pr,continuous,65536,3,1.4659681199118495,ok
single-block,pa_auc_pr,continuous,65536,4,1.464222250506282,ok
single-block,pa_auc_pr,continuous,131072,0,2.9322674283757806,ok
single-block,pa_auc_pr,continuous,131072,1,2.9525993373245,ok
single-block,pa_auc_pr,continuous,131072,2,2.937878188677132,ok
single-block,pa_auc_pr,continuous,131072,3,2.927399775013328,ok
single-block,pa_auc_pr,continuous,131072,4,2.937349612824619,ok
single-block,pa_auc_pr,continuous,262144,0,5.873701239004731,ok
single-block,pa_auc_pr,continuous,262144,1,5.907371469773352,ok
single-block,pa_auc_pr,continuous,262144,2,5.852053754962981,ok
single-block,pa_auc_pr,continuous,262144,3,5.882446959614754,ok
single-block,pa_auc_pr,continuous,262144,4,5.881423551589251,ok
single-block,pa_auc_pr,continuous,524288,0,11.874361585825682,ok
single-block,pa_auc_pr,continuous,524288,1,11.846995200030506,ok
single-block,pa_auc_pr,continuous,524288,2,11.822479744441807,ok
single-block,pa_auc_pr,continuous,524288,3,11.803214942105114,ok
single-block,pa_auc_pr,continuous,524288,4,11.923806014470756,ok
single-block,pa_auc_pr,continuous,1048576,0,23.5469489376992,ok
single-block,pa_auc_pr,continuous,1048576,1,23.55743875168264,ok
single-block,pa_auc_pr,continuous,1048576,2,23.548257463611662,ok
single-block,pa_auc_pr,continuous,1048576,3,23.548000846989453,ok
single-block,pa_auc_pr,continuous,1048576,4,23.611734826117758,ok
single-block,pa_auc_roc,continuous,256,0,0.0065848473459482,ok
single-block,pa_auc_roc,continuous,256,1,0.0063341297209262,ok
single-block,pa_auc_roc,continuous,256,2,0.0063174664974212,ok
single-block,pa_auc_roc,continuous,256,3,0.0063106892630457,ok
single-block,pa_auc_roc,continuous,256,4,0.0063191652297973,ok
single-block,pa_auc_roc,continuous,512,0,0.0122426226735115,ok
single-block,pa_auc_roc,continuous,512,1,0.0122514022514224,ok
single-block,pa_auc_roc,continuous,512,2,0.0121539970859885,ok
single-block,pa_auc_roc,continuous,512,3,0.012250792235136,ok
single-block,pa_auc_roc,continuous,512,4,0.0122449453920125,ok
single-block,pa_auc_roc,continuous,1024,0,0.0237350538372993,ok
single-block,pa_auc_roc,continuous,1024,1,0.0236027752980589,ok
single-block,pa_auc_roc,continuous,1024,2,0.0235106600448489,ok
single-block,pa_auc_roc,continuous,1024,3,0.0235319081693887,ok
single-block,pa_auc_roc,continuous,1024,4,0.0234464341774582,ok
single-block,pa_auc_roc,continuous,2048,0,0.0465843956917524,ok
single-block,pa_auc_roc,continuous,2048,1,0.0464591477066278,ok
single-block,pa_auc_roc,continuous,2048,2,0.0466546108946204,ok
single-block,pa_auc_roc,continuous,2048,3,0.0464488882571458,ok
single-block,pa_auc_roc,continuous,2048,4,0.0465537952259182,ok
single-block,pa_auc_roc,continuous,4096,0,0.0932713458314538,ok
single-block,pa_auc_roc,continuous,4096,1,0.0926170302554965,ok
single-block,pa_auc_roc,continuous,4096,2,0.0924433534964919,ok
single-block,pa_auc_roc,continuous,4096,3,0.0925412680953741,ok
single-block,pa_auc_roc,continuous,4096,4,0.0925792269408702,ok
single-block,pa_auc_roc,continuous,8192,0,0.183827661909163,ok
single-block,pa_auc_roc,continuous,8192,1,0.1840941431000828,ok
single-block,pa_auc_roc,continuous,8192,2,0.183625565841794,ok
single-block,pa_auc_roc,continuous,8192,3,0.1835239427164197,ok
single-block,pa_auc_roc,continuous,8192,4,0.1845666915178299,ok
single-block,pa_auc_roc,continuous,16384,0,0.3654172951355576,ok
single-block,pa_auc_roc,continuous,16384,1,0.3640544088557362,ok
single-block,pa_auc_roc,continuous,16384,2,0.3648868659511208,ok
single-block,pa_auc_roc,continuous,16384,3,0.3647820660844445,ok
single-block,pa_auc_roc,continuous,16384,4,0.367269585840404,ok
single-block,pa_auc_roc,continuous,32768,0,0.7361348671838641,ok
single-block,pa_auc_roc,continuous,32768,1,0.734983541071415,ok
single-block,pa_auc_roc,continuous,32768,2,0.7343988716602325,ok
single-block,pa_auc_roc,continuous,32768,3,0.7357105724513531,ok
single-block,pa_auc_roc,continuous,32768,4,0.7291042553260922,ok
single-block,pa_auc_roc,continuous,65536,0,1.46256504021585,ok
single-block,pa_auc_roc,continuous,65536,1,1.4691232638433576,ok
single-block,pa_auc_roc,continuous,65536,2,1.4628859693184495,ok
single-block,pa_auc_roc,continuous,65536,3,1.4533514380455017,ok
single-block,pa_auc_roc,continuous,65536,4,1.4478464256972077,ok
single-block,pa_auc_roc,continuous,131072,0,2.902178301475942,ok
single-block,pa_auc_roc,continuous,131072,1,2.905319658108056,ok
single-block,pa_auc_roc,continuous,131072,2,2.936980560421944,ok
single-block,pa_auc_roc,continuous,131072,3,2.926302829757333,ok
single-block,pa_auc_roc,continuous,131072,4,2.931699398905039,ok
single-block,pa_auc_roc,continuous,262144,0,5.823204042389989,ok
single-block,pa_auc_roc,continuous,262144,1,5.822006068192422,ok
single-block,pa_auc_roc,continuous,262144,2,5.828931496478617,ok
single-block,pa_auc_roc,continuous,262144,3,5.846511075273156,ok
single-block,pa_auc_roc,continuous,262144,4,5.865489684045315,ok
single-block,pa_auc_roc,continuous,524288,0,11.79759160708636,ok
single-block,pa_auc_roc,continuous,524288,1,11.73438594955951,ok
single-block,pa_auc_roc,continuous,524288,2,11.703258683905004,ok
single-block,pa_auc_roc,continuous,524288,3,11.720018290914595,ok
single-block,pa_auc_roc,continuous,524288,4,11.796729533933105,ok
single-block,pa_auc_roc,continuous,1048576,0,23.31877321004868,ok
single-block,pa_auc_roc,continuous,1048576,1,23.347062278538942,ok
single-block,pa_auc_roc,continuous,1048576,2,23.374365192838013,ok
single-block,pa_auc_roc,continuous,1048576,3,23.404695510864254,ok
single-block,pa_auc_roc,continuous,1048576,4,23.45771281607449,ok
single-block,paf,binary,256,0,0.0005643693730235,ok
single-block,paf,binary,256,1,0.0004754206165671,ok
single-block,paf,binary,256,2,0.0004991488531231,ok
single-block,paf,binary,256,3,0.0004659490659832,ok
single-block,paf,binary,256,4,0.0004697339609265,ok
single-block,paf,binary,512,0,0.000511722639203,ok
single-block,paf,binary,512,1,0.0004815002903342,ok
single-block,paf,binary,512,2,0.0005171373486518,ok
single-block,paf,binary,512,3,0.0004813838750123,ok
single-block,paf,binary,512,4,0.0004816353321075,ok
single-block,paf,binary,1024,0,0.000533515587449,ok
single-block,paf,binary,1024,1,0.0005058487877249,ok
single-block,paf,binary,1024,2,0.000502735376358,ok
single-block,paf,binary,1024,3,0.0005041938275098,ok
single-block,paf,binary,1024,4,0.0005034357309341,ok
single-block,paf,binary,2048,0,0.0005681226029992,ok
single-block,paf,binary,2048,1,0.0005760891363024,ok
single-block,paf,binary,2048,2,0.0005842009559273,ok
single-block,paf,binary,2048,3,0.0005384171381592,ok
single-block,paf,binary,2048,4,0.0005439734086394,ok
single-block,paf,binary,4096,0,0.000619244761765,ok
single-block,paf,binary,4096,1,0.0005923006683588,ok
single-block,paf,binary,4096,2,0.0005913274362683,ok
single-block,paf,binary,4096,3,0.0005902852863073,ok
single-block,paf,binary,4096,4,0.0005920464172959,ok
single-block,paf,binary,8192,0,0.0007610069587826,ok
single-block,paf,binary,8192,1,0.0007138755172491,ok
single-block,paf,binary,8192,2,0.0006991019472479,ok
single-block,paf,binary,8192,3,0.0006988449022173,ok
single-block,paf,binary,8192,4,0.0006980802863836,ok
single-block,paf,binary,16384,0,0.0009506046772003,ok
single-block,paf,binary,16384,1,0.0009410791099071,ok
single-block,paf,binary,16384,2,0.0009072544053196,ok
single-block,paf,binary,16384,3,0.0009512854740023,ok
single-block,paf,binary,16384,4,0.000977462157607,ok
single-block,paf,binary,32768,0,0.0014019971713423,ok
single-block,paf,binary,32768,1,0.001318460330367,ok
single-block,paf,binary,32768,2,0.0013380171731114,ok
single-block,paf,binary,32768,3,0.0013162642717361,ok
single-block,paf,binary,32768,4,0.0013376772403717,ok
single-block,paf,binary,65536,0,0.0022010765969753,ok
single-block,paf,binary,65536,1,0.0020469650626182,ok
single-block,paf,binary,65536,2,0.002062052488327,ok
single-block,paf,binary,65536,3,0.002091989852488,ok
single-block,paf,binary,65536,4,0.0020450102165341,ok
single-block,paf,binary,131072,0,0.0044234795495867,ok
single-block,paf,binary,131072,1,0.0043335882946848,ok
single-block,paf,binary,131072,2,0.0043296627700328,ok
single-block,paf,binary,131072,3,0.0043117757886648,ok
single-block,paf,binary,131072,4,0.0043823942542076,ok
single-block,paf,binary,262144,0,0.0082837445661425,ok
single-block,paf,binary,262144,1,0.0080843707546591,ok
single-block,paf,binary,262144,2,0.0081571601331233,ok
single-block,paf,binary,262144,3,0.0081430710852146,ok
single-block,paf,binary,262144,4,0.0081294570118188,ok
single-block,paf,binary,524288,0,0.0167045565322041,ok
single-block,paf,binary,524288,1,0.0169318160042166,ok
single-block,paf,binary,524288,2,0.0166278583928942,ok
single-block,paf,binary,524288,3,0.0168107841163873,ok
single-block,paf,binary,524288,4,0.0168542526662349,ok
single-block,paf,binary,1048576,0,0.0329266898334026,ok
single-block,paf,binary,1048576,1,0.0331014608964324,ok
single-block,paf,binary,1048576,2,0.0331501541659235,ok
single-block,paf,binary,1048576,3,0.0331462575122714,ok
single-block,paf,binary,1048576,4,0.033230859786272,ok
single-block,pak,continuous,256,0,0.0004040170460939,ok
single-block,pak,continuous,256,1,0.0002665389329195,ok
single-block,pak,continuous,256,2,0.0002735387533903,ok
single-block,pak,continuous,256,3,0.0002716220915317,ok
single-block,pak,continuous,256,4,0.0002736700698733,ok
single-block,pak,continuous,512,0,0.0002907151356339,ok
single-block,pak,continuous,512,1,0.0003424389287829,ok
single-block,pak,continuous,512,2,0.0003500115126371,ok
single-block,pak,continuous,512,3,0.0003494154661893,ok
single-block,pak,continuous,512,4,0.0003448128700256,ok
single-block,pak,continuous,1024,0,0.0003807488828897,ok
single-block,pak,continuous,1024,1,0.0013115415349602,ok
single-block,pak,continuous,1024,2,0.0003222078084945,ok
single-block,pak,continuous,1024,3,0.0003351578488945,ok
single-block,pak,continuous,1024,4,0.0003192443400621,ok
single-block,pak,continuous,2048,0,0.0004596645012497,ok
single-block,pak,continuous,2048,1,0.0003570681437849,ok
single-block,pak,continuous,2048,2,0.0003685345873236,ok
single-block,pak,continuous,2048,3,0.0003539398312568,ok
single-block,pak,continuous,2048,4,0.000358710065484,ok
single-block,pak,continuous,4096,0,0.0005873274058103,ok
single-block,pak,continuous,4096,1,0.0005738260224461,ok
single-block,pak,continuous,4096,2,0.00051577296108,ok
single-block,pak,continuous,4096,3,0.0004997514188289,ok
single-block,pak,continuous,4096,4,0.000520241446793,ok
single-block,pak,continuous,8192,0,0.0009024562314152,ok
single-block,pak,continuous,8192,1,0.0006038155406713,ok
single-block,pak,continuous,8192,2,0.0005917837843298,ok
single-block,pak,continuous,8192,3,0.0005792044103145,ok
single-block,pak,continuous,8192,4,0.0006156228482723,ok
single-block,pak,continuous,16384,0,0.0014269333332777,ok
single-block,pak,continuous,16384,1,0.0008932594209909,ok
single-block,pak,continuous,16384,2,0.0010017454624176,ok
single-block,pak,continuous,16384,3,0.0008941013365983,ok
single-block,pak,continuous,16384,4,0.0008952608332037,ok
single-block,pak,continuous,32768,0,0.0018348162993788,ok
single-block,pak,continuous,32768,1,0.0015135006979107,ok
single-block,pak,continuous,32768,2,0.0014883847907185,ok
single-block,pak,continuous,32768,3,0.0014996137470006,ok
single-block,pak,continuous,32768,4,0.0015001399442553,ok
single-block,pak,continuous,65536,0,0.0032718935981392,ok
single-block,pak,continuous,65536,1,0.002509644255042,ok
single-block,pak,continuous,65536,2,0.0025144461542367,ok
single-block,pak,continuous,65536,3,0.0025633433833718,ok
single-block,pak,continuous,65536,4,0.0025338046252727,ok
single-block,pak,continuous,131072,0,0.0068698339164257,ok
single-block,pak,continuous,131072,1,0.0054117841646075,ok
single-block,pak,continuous,131072,2,0.0054372185841202,ok
single-block,pak,continuous,131072,3,0.0053940992802381,ok
single-block,pak,continuous,131072,4,0.0053931251168251,ok
single-block,pak,continuous,262144,0,0.012180202640593,ok
single-block,pak,continuous,262144,1,0.0091567309573292,ok
single-block,pak,continuous,262144,2,0.0091653559356927,ok
single-block,pak,continuous,262144,3,0.0086724683642387,ok
single-block,pak,continuous,262144,4,0.0087491897866129,ok
single-block,pak,continuous,524288,0,0.0200687302276492,ok
single-block,pak,continuous,524288,1,0.0164995631203055,ok
single-block,pak,continuous,524288,2,0.0166092487052083,ok
single-block,pak,continuous,524288,3,0.0166412694379687,ok
single-block,pak,continuous,524288,4,0.0166392279788851,ok
single-block,pak,continuous,1048576,0,0.0332083757966756,ok
single-block,pak,continuous,1048576,1,0.0314350826665759,ok
single-block,pak,continuous,1048576,2,0.0311896735802292,ok
single-block,pak,continuous,1048576,3,0.0312632257118821,ok
single-block,pak,continuous,1048576,4,0.0312840826809406,ok
single-block,pakf,binary,256,0,0.0005512898787856,ok
single-block,pakf,binary,256,1,0.0004649739712476,ok
single-block,pakf,binary,256,2,0.0004514008760452,ok
single-block,pakf,binary,256,3,0.0004527997225522,ok
single-block,pakf,binary,256,4,0.0004589147865772,ok
single-block,pakf,binary,512,0,0.0004948945716023,ok
single-block,pakf,binary,512,1,0.0004686173051595,ok
single-block,pakf,binary,512,2,0.0004767319187521,ok
single-block,pakf,binary,512,3,0.0004975972697138,ok
single-block,pakf,binary,512,4,0.000470332801342,ok
single-block,pakf,binary,1024,0,0.0005179718136787,ok
single-block,pakf,binary,1024,1,0.0004954235628247,ok
single-block,pakf,binary,1024,2,0.0004956759512424,ok
single-block,pakf,binary,1024,3,0.0004981737583875,ok
single-block,pakf,binary,1024,4,0.0004901532083749,ok
single-block,pakf,binary,2048,0,0.000550446100533,ok
single-block,pakf,binary,2048,1,0.0005228407680988,ok
single-block,pakf,binary,2048,2,0.0005230046808719,ok
single-block,pakf,binary,2048,3,0.0005455967038869,ok
single-block,pakf,binary,2048,4,0.0005241092294454,ok
single-block,pakf,binary,4096,0,0.0006187669932842,ok
single-block,pakf,binary,4096,1,0.0005895858630537,ok
single-block,pakf,binary,4096,2,0.0006386674940586,ok
single-block,pakf,binary,4096,3,0.0005862368270754,ok
single-block,pakf,binary,4096,4,0.0005880231037735,ok
single-block,pakf,binary,8192,0,0.0007439898326992,ok
single-block,pakf,binary,8192,1,0.0007308814674615,ok
single-block,pakf,binary,8192,2,0.0007157241925597,ok
single-block,pakf,binary,8192,3,0.0007096184417605,ok
single-block,pakf,binary,8192,4,0.0007134862244129,ok
single-block,pakf,binary,16384,0,0.001004884019494,ok
single-block,pakf,binary,16384,1,0.0009491192176938,ok
single-block,pakf,binary,16384,2,0.0010008662939071,ok
single-block,pakf,binary,16384,3,0.0009515415877103,ok
single-block,pakf,binary,16384,4,0.0009870901703834,ok
single-block,pakf,binary,32768,0,0.0015154965221881,ok
single-block,pakf,binary,32768,1,0.0014902232214808,ok
single-block,pakf,binary,32768,2,0.0014350684359669,ok
single-block,pakf,binary,32768,3,0.0014349250122904,ok
single-block,pakf,binary,32768,4,0.0014256937429308,ok
single-block,pakf,binary,65536,0,0.0023449398577213,ok
single-block,pakf,binary,65536,1,0.0022848201915621,ok
single-block,pakf,binary,65536,2,0.0023399097844958,ok
single-block,pakf,binary,65536,3,0.0022603664547204,ok
single-block,pakf,binary,65536,4,0.0022610668092966,ok
single-block,pakf,binary,131072,0,0.0052506877109408,ok
single-block,pakf,binary,131072,1,0.0051370151340961,ok
single-block,pakf,binary,131072,2,0.0051439637318253,ok
single-block,pakf,binary,131072,3,0.0050808489322662,ok
single-block,pakf,binary,131072,4,0.005085252225399,ok
single-block,pakf,binary,262144,0,0.0100114168599247,ok
single-block,pakf,binary,262144,1,0.0097778663039207,ok
single-block,pakf,binary,262144,2,0.009743177331984,ok
single-block,pakf,binary,262144,3,0.0097430776804685,ok
single-block,pakf,binary,262144,4,0.0096566099673509,ok
single-block,pakf,binary,524288,0,0.0189598798751831,ok
single-block,pakf,binary,524288,1,0.0187743008136749,ok
single-block,pakf,binary,524288,2,0.0187498079612851,ok
single-block,pakf,binary,524288,3,0.0186893930658698,ok
single-block,pakf,binary,524288,4,0.0187333514913916,ok
single-block,pakf,binary,1048576,0,0.0492939762771129,ok
single-block,pakf,binary,1048576,1,0.0512046674266457,ok
single-block,pakf,binary,1048576,2,0.0512280529364943,ok
single-block,pakf,binary,1048576,3,0.0513615906238555,ok
single-block,pakf,binary,1048576,4,0.0512500395998358,ok
single-block,paklf,binary,256,0,0.0010731751099228,ok
single-block,paklf,binary,256,1,0.0006000027060508,ok
single-block,paklf,binary,256,2,0.0005775336176156,ok
single-block,paklf,binary,256,3,0.0005401214584708,ok
single-block,paklf,binary,256,4,0.0005557667464017,ok
single-block,paklf,binary,512,0,0.000598881393671,ok
single-block,paklf,binary,512,1,0.0005717277526855,ok
single-block,paklf,binary,512,2,0.0005522398278117,ok
single-block,paklf,binary,512,3,0.0005509005859494,ok
single-block,paklf,binary,512,4,0.0005693780258297,ok
single-block,paklf,binary,1024,0,0.0006252564489841,ok
single-block,paklf,binary,1024,1,0.0006107287481427,ok
single-block,paklf,binary,1024,2,0.0006055869162082,ok
single-block,paklf,binary,1024,3,0.0006017154082655,ok
single-block,paklf,binary,1024,4,0.0005993274971842,ok
single-block,paklf,binary,2048,0,0.0006707496941089,ok
single-block,paklf,binary,2048,1,0.0006458349525928,ok
single-block,paklf,binary,2048,2,0.0006466833874583,ok
single-block,paklf,binary,2048,3,0.0006422773003578,ok
single-block,paklf,binary,2048,4,0.0006414661183953,ok
single-block,paklf,binary,4096,0,0.0007949993014335,ok
single-block,paklf,binary,4096,1,0.0007618069648742,ok
single-block,paklf,binary,4096,2,0.0007736515253782,ok
single-block,paklf,binary,4096,3,0.0007626861333847,ok
single-block,paklf,binary,4096,4,0.000775896012783,ok
single-block,paklf,binary,8192,0,0.0009933169931173,ok
single-block,paklf,binary,8192,1,0.0009550293907523,ok
single-block,paklf,binary,8192,2,0.000942813232541,ok
single-block,paklf,binary,8192,3,0.0009531555697321,ok
single-block,paklf,binary,8192,4,0.0009515089914202,ok
single-block,paklf,binary,16384,0,0.001429964788258,ok
single-block,paklf,binary,16384,1,0.0013374434784054,ok
single-block,paklf,binary,16384,2,0.0013250652700662,ok
single-block,paklf,binary,16384,3,0.0013258121907711,ok
single-block,paklf,binary,16384,4,0.0013341708108782,ok
single-block,paklf,binary,32768,0,0.0022985255345702,ok
single-block,paklf,binary,32768,1,0.0020552240312099,ok
single-block,paklf,binary,32768,2,0.0020713619887828,ok
single-block,paklf,binary,32768,3,0.0020664259791374,ok
single-block,paklf,binary,32768,4,0.0020529394969344,ok
single-block,paklf,binary,65536,0,0.0036790864542126,ok
single-block,paklf,binary,65536,1,0.0034030117094516,ok
single-block,paklf,binary,65536,2,0.0033975066617131,ok
single-block,paklf,binary,65536,3,0.0033995416015386,ok
single-block,paklf,binary,65536,4,0.0034013362601399,ok
single-block,paklf,binary,131072,0,0.0070047853514552,ok
single-block,paklf,binary,131072,1,0.0064857201650738,ok
single-block,paklf,binary,131072,2,0.0065010655671358,ok
single-block,paklf,binary,131072,3,0.0065393131226301,ok
single-block,paklf,binary,131072,4,0.0064806742593646,ok
single-block,paklf,binary,262144,0,0.0130411824211478,ok
single-block,paklf,binary,262144,1,0.0130362659692764,ok
single-block,paklf,binary,262144,2,0.0129234753549098,ok
single-block,paklf,binary,262144,3,0.0129428943619132,ok
single-block,paklf,binary,262144,4,0.0130187906324863,ok
single-block,paklf,binary,524288,0,0.0258088437840342,ok
single-block,paklf,binary,524288,1,0.0257880892604589,ok
single-block,paklf,binary,524288,2,0.0257158307358622,ok
single-block,paklf,binary,524288,3,0.0256235161796212,ok
single-block,paklf,binary,524288,4,0.0257086874917149,ok
single-block,paklf,binary,1048576,0,0.068726229481399,ok
single-block,paklf,binary,1048576,1,0.062764179892838,ok
single-block,paklf,binary,1048576,2,0.0627585183829069,ok
single-block,paklf,binary,1048576,3,0.0627533048391342,ok
single-block,paklf,binary,1048576,4,0.0627364218235015,ok
single-block,pate,continuous,256,0,0.3247668175026774,ok
single-block,pate,continuous,256,1,0.3236301494762301,ok
single-block,pate,continuous,256,2,0.323818108998239,ok
single-block,pate,continuous,256,3,0.3242069240659475,ok
single-block,pate,continuous,256,4,0.3264303198084235,ok
single-block,pate,continuous,512,0,0.7688621049746871,ok
single-block,pate,continuous,512,1,0.7677503321319818,ok
single-block,pate,continuous,512,2,0.7688869778066874,ok
single-block,pate,continuous,512,3,0.7683997731655836,ok
single-block,pate,continuous,512,4,0.763854531571269,ok
single-block,pate,continuous,1024,0,2.494252025149762,ok
single-block,pate,continuous,1024,1,2.506321650929749,ok
single-block,pate,continuous,1024,2,2.499576362781226,ok
single-block,pate,continuous,1024,3,2.510992460884154,ok
single-block,pate,continuous,1024,4,2.4990553511306643,ok
single-block,pate,continuous,2048,0,7.96179008949548,ok
single-block,pate,continuous,2048,1,7.958421929739416,ok
single-block,pate,continuous,2048,2,7.97008029744029,ok
single-block,pate,continuous,2048,3,7.932878679595888,ok
single-block,pate,continuous,2048,4,7.978927792981267,ok
single-block,pate,continuous,4096,0,30.24338752869517,ok
single-block,pate,continuous,4096,1,30.414239088073373,ok
single-block,pate,continuous,4096,2,30.3504995694384,ok
single-block,pate,continuous,4096,3,30.332535681314766,ok
single-block,pate,continuous,4096,4,30.242938984185457,ok
single-block,pate,continuous,8192,0,117.93287219107152,ok
single-block,pate,continuous,8192,1,117.56171304825692,ok
single-block,pate,continuous,8192,2,117.8509018914774,ok
single-block,pate,continuous,8192,3,117.7064692908898,ok
single-block,pate,continuous,8192,4,117.78341937065125,ok
single-block,pate,continuous,16384,0,484.64463206287473,ok
single-block,pate,continuous,16384,1,485.5516732381657,ok
single-block,pate,continuous,16384,2,484.7491250839085,ok
single-block,pate,continuous,16384,3,485.908820528537,ok
single-block,pate,continuous,16384,4,484.6937140095979,ok
single-block,pate,continuous,32768,0,1898.735639036633,ok
single-block,pate,continuous,32768,1,1898.1619991138575,ok
single-block,pate,continuous,32768,2,1900.3145892452449,ok
single-block,pate,continuous,32768,3,1896.212928114459,ok
single-block,pate,continuous,32768,4,1899.485959916376,ok
single-block,pate,continuous,65536,0,7631.818183691241,ok
single-block,pate,continuous,65536,1,7685.987591282465,ok
single-block,pate,continuous,65536,2,7666.000935812481,ok
single-block,pate,continuous,65536,3,7629.781291612424,ok
single-block,pate,continuous,65536,4,7657.951527549885,ok
single-block,pate,continuous,131072,0,31082.13874721248,ok
single-block,pate,continuous,131072,1,31050.777217317373,ok
single-block,pate,continuous,131072,2,31146.97716199886,ok
single-block,pate,continuous,131072,3,31087.17102305498,ok
single-block,pate,continuous,131072,4,31018.815847849477,ok
single-block,pate,continuous,262144,0,86400.0,timeout
single-block,pate,continuous,262144,1,86400.0,timeout
single-block,pate,continuous,262144,2,86400.0,timeout
single-block,pate,continuous,262144,3,86400.0,timeout
single-block,pate,continuous,262144,4,86400.0,timeout
single-block,pate,continuous,524288,0,86400.0,timeout
single-block,pate,continuous,524288,1,86400.0,timeout
single-block,pate,continuous,524288,2,86400.0,timeout
single-block,pate,continuous,524288,3,86400.0,timeout
single-block,pate,continuous,524288,4,86400.0,timeout
single-block,pate,continuous,1048576,0,86400.0,timeout
single-block,pate,continuous,1048576,1,86400.0,timeout
single-block,pate,continuous,1048576,2,86400.0,timeout
single-block,pate,continuous,1048576,3,86400.0,timeout
single-block,pate,continuous,1048576,4,86400.0,timeout
single-block,pate_f1,binary,256,0,0.0017373766750097,ok
single-block,pate_f1,binary,256,1,0.0016057360917329,ok
single-block,pate_f1,binary,256,2,0.0015927357599139,ok
single-block,pate_f1,binary,256,3,0.0015658056363463,ok
single-block,pate_f1,binary,256,4,0.0015748711302876,ok
single-block,pate_f1,binary,512,0,0.0013348627835512,ok
single-block,pate_f1,binary,512,1,0.0013186866417527,ok
single-block,pate_f1,binary,512,2,0.0013103112578392,ok
single-block,pate_f1,binary,512,3,0.0013172039762139,ok
single-block,pate_f1,binary,512,4,0.0013109194114804,ok
single-block,pate_f1,binary,1024,0,0.0052306083962321,ok
single-block,pate_f1,binary,1024,1,0.0052341176196932,ok
single-block,pate_f1,binary,1024,2,0.0052328202873468,ok
single-block,pate_f1,binary,1024,3,0.0052161188796162,ok
single-block,pate_f1,binary,1024,4,0.0051866509020328,ok
single-block,pate_f1,binary,2048,0,0.0274628102779388,ok
single-block,pate_f1,binary,2048,1,0.0274285543709993,ok
single-block,pate_f1,binary,2048,2,0.0275579402223229,ok
single-block,pate_f1,binary,2048,3,0.0279462356120347,ok
single-block,pate_f1,binary,2048,4,0.0276599992066621,ok
single-block,pate_f1,binary,4096,0,0.0766040263697505,ok
single-block,pate_f1,binary,4096,1,0.0765689201653003,ok
single-block,pate_f1,binary,4096,2,0.075935480184853,ok
single-block,pate_f1,binary,4096,3,0.0772362165153026,ok
single-block,pate_f1,binary,4096,4,0.0757416123524308,ok
single-block,pate_f1,binary,8192,0,0.208204174414277,ok
single-block,pate_f1,binary,8192,1,0.2084987433627247,ok
single-block,pate_f1,binary,8192,2,0.2074637087062001,ok
single-block,pate_f1,binary,8192,3,0.2092703729867935,ok
single-block,pate_f1,binary,8192,4,0.2071153689175844,ok
single-block,pate_f1,binary,16384,0,0.4762868657708168,ok
single-block,pate_f1,binary,16384,1,0.4749351851642132,ok
single-block,pate_f1,binary,16384,2,0.4768095789477229,ok
single-block,pate_f1,binary,16384,3,0.4766260292381048,ok
single-block,pate_f1,binary,16384,4,0.475507783703506,ok
single-block,pate_f1,binary,32768,0,2.1456068381667137,ok
single-block,pate_f1,binary,32768,1,2.1228855596855283,ok
single-block,pate_f1,binary,32768,2,2.102583476342261,ok
single-block,pate_f1,binary,32768,3,2.1459444146603346,ok
single-block,pate_f1,binary,32768,4,2.111204861663282,ok
single-block,pate_f1,binary,65536,0,32.42348155193031,ok
single-block,pate_f1,binary,65536,1,30.974740028381348,ok
single-block,pate_f1,binary,65536,2,31.070061062462628,ok
single-block,pate_f1,binary,65536,3,31.14541185740381,ok
single-block,pate_f1,binary,65536,4,31.08240051753819,ok
single-block,pate_f1,binary,131072,0,85.82407225295901,ok
single-block,pate_f1,binary,131072,1,85.20093628950417,ok
single-block,pate_f1,binary,131072,2,86.40839334111661,ok
single-block,pate_f1,binary,131072,3,85.44580326974392,ok
single-block,pate_f1,binary,131072,4,86.77293031755835,ok
single-block,pate_f1,binary,262144,0,253.23689134884623,ok
single-block,pate_f1,binary,262144,1,252.92452195845544,ok
single-block,pate_f1,binary,262144,2,254.0746351853013,ok
single-block,pate_f1,binary,262144,3,254.15731497853997,ok
single-block,pate_f1,binary,262144,4,252.11509643029424,ok
single-block,pate_f1,binary,524288,0,199.029512594454,ok
single-block,pate_f1,binary,524288,1,198.7846462521702,ok
single-block,pate_f1,binary,524288,2,200.048660078086,ok
single-block,pate_f1,binary,524288,3,198.4497533896938,ok
single-block,pate_f1,binary,524288,4,197.69131678529084,ok
single-block,pate_f1,binary,1048576,0,4178.540115457028,ok
single-block,pate_f1,binary,1048576,1,4120.697986787185,ok
single-block,pate_f1,binary,1048576,2,4128.31852025073,ok
single-block,pate_f1,binary,1048576,3,4128.561965577304,ok
single-block,pate_f1,binary,1048576,4,4119.597772745416,ok
single-block,pw_auc_pr,continuous,256,0,0.0005637053400278,ok
single-block,pw_auc_pr,continuous,256,1,0.0003997255116701,ok
single-block,pw_auc_pr,continuous,256,2,0.0003948509693145,ok
single-block,pw_auc_pr,continuous,256,3,0.00039276573807,ok
single-block,pw_auc_pr,continuous,256,4,0.0004022857174277,ok
single-block,pw_auc_pr,continuous,512,0,0.0004869448021054,ok
single-block,pw_auc_pr,continuous,512,1,0.0004277750849723,ok
single-block,pw_auc_pr,continuous,512,2,0.0006170403212308,ok
single-block,pw_auc_pr,continuous,512,3,0.0005472805351018,ok
single-block,pw_auc_pr,continuous,512,4,0.0006161723285913,ok
single-block,pw_auc_pr,continuous,1024,0,0.0007558781653642,ok
single-block,pw_auc_pr,continuous,1024,1,0.0007007857784628,ok
single-block,pw_auc_pr,continuous,1024,2,0.0007062293589115,ok
single-block,pw_auc_pr,continuous,1024,3,0.0007049292325973,ok
single-block,pw_auc_pr,continuous,1024,4,0.0006974162533879,ok
single-block,pw_auc_pr,continuous,2048,0,0.0008863946422934,ok
single-block,pw_auc_pr,continuous,2048,1,0.0008717533200979,ok
single-block,pw_auc_pr,continuous,2048,2,0.000873134471476,ok
single-block,pw_auc_pr,continuous,2048,3,0.0008766409009695,ok
single-block,pw_auc_pr,continuous,2048,4,0.0008652657270431,ok
single-block,pw_auc_pr,continuous,4096,0,0.0012312186881899,ok
single-block,pw_auc_pr,continuous,4096,1,0.0012180600315332,ok
single-block,pw_auc_pr,continuous,4096,2,0.0012409444898366,ok
single-block,pw_auc_pr,continuous,4096,3,0.0012232353910803,ok
single-block,pw_auc_pr,continuous,4096,4,0.001218719407916,ok
single-block,pw_auc_pr,continuous,8192,0,0.0019740480929613,ok
single-block,pw_auc_pr,continuous,8192,1,0.0019214749336242,ok
single-block,pw_auc_pr,continuous,8192,2,0.0019246870651841,ok
single-block,pw_auc_pr,continuous,8192,3,0.0019078655168414,ok
single-block,pw_auc_pr,continuous,8192,4,0.0019199587404727,ok
single-block,pw_auc_pr,continuous,16384,0,0.0036926306784152,ok
single-block,pw_auc_pr,continuous,16384,1,0.0029482739046216,ok
single-block,pw_auc_pr,continuous,16384,2,0.002953534014523,ok
single-block,pw_auc_pr,continuous,16384,3,0.0029716715216636,ok
single-block,pw_auc_pr,continuous,16384,4,0.0029496299102902,ok
single-block,pw_auc_pr,continuous,32768,0,0.0058668684214353,ok
single-block,pw_auc_pr,continuous,32768,1,0.0056475475430488,ok
single-block,pw_auc_pr,continuous,32768,2,0.0056395297870039,ok
single-block,pw_auc_pr,continuous,32768,3,0.0056389281526207,ok
single-block,pw_auc_pr,continuous,32768,4,0.005642544478178,ok
single-block,pw_auc_pr,continuous,65536,0,0.0119710741564631,ok
single-block,pw_auc_pr,continuous,65536,1,0.0114629780873656,ok
single-block,pw_auc_pr,continuous,65536,2,0.0114390738308429,ok
single-block,pw_auc_pr,continuous,65536,3,0.0114606404677033,ok
single-block,pw_auc_pr,continuous,65536,4,0.0114927506074309,ok
single-block,pw_auc_pr,continuous,131072,0,0.0220014993101358,ok
single-block,pw_auc_pr,continuous,131072,1,0.0209123371168971,ok
single-block,pw_auc_pr,continuous,131072,2,0.0208539478480815,ok
single-block,pw_auc_pr,continuous,131072,3,0.0208489783108234,ok
single-block,pw_auc_pr,continuous,131072,4,0.0209158658981323,ok
single-block,pw_auc_pr,continuous,262144,0,0.0464178854599595,ok
single-block,pw_auc_pr,continuous,262144,1,0.0443606534972786,ok
single-block,pw_auc_pr,continuous,262144,2,0.0444528190419077,ok
single-block,pw_auc_pr,continuous,262144,3,0.044353287667036,ok
single-block,pw_auc_pr,continuous,262144,4,0.0442970329895615,ok
single-block,pw_auc_pr,continuous,524288,0,0.0980347041040659,ok
single-block,pw_auc_pr,continuous,524288,1,0.0921244546771049,ok
single-block,pw_auc_pr,continuous,524288,2,0.0913484673947095,ok
single-block,pw_auc_pr,continuous,524288,3,0.0913936868309974,ok
single-block,pw_auc_pr,continuous,524288,4,0.0912500582635402,ok
single-block,pw_auc_pr,continuous,1048576,0,0.2041239431127905,ok
single-block,pw_auc_pr,continuous,1048576,1,0.2091425070539116,ok
single-block,pw_auc_pr,continuous,1048576,2,0.2091403426602482,ok
single-block,pw_auc_pr,continuous,1048576,3,0.2080009253695607,ok
single-block,pw_auc_pr,continuous,1048576,4,0.207669367082417,ok
single-block,pw_auc_roc,continuous,256,0,0.0009353905916213,ok
single-block,pw_auc_roc,continuous,256,1,0.0006532557308673,ok
single-block,pw_auc_roc,continuous,256,2,0.0006230007857084,ok
single-block,pw_auc_roc,continuous,256,3,0.0019463840872049,ok
single-block,pw_auc_roc,continuous,256,4,0.0006495006382465,ok
single-block,pw_auc_roc,continuous,512,0,0.0007056277245283,ok
single-block,pw_auc_roc,continuous,512,1,0.0006597070023417,ok
single-block,pw_auc_roc,continuous,512,2,0.0006552413105964,ok
single-block,pw_auc_roc,continuous,512,3,0.0006793811917304,ok
single-block,pw_auc_roc,continuous,512,4,0.0006566634401679,ok
single-block,pw_auc_roc,continuous,1024,0,0.0007946174591779,ok
single-block,pw_auc_roc,continuous,1024,1,0.0007435837760567,ok
single-block,pw_auc_roc,continuous,1024,2,0.0007356079295277,ok
single-block,pw_auc_roc,continuous,1024,3,0.000723828561604,ok
single-block,pw_auc_roc,continuous,1024,4,0.0007406203076243,ok
single-block,pw_auc_roc,continuous,2048,0,0.0009679188951849,ok
single-block,pw_auc_roc,continuous,2048,1,0.0008621336892247,ok
single-block,pw_auc_roc,continuous,2048,2,0.0008647721260786,ok
single-block,pw_auc_roc,continuous,2048,3,0.0008621262386441,ok
single-block,pw_auc_roc,continuous,2048,4,0.0008688168600201,ok
single-block,pw_auc_roc,continuous,4096,0,0.0019383179023861,ok
single-block,pw_auc_roc,continuous,4096,1,0.0011539589613676,ok
single-block,pw_auc_roc,continuous,4096,2,0.0011719148606061,ok
single-block,pw_auc_roc,continuous,4096,3,0.0011689597740769,ok
single-block,pw_auc_roc,continuous,4096,4,0.0012114467099308,ok
single-block,pw_auc_roc,continuous,8192,0,0.0019693272188305,ok
single-block,pw_auc_roc,continuous,8192,1,0.0017315009608864,ok
single-block,pw_auc_roc,continuous,8192,2,0.0017320467159152,ok
single-block,pw_auc_roc,continuous,8192,3,0.0017352597787976,ok
single-block,pw_auc_roc,continuous,8192,4,0.0017377855256199,ok
single-block,pw_auc_roc,continuous,16384,0,0.0034270798787474,ok
single-block,pw_auc_roc,continuous,16384,1,0.0029819067567586,ok
single-block,pw_auc_roc,continuous,16384,2,0.0029948931187391,ok
single-block,pw_auc_roc,continuous,16384,3,0.0029613571241497,ok
single-block,pw_auc_roc,continuous,16384,4,0.0029834741726517,ok
single-block,pw_auc_roc,continuous,32768,0,0.0059283515438437,ok
single-block,pw_auc_roc,continuous,32768,1,0.0056001245975494,ok
single-block,pw_auc_roc,continuous,32768,2,0.005591157823801,ok
single-block,pw_auc_roc,continuous,32768,3,0.005582389421761,ok
single-block,pw_auc_roc,continuous,32768,4,0.0055778445675969,ok
single-block,pw_auc_roc,continuous,65536,0,0.0116922315210103,ok
single-block,pw_auc_roc,continuous,65536,1,0.0112122381106019,ok
single-block,pw_auc_roc,continuous,65536,2,0.011227574199438,ok
single-block,pw_auc_roc,continuous,65536,3,0.0111591340973973,ok
single-block,pw_auc_roc,continuous,65536,4,0.0111943064257502,ok
single-block,pw_auc_roc,continuous,131072,0,0.0241112206131219,ok
single-block,pw_auc_roc,continuous,131072,1,0.0231813043355941,ok
single-block,pw_auc_roc,continuous,131072,2,0.023196991533041,ok
single-block,pw_auc_roc,continuous,131072,3,0.0231653163209557,ok
single-block,pw_auc_roc,continuous,131072,4,0.0231662867590785,ok
single-block,pw_auc_roc,continuous,262144,0,0.0511670066043734,ok
single-block,pw_auc_roc,continuous,262144,1,0.039952197112143,ok
single-block,pw_auc_roc,continuous,262144,2,0.0397533318027854,ok
single-block,pw_auc_roc,continuous,262144,3,0.0402242615818977,ok
single-block,pw_auc_roc,continuous,262144,4,0.0399120645597577,ok
single-block,pw_auc_roc,continuous,524288,0,0.0893592275679111,ok
single-block,pw_auc_roc,continuous,524288,1,0.0815644403919577,ok
single-block,pw_auc_roc,continuous,524288,2,0.0818576253950595,ok
single-block,pw_auc_roc,continuous,524288,3,0.0816883388906717,ok
single-block,pw_auc_roc,continuous,524288,4,0.0815578056499362,ok
single-block,pw_auc_roc,continuous,1048576,0,0.1976703088730573,ok
single-block,pw_auc_roc,continuous,1048576,1,0.1951760286465287,ok
single-block,pw_auc_roc,continuous,1048576,2,0.1945829493924975,ok
single-block,pw_auc_roc,continuous,1048576,3,0.1947483839467167,ok
single-block,pw_auc_roc,continuous,1048576,4,0.1947302296757698,ok
single-block,pwf,binary,256,0,0.000834435224533,ok
single-block,pwf,binary,256,1,0.0004183100536465,ok
single-block,pwf,binary,256,2,0.0003946274518966,ok
single-block,pwf,binary,256,3,0.0003829319030046,ok
single-block,pwf,binary,256,4,0.0003971615806221,ok
single-block,pwf,binary,512,0,0.0004052575677633,ok
single-block,pwf,binary,512,1,0.0004008188843727,ok
single-block,pwf,binary,512,2,0.0003967741504311,ok
single-block,pwf,binary,512,3,0.0004080655053257,ok
single-block,pwf,binary,512,4,0.0003964537754654,ok
single-block,pwf,binary,1024,0,0.0004245257005095,ok
single-block,pwf,binary,1024,1,0.0004240619018673,ok
single-block,pwf,binary,1024,2,0.0004324903711676,ok
single-block,pwf,binary,1024,3,0.0004279566928744,ok
single-block,pwf,binary,1024,4,0.0004205843433737,ok
single-block,pwf,binary,2048,0,0.000462356954813,ok
single-block,pwf,binary,2048,1,0.0004921983927488,ok
single-block,pwf,binary,2048,2,0.0004490502178668,ok
single-block,pwf,binary,2048,3,0.000449476763606,ok
single-block,pwf,binary,2048,4,0.0004639737308025,ok
single-block,pwf,binary,4096,0,0.0005226042121648,ok
single-block,pwf,binary,4096,1,0.0005002273246645,ok
single-block,pwf,binary,4096,2,0.0004996797069907,ok
single-block,pwf,binary,4096,3,0.0004994869232177,ok
single-block,pwf,binary,4096,4,0.0004979223012924,ok
single-block,pwf,binary,8192,0,0.0006554331630468,ok
single-block,pwf,binary,8192,1,0.0006050253286957,ok
single-block,pwf,binary,8192,2,0.000601302832365,ok
single-block,pwf,binary,8192,3,0.0006088837981224,ok
single-block,pwf,binary,8192,4,0.000601646490395,ok
single-block,pwf,binary,16384,0,0.0009105280041694,ok
single-block,pwf,binary,16384,1,0.0008087065070867,ok
single-block,pwf,binary,16384,2,0.0008051050826907,ok
single-block,pwf,binary,16384,3,0.0008044196292757,ok
single-block,pwf,binary,16384,4,0.0008056946098804,ok
single-block,pwf,binary,32768,0,0.0015323255211114,ok
single-block,pwf,binary,32768,1,0.0012116217985749,ok
single-block,pwf,binary,32768,2,0.001227743923664,ok
single-block,pwf,binary,32768,3,0.0012119635939598,ok
single-block,pwf,binary,32768,4,0.0012112744152545,ok
single-block,pwf,binary,65536,0,0.0023541590198874,ok
single-block,pwf,binary,65536,1,0.0019514318555593,ok
single-block,pwf,binary,65536,2,0.0019742967560887,ok
single-block,pwf,binary,65536,3,0.0019521014764904,ok
single-block,pwf,binary,65536,4,0.0019575115293264,ok
single-block,pwf,binary,131072,0,0.0046215020120143,ok
single-block,pwf,binary,131072,1,0.0049062874168157,ok
single-block,pwf,binary,131072,2,0.0044376868754625,ok
single-block,pwf,binary,131072,3,0.0044426107779145,ok
single-block,pwf,binary,131072,4,0.0044867387041449,ok
single-block,pwf,binary,262144,0,0.0100314151495695,ok
single-block,pwf,binary,262144,1,0.0095258699730038,ok
single-block,pwf,binary,262144,2,0.009916796348989,ok
single-block,pwf,binary,262144,3,0.0091226221993565,ok
single-block,pwf,binary,262144,4,0.0091274641454219,ok
single-block,pwf,binary,524288,0,0.0192137211561203,ok
single-block,pwf,binary,524288,1,0.0181203335523605,ok
single-block,pwf,binary,524288,2,0.018083244562149,ok
single-block,pwf,binary,524288,3,0.0181420724838972,ok
single-block,pwf,binary,524288,4,0.0181195074692368,ok
single-block,pwf,binary,1048576,0,0.0403252830728888,ok
single-block,pwf,binary,1048576,1,0.0399517072364687,ok
single-block,pwf,binary,1048576,2,0.0399282285943627,ok
single-block,pwf,binary,1048576,3,0.0399719700217247,ok
single-block,pwf,binary,1048576,4,0.03967194724828,ok
single-block,rbf,binary,256,0,0.0009008962661027,ok
single-block,rbf,binary,256,1,0.0006729997694492,ok
single-block,rbf,binary,256,2,0.0006658462807536,ok
single-block,rbf,binary,256,3,0.0006555886939167,ok
single-block,rbf,binary,256,4,0.0006569884717464,ok
single-block,rbf,binary,512,0,0.0007584271952509,ok
single-block,rbf,binary,512,1,0.0006825337186455,ok
single-block,rbf,binary,512,2,0.0006817411631345,ok
single-block,rbf,binary,512,3,0.0006810277700424,ok
single-block,rbf,binary,512,4,0.0006820438429713,ok
single-block,rbf,binary,1024,0,0.000786617398262,ok
single-block,rbf,binary,1024,1,0.0007367730140686,ok
single-block,rbf,binary,1024,2,0.0007317932322621,ok
single-block,rbf,binary,1024,3,0.0007361555472016,ok
single-block,rbf,binary,1024,4,0.0007360558956861,ok
single-block,rbf,binary,2048,0,0.0008701393380761,ok
single-block,rbf,binary,2048,1,0.0008426755666732,ok
single-block,rbf,binary,2048,2,0.0008266763761639,ok
single-block,rbf,binary,2048,3,0.0008283201605081,ok
single-block,rbf,binary,2048,4,0.0008618021383881,ok
single-block,rbf,binary,4096,0,0.0010852012783288,ok
single-block,rbf,binary,4096,1,0.0014230776578187,ok
single-block,rbf,binary,4096,2,0.0013149008154869,ok
single-block,rbf,binary,4096,3,0.0012847408652305,ok
single-block,rbf,binary,4096,4,0.0012818900868296,ok
single-block,rbf,binary,8192,0,0.0016470365226268,ok
single-block,rbf,binary,8192,1,0.0016636783257126,ok
single-block,rbf,binary,8192,2,0.0016718003898859,ok
single-block,rbf,binary,8192,3,0.0016706194728612,ok
single-block,rbf,binary,8192,4,0.001682979054749,ok
single-block,rbf,binary,16384,0,0.0024730954319238,ok
single-block,rbf,binary,16384,1,0.0024639125913381,ok
single-block,rbf,binary,16384,2,0.0024521136656403,ok
single-block,rbf,binary,16384,3,0.0024686241522431,ok
single-block,rbf,binary,16384,4,0.0024521937593817,ok
single-block,rbf,binary,32768,0,0.0044844513759016,ok
single-block,rbf,binary,32768,1,0.0045106755569577,ok
single-block,rbf,binary,32768,2,0.0044924039393663,ok
single-block,rbf,binary,32768,3,0.0045080399140715,ok
single-block,rbf,binary,32768,4,0.0045016091316938,ok
single-block,rbf,binary,65536,0,0.0086716832593083,ok
single-block,rbf,binary,65536,1,0.0082142855972051,ok
single-block,rbf,binary,65536,2,0.0081524373963475,ok
single-block,rbf,binary,65536,3,0.0082392264157533,ok
single-block,rbf,binary,65536,4,0.0081620356068015,ok
single-block,rbf,binary,131072,0,0.0149726094678044,ok
single-block,rbf,binary,131072,1,0.0148083707317709,ok
single-block,rbf,binary,131072,2,0.0148245533928275,ok
single-block,rbf,binary,131072,3,0.0149559509009122,ok
single-block,rbf,binary,131072,4,0.0148416385054588,ok
single-block,rbf,binary,262144,0,0.0286506228148937,ok
single-block,rbf,binary,262144,1,0.0281662996858358,ok
single-block,rbf,binary,262144,2,0.0281425239518284,ok
single-block,rbf,binary,262144,3,0.0282599553465843,ok
single-block,rbf,binary,262144,4,0.0282357074320316,ok
single-block,rbf,binary,524288,0,0.0510547719895839,ok
single-block,rbf,binary,524288,1,0.0509351436048746,ok
single-block,rbf,binary,524288,2,0.0505278352648019,ok
single-block,rbf,binary,524288,3,0.0509141245856881,ok
single-block,rbf,binary,524288,4,0.0511495200917124,ok
single-block,rbf,binary,1048576,0,0.1127928737550973,ok
single-block,rbf,binary,1048576,1,0.1131166033446788,ok
single-block,rbf,binary,1048576,2,0.102472273632884,ok
single-block,rbf,binary,1048576,3,0.0923349019140005,ok
single-block,rbf,binary,1048576,4,0.092611314728856,ok
single-block,swf,binary,256,0,0.0006601540371775,ok
single-block,swf,binary,256,1,0.0005013570189476,ok
single-block,swf,binary,256,2,0.0004935674369335,ok
single-block,swf,binary,256,3,0.0004860591143369,ok
single-block,swf,binary,256,4,0.0004919003695249,ok
single-block,swf,binary,512,0,0.0005586044862866,ok
single-block,swf,binary,512,1,0.0005676848813891,ok
single-block,swf,binary,512,2,0.0005106814205646,ok
single-block,swf,binary,512,3,0.0005057696253061,ok
single-block,swf,binary,512,4,0.0005063004791736,ok
single-block,swf,binary,1024,0,0.0005817357450723,ok
single-block,swf,binary,1024,1,0.0005654199048876,ok
single-block,swf,binary,1024,2,0.0005294680595397,ok
single-block,swf,binary,1024,3,0.0005485331639647,ok
single-block,swf,binary,1024,4,0.0005298443138599,ok
single-block,swf,binary,2048,0,0.0006407825276255,ok
single-block,swf,binary,2048,1,0.0005756579339504,ok
single-block,swf,binary,2048,2,0.000575996004045,ok
single-block,swf,binary,2048,3,0.0005771266296505,ok
single-block,swf,binary,2048,4,0.0005815597251057,ok
single-block,swf,binary,4096,0,0.0007544122636318,ok
single-block,swf,binary,4096,1,0.0006480365991592,ok
single-block,swf,binary,4096,2,0.0006620520725846,ok
single-block,swf,binary,4096,3,0.0006509162485599,ok
single-block,swf,binary,4096,4,0.0006467746570706,ok
single-block,swf,binary,8192,0,0.0008933078497648,ok
single-block,swf,binary,8192,1,0.0007936265319585,ok
single-block,swf,binary,8192,2,0.0007916456088423,ok
single-block,swf,binary,8192,3,0.0007962621748447,ok
single-block,swf,binary,8192,4,0.0008211350068449,ok
single-block,swf,binary,16384,0,0.0012228544801473,ok
single-block,swf,binary,16384,1,0.0010824371129274,ok
single-block,swf,binary,16384,2,0.0010995371267199,ok
single-block,swf,binary,16384,3,0.0011163353919982,ok
single-block,swf,binary,16384,4,0.001151418313384,ok
single-block,swf,binary,32768,0,0.002081693150103,ok
single-block,swf,binary,32768,1,0.0018157148733735,ok
single-block,swf,binary,32768,2,0.0017349533736705,ok
single-block,swf,binary,32768,3,0.0018112482503056,ok
single-block,swf,binary,32768,4,0.0017526149749755,ok
single-block,swf,binary,65536,0,0.0033316006883978,ok
single-block,swf,binary,65536,1,0.0029121497645974,ok
single-block,swf,binary,65536,2,0.0029094638302922,ok
single-block,swf,binary,65536,3,0.0029437812045216,ok
single-block,swf,binary,65536,4,0.0029242802411317,ok
single-block,swf,binary,131072,0,0.0070492904633283,ok
single-block,swf,binary,131072,1,0.0062824031338095,ok
single-block,swf,binary,131072,2,0.0062357913702726,ok
single-block,swf,binary,131072,3,0.0062240986153483,ok
single-block,swf,binary,131072,4,0.0062392819672822,ok
single-block,swf,binary,262144,0,0.0133051378652453,ok
single-block,swf,binary,262144,1,0.0119599131867289,ok
single-block,swf,binary,262144,2,0.0119302198290824,ok
single-block,swf,binary,262144,3,0.0119317807257175,ok
single-block,swf,binary,262144,4,0.0119529254734516,ok
single-block,swf,binary,524288,0,0.0261774891987442,ok
single-block,swf,binary,524288,1,0.0238601975142955,ok
single-block,swf,binary,524288,2,0.0238014115020632,ok
single-block,swf,binary,524288,3,0.0239525157958269,ok
single-block,swf,binary,524288,4,0.0237838784232735,ok
single-block,swf,binary,1048576,0,0.0514721423387527,ok
single-block,swf,binary,1048576,1,0.046455955132842,ok
single-block,swf,binary,1048576,2,0.0465702237561345,ok
single-block,swf,binary,1048576,3,0.0460855010896921,ok
single-block,swf,binary,1048576,4,0.0459844199940562,ok
single-block,taf,binary,256,0,0.0009487746283411,ok
single-block,taf,binary,256,1,0.0008594114333391,ok
single-block,taf,binary,256,2,0.0008368678390979,ok
single-block,taf,binary,256,3,0.0008358163759112,ok
single-block,taf,binary,256,4,0.0008364487439393,ok
single-block,taf,binary,512,0,0.0010068016126751,ok
single-block,taf,binary,512,1,0.0009848829358816,ok
single-block,taf,binary,512,2,0.0010532569140195,ok
single-block,taf,binary,512,3,0.0009787455201148,ok
single-block,taf,binary,512,4,0.0009800512343645,ok
single-block,taf,binary,1024,0,0.0026013050228357,ok
single-block,taf,binary,1024,1,0.0025553572922945,ok
single-block,taf,binary,1024,2,0.0025363015010952,ok
single-block,taf,binary,1024,3,0.0025797057896852,ok
single-block,taf,binary,1024,4,0.0025309873744845,ok
single-block,taf,binary,2048,0,0.0039231171831488,ok
single-block,taf,binary,2048,1,0.0038630357012152,ok
single-block,taf,binary,2048,2,0.0038744071498513,ok
single-block,taf,binary,2048,3,0.0038836542516946,ok
single-block,taf,binary,2048,4,0.0038641039282083,ok
single-block,taf,binary,4096,0,0.0086125945672392,ok
single-block,taf,binary,4096,1,0.0086618978530168,ok
single-block,taf,binary,4096,2,0.0085563091561198,ok
single-block,taf,binary,4096,3,0.0085877897217869,ok
single-block,taf,binary,4096,4,0.0086407149210572,ok
single-block,taf,binary,8192,0,0.016614019870758,ok
single-block,taf,binary,8192,1,0.0163506492972373,ok
single-block,taf,binary,8192,2,0.0166201153770089,ok
single-block,taf,binary,8192,3,0.0164885390549898,ok
single-block,taf,binary,8192,4,0.0166476918384432,ok
single-block,taf,binary,16384,0,0.0357780857011675,ok
single-block,taf,binary,16384,1,0.0358748333528637,ok
single-block,taf,binary,16384,2,0.0360649423673749,ok
single-block,taf,binary,16384,3,0.0356991682201623,ok
single-block,taf,binary,16384,4,0.035673308186233,ok
single-block,taf,binary,32768,0,0.0712450854480266,ok
single-block,taf,binary,32768,1,0.070839780382812,ok
single-block,taf,binary,32768,2,0.0709136649966239,ok
single-block,taf,binary,32768,3,0.0711699426174163,ok
single-block,taf,binary,32768,4,0.0714973704889416,ok
single-block,taf,binary,65536,0,0.0884568579494953,ok
single-block,taf,binary,65536,1,0.088220908306539,ok
single-block,taf,binary,65536,2,0.0879964539781212,ok
single-block,taf,binary,65536,3,0.087614425458014,ok
single-block,taf,binary,65536,4,0.0887440852820873,ok
single-block,taf,binary,131072,0,0.2184791145846247,ok
single-block,taf,binary,131072,1,0.2159818122163415,ok
single-block,taf,binary,131072,2,0.218032862059772,ok
single-block,taf,binary,131072,3,0.2171256877481937,ok
single-block,taf,binary,131072,4,0.2176703969016671,ok
single-block,taf,binary,262144,0,0.4843193404376507,ok
single-block,taf,binary,262144,1,0.4865117110311985,ok
single-block,taf,binary,262144,2,0.4828773932531476,ok
single-block,taf,binary,262144,3,0.4856248702853918,ok
single-block,taf,binary,262144,4,0.4854861572384834,ok
single-block,taf,binary,524288,0,1.2161396006122231,ok
single-block,taf,binary,524288,1,1.2187652327120304,ok
single-block,taf,binary,524288,2,1.2152081858366728,ok
single-block,taf,binary,524288,3,1.21136830188334,ok
single-block,taf,binary,524288,4,1.2096183756366372,ok
single-block,taf,binary,1048576,0,1.9153060028329487,ok
single-block,taf,binary,1048576,1,1.9455949142575264,ok
single-block,taf,binary,1048576,2,1.914880022406578,ok
single-block,taf,binary,1048576,3,1.925854169763625,ok
single-block,taf,binary,1048576,4,1.925327061675489,ok
single-block,td,binary,256,0,0.0004894342273473,ok
single-block,td,binary,256,1,0.0004440695047378,ok
single-block,td,binary,256,2,0.0004256153479218,ok
single-block,td,binary,256,3,0.000410315580666,ok
single-block,td,binary,256,4,0.0004140930250287,ok
single-block,td,binary,512,0,0.0004127658903598,ok
single-block,td,binary,512,1,0.0003950949758291,ok
single-block,td,binary,512,2,0.000381575897336,ok
single-block,td,binary,512,3,0.0004219925031065,ok
single-block,td,binary,512,4,0.0004202844575047,ok
single-block,td,binary,1024,0,0.0007533356547355,ok
single-block,td,binary,1024,1,0.0007229885086417,ok
single-block,td,binary,1024,2,0.0007174918428063,ok
single-block,td,binary,1024,3,0.0007635308429598,ok
single-block,td,binary,1024,4,0.0007179044187068,ok
single-block,td,binary,2048,0,0.0009927526116371,ok
single-block,td,binary,2048,1,0.0009759915992617,ok
single-block,td,binary,2048,2,0.0009699901565909,ok
single-block,td,binary,2048,3,0.0009555798023939,ok
single-block,td,binary,2048,4,0.0009668171405792,ok
single-block,td,binary,4096,0,0.0019107740372419,ok
single-block,td,binary,4096,1,0.0019167512655258,ok
single-block,td,binary,4096,2,0.0019020540639758,ok
single-block,td,binary,4096,3,0.0019811335951089,ok
single-block,td,binary,4096,4,0.0019503710791468,ok
single-block,td,binary,8192,0,0.0035352613776922,ok
single-block,td,binary,8192,1,0.0034603364765644,ok
single-block,td,binary,8192,2,0.0034333495423197,ok
single-block,td,binary,8192,3,0.0034504877403378,ok
single-block,td,binary,8192,4,0.0035189092159271,ok
single-block,td,binary,16384,0,0.0075876032933592,ok
single-block,td,binary,16384,1,0.0076910769566893,ok
single-block,td,binary,16384,2,0.007581622339785,ok
single-block,td,binary,16384,3,0.007639430463314,ok
single-block,td,binary,16384,4,0.007584192790091,ok
single-block,td,binary,32768,0,0.0150739923119544,ok
single-block,td,binary,32768,1,0.0147614637389779,ok
single-block,td,binary,32768,2,0.0149476006627082,ok
single-block,td,binary,32768,3,0.0147584779188036,ok
single-block,td,binary,32768,4,0.0149483159184455,ok
single-block,td,binary,65536,0,0.0187416272237896,ok
single-block,td,binary,65536,1,0.018950268626213,ok
single-block,td,binary,65536,2,0.0186784267425537,ok
single-block,td,binary,65536,3,0.0188176855444908,ok
single-block,td,binary,65536,4,0.018577042967081,ok
single-block,td,binary,131072,0,0.0461176885291934,ok
single-block,td,binary,131072,1,0.0453888922929763,ok
single-block,td,binary,131072,2,0.0461460510268807,ok
single-block,td,binary,131072,3,0.0454818150028586,ok
single-block,td,binary,131072,4,0.0461704907938838,ok
single-block,td,binary,262144,0,0.1004836838692426,ok
single-block,td,binary,262144,1,0.1013828832656145,ok
single-block,td,binary,262144,2,0.1000801399350166,ok
single-block,td,binary,262144,3,0.1012537591159343,ok
single-block,td,binary,262144,4,0.1001776680350303,ok
single-block,td,binary,524288,0,0.251772241666913,ok
single-block,td,binary,524288,1,0.2479580687358975,ok
single-block,td,binary,524288,2,0.2517213588580489,ok
single-block,td,binary,524288,3,0.2480686726048588,ok
single-block,td,binary,524288,4,0.2514226073399186,ok
single-block,td,binary,1048576,0,0.3994976719841361,ok
single-block,td,binary,1048576,1,0.4032976422458887,ok
single-block,td,binary,1048576,2,0.4002684615552425,ok
single-block,td,binary,1048576,3,0.404713811352849,ok
single-block,td,binary,1048576,4,0.4000750025734305,ok
single-block,tdir,binary,256,0,0.0005251644179224,ok
single-block,tdir,binary,256,1,0.0004002200439572,ok
single-block,tdir,binary,256,2,0.0004058182239532,ok
single-block,tdir,binary,256,3,0.0003874730318784,ok
single-block,tdir,binary,256,4,0.0004018498584628,ok
single-block,tdir,binary,512,0,0.0005605546757578,ok
single-block,tdir,binary,512,1,0.0004876805469393,ok
single-block,tdir,binary,512,2,0.0005440665408968,ok
single-block,tdir,binary,512,3,0.0004947558045387,ok
single-block,tdir,binary,512,4,0.0005304301157593,ok
single-block,tdir,binary,1024,0,0.0005331998690962,ok
single-block,tdir,binary,1024,1,0.000453152693808,ok
single-block,tdir,binary,1024,2,0.0004555648192763,ok
single-block,tdir,binary,1024,3,0.0004544835537672,ok
single-block,tdir,binary,1024,4,0.0004559094086289,ok
single-block,tdir,binary,2048,0,0.0007148068398237,ok
single-block,tdir,binary,2048,1,0.0006587440147995,ok
single-block,tdir,binary,2048,2,0.0006549041718244,ok
single-block,tdir,binary,2048,3,0.0006562015041708,ok
single-block,tdir,binary,2048,4,0.0006554434075951,ok
single-block,tdir,binary,4096,0,0.0008183009922504,ok
single-block,tdir,binary,4096,1,0.000754197128117,ok
single-block,tdir,binary,4096,2,0.0007652947679162,ok
single-block,tdir,binary,4096,3,0.0007510026916861,ok
single-block,tdir,binary,4096,4,0.0007497109472751,ok
single-block,tdir,binary,8192,0,0.0012540323659777,ok
single-block,tdir,binary,8192,1,0.0011955993250012,ok
single-block,tdir,binary,8192,2,0.0011527193710207,ok
single-block,tdir,binary,8192,3,0.0011527007445693,ok
single-block,tdir,binary,8192,4,0.001155980862677,ok
single-block,tdir,binary,16384,0,0.001571930013597,ok
single-block,tdir,binary,16384,1,0.0014411909505724,ok
single-block,tdir,binary,16384,2,0.0014417367056012,ok
single-block,tdir,binary,16384,3,0.0015195459127426,ok
single-block,tdir,binary,16384,4,0.0014615776017308,ok
single-block,tdir,binary,32768,0,0.0028993086889386,ok
single-block,tdir,binary,32768,1,0.0026970095932483,ok
single-block,tdir,binary,32768,2,0.0027057770639657,ok
single-block,tdir,binary,32768,3,0.0027039209380745,ok
single-block,tdir,binary,32768,4,0.0026655495166778,ok
single-block,tdir,binary,65536,0,0.0132383992895483,ok
single-block,tdir,binary,65536,1,0.0128245279192924,ok
single-block,tdir,binary,65536,2,0.0128566538915038,ok
single-block,tdir,binary,65536,3,0.0129390684887766,ok
single-block,tdir,binary,65536,4,0.0127725135535001,ok
single-block,tdir,binary,131072,0,0.0201485678553581,ok
single-block,tdir,binary,131072,1,0.019233570434153,ok
single-block,tdir,binary,131072,2,0.0194368865340948,ok
single-block,tdir,binary,131072,3,0.0191931081935763,ok
single-block,tdir,binary,131072,4,0.0193465184420347,ok
single-block,tdir,binary,262144,0,0.0322903105989098,ok
single-block,tdir,binary,262144,1,0.0305946925655007,ok
single-block,tdir,binary,262144,2,0.0305951265618205,ok
single-block,tdir,binary,262144,3,0.030818648636341,ok
single-block,tdir,binary,262144,4,0.0305725391954183,ok
single-block,tdir,binary,524288,0,0.0275562144815921,ok
single-block,tdir,binary,524288,1,0.0248886719346046,ok
single-block,tdir,binary,524288,2,0.0252854945138096,ok
single-block,tdir,binary,524288,3,0.0249698432162404,ok
single-block,tdir,binary,524288,4,0.0248858733102679,ok
single-block,tdir,binary,1048576,0,0.1321922056376934,ok
single-block,tdir,binary,1048576,1,0.1297719683498144,ok
single-block,tdir,binary,1048576,2,0.1289837947115302,ok
single-block,tdir,binary,1048576,3,0.129150197841227,ok
single-block,tdir,binary,1048576,4,0.129078104160726,ok
single-block,ttf,binary,256,0,0.000626285560429,ok
single-block,ttf,binary,256,1,0.0005570799112319,ok
single-block,ttf,binary,256,2,0.0005545811727643,ok
single-block,ttf,binary,256,3,0.000565230846405,ok
single-block,ttf,binary,256,4,0.0005888976156711,ok
single-block,ttf,binary,512,0,0.0006176466122269,ok
single-block,ttf,binary,512,1,0.0005755946040153,ok
single-block,ttf,binary,512,2,0.000574585981667,ok
single-block,ttf,binary,512,3,0.0005879774689674,ok
single-block,ttf,binary,512,4,0.0005755890160799,ok
single-block,ttf,binary,1024,0,0.0006817625835537,ok
single-block,ttf,binary,1024,1,0.0006413329392671,ok
single-block,ttf,binary,1024,2,0.0006534606218338,ok
single-block,ttf,binary,1024,3,0.0006980169564485,ok
single-block,ttf,binary,1024,4,0.0006487937644124,ok
single-block,ttf,binary,2048,0,0.0007541347295045,ok
single-block,ttf,binary,2048,1,0.0007143290713429,ok
single-block,ttf,binary,2048,2,0.0007111607119441,ok
single-block,ttf,binary,2048,3,0.0007134322077035,ok
single-block,ttf,binary,2048,4,0.000713400542736,ok
single-block,ttf,binary,4096,0,0.0009496947750449,ok
single-block,ttf,binary,4096,1,0.0009012166410684,ok
single-block,ttf,binary,4096,2,0.0009036036208271,ok
single-block,ttf,binary,4096,3,0.0009023919701576,ok
single-block,ttf,binary,4096,4,0.0008997786790132,ok
single-block,ttf,binary,8192,0,0.0013786889612674,ok
single-block,ttf,binary,8192,1,0.0012445980682969,ok
single-block,ttf,binary,8192,2,0.0013056378811597,ok
single-block,ttf,binary,8192,3,0.0012449640780687,ok
single-block,ttf,binary,8192,4,0.001251108944416,ok
single-block,ttf,binary,16384,0,0.0020913714542984,ok
single-block,ttf,binary,16384,1,0.0020435536280274,ok
single-block,ttf,binary,16384,2,0.0020763231441378,ok
single-block,ttf,binary,16384,3,0.0020425720140337,ok
single-block,ttf,binary,16384,4,0.0019810013473033,ok
single-block,ttf,binary,32768,0,0.0035769818350672,ok
single-block,ttf,binary,32768,1,0.0035290950909256,ok
single-block,ttf,binary,32768,2,0.0033830655738711,ok
single-block,ttf,binary,32768,3,0.003396900370717,ok
single-block,ttf,binary,32768,4,0.0034044338390231,ok
single-block,ttf,binary,65536,0,0.0052535524591803,ok
single-block,ttf,binary,65536,1,0.0047400314360857,ok
single-block,ttf,binary,65536,2,0.0047629717737436,ok
single-block,ttf,binary,65536,3,0.0047722207382321,ok
single-block,ttf,binary,65536,4,0.0047635603696107,ok
single-block,ttf,binary,131072,0,0.0110661135986447,ok
single-block,ttf,binary,131072,1,0.0102634914219379,ok
single-block,ttf,binary,131072,2,0.0103110764175653,ok
single-block,ttf,binary,131072,3,0.0103126624599099,ok
single-block,ttf,binary,131072,4,0.0104340435937047,ok
single-block,ttf,binary,262144,0,0.022788792848587,ok
single-block,ttf,binary,262144,1,0.0217005768790841,ok
single-block,ttf,binary,262144,2,0.0215282272547483,ok
single-block,ttf,binary,262144,3,0.0215945746749639,ok
single-block,ttf,binary,262144,4,0.021540192887187,ok
single-block,ttf,binary,524288,0,0.049363256432116,ok
single-block,ttf,binary,524288,1,0.0493613053113222,ok
single-block,ttf,binary,524288,2,0.0493726255372166,ok
single-block,ttf,binary,524288,3,0.0494598904624581,ok
single-block,ttf,binary,524288,4,0.0493439976125955,ok
single-block,ttf,binary,1048576,0,0.0966280782595276,ok
single-block,ttf,binary,1048576,1,0.0992514630779624,ok
single-block,ttf,binary,1048576,2,0.0993307260796427,ok
single-block,ttf,binary,1048576,3,0.0992530146613717,ok
single-block,ttf,binary,1048576,4,0.0994820473715663,ok
single-block,vus_pr,continuous,256,0,0.066039377823472,ok
single-block,vus_pr,continuous,256,1,0.0661273198202252,ok
single-block,vus_pr,continuous,256,2,0.066201957874,ok
single-block,vus_pr,continuous,256,3,0.0661795465275645,ok
single-block,vus_pr,continuous,256,4,0.0661578066647052,ok
single-block,vus_pr,continuous,512,0,0.0683929920196533,ok
single-block,vus_pr,continuous,512,1,0.0687160370871424,ok
single-block,vus_pr,continuous,512,2,0.0684388065710663,ok
single-block,vus_pr,continuous,512,3,0.0689307041466236,ok
single-block,vus_pr,continuous,512,4,0.0686151599511504,ok
single-block,vus_pr,continuous,1024,0,0.0702289305627346,ok
single-block,vus_pr,continuous,1024,1,0.070321274921298,ok
single-block,vus_pr,continuous,1024,2,0.0704342238605022,ok
single-block,vus_pr,continuous,1024,3,0.0705182505771517,ok
single-block,vus_pr,continuous,1024,4,0.0703906677663326,ok
single-block,vus_pr,continuous,2048,0,0.0746856136247515,ok
single-block,vus_pr,continuous,2048,1,0.0744712017476558,ok
single-block,vus_pr,continuous,2048,2,0.0744096636772155,ok
single-block,vus_pr,continuous,2048,3,0.0740972347557544,ok
single-block,vus_pr,continuous,2048,4,0.0743006495758891,ok
single-block,vus_pr,continuous,4096,0,0.0807788837701082,ok
single-block,vus_pr,continuous,4096,1,0.0810326226055622,ok
single-block,vus_pr,continuous,4096,2,0.0802918039262294,ok
single-block,vus_pr,continuous,4096,3,0.0801592674106359,ok
single-block,vus_pr,continuous,4096,4,0.0803344342857599,ok
single-block,vus_pr,continuous,8192,0,0.1045113252475857,ok
single-block,vus_pr,continuous,8192,1,0.1023525847122073,ok
single-block,vus_pr,continuous,8192,2,0.0978075796738267,ok
single-block,vus_pr,continuous,8192,3,0.0974306212738156,ok
single-block,vus_pr,continuous,8192,4,0.0976573741063475,ok
single-block,vus_pr,continuous,16384,0,0.1335937893018126,ok
single-block,vus_pr,continuous,16384,1,0.1275427639484405,ok
single-block,vus_pr,continuous,16384,2,0.1219398640096187,ok
single-block,vus_pr,continuous,16384,3,0.123211576603353,ok
single-block,vus_pr,continuous,16384,4,0.1228156620636582,ok
single-block,vus_pr,continuous,32768,0,0.1907357890158891,ok
single-block,vus_pr,continuous,32768,1,0.1897541414946317,ok
single-block,vus_pr,continuous,32768,2,0.1896554650738835,ok
single-block,vus_pr,continuous,32768,3,0.190695434808731,ok
single-block,vus_pr,continuous,32768,4,0.189953226596117,ok
single-block,vus_pr,continuous,65536,0,0.3137105330824852,ok
single-block,vus_pr,continuous,65536,1,0.3147346014156937,ok
single-block,vus_pr,continuous,65536,2,0.3134677680209279,ok
single-block,vus_pr,continuous,65536,3,0.3136992789804935,ok
single-block,vus_pr,continuous,65536,4,0.3141188528388738,ok
single-block,vus_pr,continuous,131072,0,0.8255065446719527,ok
single-block,vus_pr,continuous,131072,1,0.8289389591664076,ok
single-block,vus_pr,continuous,131072,2,0.8291296111419797,ok
single-block,vus_pr,continuous,131072,3,0.8289803955703974,ok
single-block,vus_pr,continuous,131072,4,0.8301803404465318,ok
single-block,vus_pr,continuous,262144,0,1.5473042000085115,ok
single-block,vus_pr,continuous,262144,1,1.5473980205133555,ok
single-block,vus_pr,continuous,262144,2,1.5478144157677889,ok
single-block,vus_pr,continuous,262144,3,1.546844624914229,ok
single-block,vus_pr,continuous,262144,4,1.547219993546605,ok
single-block,vus_pr,continuous,524288,0,2.9806689200922847,ok
single-block,vus_pr,continuous,524288,1,2.9709925670176744,ok
single-block,vus_pr,continuous,524288,2,2.961355844512582,ok
single-block,vus_pr,continuous,524288,3,2.9672411400824785,ok
single-block,vus_pr,continuous,524288,4,2.962545399554074,ok
single-block,vus_pr,continuous,1048576,0,6.139738751575351,ok
single-block,vus_pr,continuous,1048576,1,6.104921808466315,ok
single-block,vus_pr,continuous,1048576,2,6.1139605501666665,ok
single-block,vus_pr,continuous,1048576,3,6.125568491406739,ok
single-block,vus_pr,continuous,1048576,4,6.124716392718256,ok
single-block,vus_roc,continuous,256,0,0.0655667688697576,ok
single-block,vus_roc,continuous,256,1,0.065820344723761,ok
single-block,vus_roc,continuous,256,2,0.0658406894654035,ok
single-block,vus_roc,continuous,256,3,0.065624819137156,ok
single-block,vus_roc,continuous,256,4,0.0657067820429802,ok
single-block,vus_roc,continuous,512,0,0.0684843249619007,ok
single-block,vus_roc,continuous,512,1,0.0679605463519692,ok
single-block,vus_roc,continuous,512,2,0.0681375339627265,ok
single-block,vus_roc,continuous,512,3,0.0683217234909534,ok
single-block,vus_roc,continuous,512,4,0.0683257644996047,ok
single-block,vus_roc,continuous,1024,0,0.0699707176536321,ok
single-block,vus_roc,continuous,1024,1,0.070352884940803,ok
single-block,vus_roc,continuous,1024,2,0.070209409110248,ok
single-block,vus_roc,continuous,1024,3,0.0701403617858886,ok
single-block,vus_roc,continuous,1024,4,0.0700982538983225,ok
single-block,vus_roc,continuous,2048,0,0.0745979370549321,ok
single-block,vus_roc,continuous,2048,1,0.0743857212364673,ok
single-block,vus_roc,continuous,2048,2,0.0742300506681203,ok
single-block,vus_roc,continuous,2048,3,0.0742372153326869,ok
single-block,vus_roc,continuous,2048,4,0.0744451461359858,ok
single-block,vus_roc,continuous,4096,0,0.0811043800786137,ok
single-block,vus_roc,continuous,4096,1,0.0802404172718525,ok
single-block,vus_roc,continuous,4096,2,0.0800946271046996,ok
single-block,vus_roc,continuous,4096,3,0.0800121268257498,ok
single-block,vus_roc,continuous,4096,4,0.0803219536319375,ok
single-block,vus_roc,continuous,8192,0,0.098657576367259,ok
single-block,vus_roc,continuous,8192,1,0.0972037063911557,ok
single-block,vus_roc,continuous,8192,2,0.0974068325012922,ok
single-block,vus_roc,continuous,8192,3,0.0977259632200002,ok
single-block,vus_roc,continuous,8192,4,0.0974728455767035,ok
single-block,vus_roc,continuous,16384,0,0.1226133722811937,ok
single-block,vus_roc,continuous,16384,1,0.1237527839839458,ok
single-block,vus_roc,continuous,16384,2,0.1226281654089689,ok
single-block,vus_roc,continuous,16384,3,0.1224752264097333,ok
single-block,vus_roc,continuous,16384,4,0.1225183606147766,ok
single-block,vus_roc,continuous,32768,0,0.1906166728585958,ok
single-block,vus_roc,continuous,32768,1,0.1898250179365277,ok
single-block,vus_roc,continuous,32768,2,0.1895079715177416,ok
single-block,vus_roc,continuous,32768,3,0.1896520853042602,ok
single-block,vus_roc,continuous,32768,4,0.189628423191607,ok
single-block,vus_roc,continuous,65536,0,0.3139680009335279,ok
single-block,vus_roc,continuous,65536,1,0.3139270199462771,ok
single-block,vus_roc,continuous,65536,2,0.3139636954292655,ok
single-block,vus_roc,continuous,65536,3,0.313535425812006,ok
single-block,vus_roc,continuous,65536,4,0.314012860879302,ok
single-block,vus_roc,continuous,131072,0,0.8379351990297437,ok
single-block,vus_roc,continuous,131072,1,0.8286754740402102,ok
single-block,vus_roc,continuous,131072,2,0.829686981625855,ok
single-block,vus_roc,continuous,131072,3,0.8286331072449684,ok
single-block,vus_roc,continuous,131072,4,0.8306930335238576,ok
single-block,vus_roc,continuous,262144,0,1.545161660760641,ok
single-block,vus_roc,continuous,262144,1,1.5492646163329482,ok
single-block,vus_roc,continuous,262144,2,1.5447808764874935,ok
single-block,vus_roc,continuous,262144,3,1.5436016405001285,ok
single-block,vus_roc,continuous,262144,4,1.547054285183549,ok
single-block,vus_roc,continuous,524288,0,2.968528725206852,ok
single-block,vus_roc,continuous,524288,1,2.9581747762858868,ok
single-block,vus_roc,continuous,524288,2,3.008272043429315,ok
single-block,vus_roc,continuous,524288,3,3.027488556690514,ok
single-block,vus_roc,continuous,524288,4,2.958238541148603,ok
single-block,vus_roc,continuous,1048576,0,6.116301504895091,ok
single-block,vus_roc,continuous,1048576,1,6.192471389658749,ok
single-block,vus_roc,continuous,1048576,2,6.1734036868438125,ok
single-block,vus_roc,continuous,1048576,3,6.118961991742253,ok
single-block,vus_roc,continuous,1048576,4,6.118177735246718,ok
single-block,wdd,binary,256,0,0.0026497682556509,ok
single-block,wdd,binary,256,1,0.0024347566068172,ok
single-block,wdd,binary,256,2,0.002495564520359,ok
single-block,wdd,binary,256,3,0.002449139021337,ok
single-block,wdd,binary,256,4,0.0024068634957075,ok
single-block,wdd,binary,512,0,0.004565960727632,ok
single-block,wdd,binary,512,1,0.0045203296467661,ok
single-block,wdd,binary,512,2,0.0045851217582821,ok
single-block,wdd,binary,512,3,0.0044886395335197,ok
single-block,wdd,binary,512,4,0.0045561743900179,ok
single-block,wdd,binary,1024,0,0.0086808325722813,ok
single-block,wdd,binary,1024,1,0.0085762310773134,ok
single-block,wdd,binary,1024,2,0.00851187761873,ok
single-block,wdd,binary,1024,3,0.0087172240018844,ok
single-block,wdd,binary,1024,4,0.0084199160337448,ok
single-block,wdd,binary,2048,0,0.0169023480266332,ok
single-block,wdd,binary,2048,1,0.0168053479865193,ok
single-block,wdd,binary,2048,2,0.0165194980800151,ok
single-block,wdd,binary,2048,3,0.0164158707484602,ok
single-block,wdd,binary,2048,4,0.0168394912034273,ok
single-block,wdd,binary,4096,0,0.0331310285255312,ok
single-block,wdd,binary,4096,1,0.0327829495072364,ok
single-block,wdd,binary,4096,2,0.0326266083866357,ok
single-block,wdd,binary,4096,3,0.0328401029109954,ok
single-block,wdd,binary,4096,4,0.0326183689758181,ok
single-block,wdd,binary,8192,0,0.064930859953165,ok
single-block,wdd,binary,8192,1,0.0659245774149894,ok
single-block,wdd,binary,8192,2,0.0649364115670323,ok
single-block,wdd,binary,8192,3,0.0651941690593957,ok
single-block,wdd,binary,8192,4,0.0650902250781655,ok
single-block,wdd,binary,16384,0,0.1304569989442825,ok
single-block,wdd,binary,16384,1,0.130340133793652,ok
single-block,wdd,binary,16384,2,0.1299074394628405,ok
single-block,wdd,binary,16384,3,0.1300816750153899,ok
single-block,wdd,binary,16384,4,0.1299434565007686,ok
single-block,wdd,binary,32768,0,0.2596396934241056,ok
single-block,wdd,binary,32768,1,0.2582658035680651,ok
single-block,wdd,binary,32768,2,0.2600807473063469,ok
single-block,wdd,binary,32768,3,0.2584340944886207,ok
single-block,wdd,binary,32768,4,0.2564597874879837,ok
single-block,wdd,binary,65536,0,0.5203521493822336,ok
single-block,wdd,binary,65536,1,0.5135624762624502,ok
single-block,wdd,binary,65536,2,0.5168118569999933,ok
single-block,wdd,binary,65536,3,0.516905527561903,ok
single-block,wdd,binary,65536,4,0.5158567307516932,ok
single-block,wdd,binary,131072,0,1.0370393376797438,ok
single-block,wdd,binary,131072,1,1.0289754206314683,ok
single-block,wdd,binary,131072,2,1.0324641978368163,ok
single-block,wdd,binary,131072,3,1.0294468943029642,ok
single-block,wdd,binary,131072,4,1.029058049432933,ok
single-block,wdd,binary,262144,0,2.0779016967862844,ok
single-block,wdd,binary,262144,1,2.064185852184892,ok
single-block,wdd,binary,262144,2,2.0606106342747808,ok
single-block,wdd,binary,262144,3,2.05462287273258,ok
single-block,wdd,binary,262144,4,2.0573249459266663,ok
single-block,wdd,binary,524288,0,4.137626052834094,ok
single-block,wdd,binary,524288,1,4.11613576579839,ok
single-block,wdd,binary,524288,2,4.130278456024826,ok
single-block,wdd,binary,524288,3,4.127434464171529,ok
single-block,wdd,binary,524288,4,4.13732267357409,ok
single-block,wdd,binary,1048576,0,8.305383512750268,ok
single-block,wdd,binary,1048576,1,8.293758968822658,ok
single-block,wdd,binary,1048576,2,8.285156700760126,ok
single-block,wdd,binary,1048576,3,8.25323243625462,ok
single-block,wdd,binary,1048576,4,8.266485013999045,ok
